"ComplementLabels","Suite name","Test name"
"yekpdfp0110a0_ckdg1000_r|yekpdfp0100a0_ckdg1000_r"
"yekpdfp0111a0_ckdg1000_r|yekpdfp0101a0_ckdg1000_r"
"yekpdfp0112a0_ckdg1000_r|yekpdfp0102a0_ckdg1000_r"
"yekpdfp0113a0_ckdg1000_r|yekpdfp0103a0_ckdg1000_r"
"yekpdfp0114a0_ckdg1000_r|yekpdfp0104a0_ckdg1000_r"
"yekpdfp0115a0_ckdg1000_r|yekpdfp0105a0_ckdg1000_r"
"yekpdfp0130a0_ckdg1000_r|yekpdfp0120a0_ckdg1000_r"
"yekpdfp0131a0_ckdg1000_r|yekpdfp0121a0_ckdg1000_r"
"yekpdfp0132a0_ckdg1000_r|yekpdfp0122a0_ckdg1000_r"
"yekpdfp0133a0_ckdg1000_r|yekpdfp0123a0_ckdg1000_r"
"yekpdfp0134a0_ckdg1000_r|yekpdfp0124a0_ckdg1000_r"
"yekpdfp0135a0_ckdg1000_r|yekpdfp0125a0_ckdg1000_r"
"yekpdfp0210a0_ckdg1000_r|yekpdfp0200a0_ckdg1000_r"
"yekpdfp0211a0_ckdg1000_r|yekpdfp0201a0_ckdg1000_r"
"yekpdfp0212a0_ckdg1000_r|yekpdfp0202a0_ckdg1000_r"
"yekpdfp0213a0_ckdg1000_r|yekpdfp0203a0_ckdg1000_r"
"yekpdfp0214a0_ckdg1000_r|yekpdfp0204a0_ckdg1000_r"
"yekpdfp0215a0_ckdg1000_r|yekpdfp0205a0_ckdg1000_r"
"yekpdfp0230a0_ckdg1000_r|yekpdfp0220a0_ckdg1000_r"
"yekpdfp0231a0_ckdg1000_r|yekpdfp0221a0_ckdg1000_r"
"yekpdfp0232a0_ckdg1000_r|yekpdfp0222a0_ckdg1000_r"
"yekpdfp0233a0_ckdg1000_r|yekpdfp0223a0_ckdg1000_r"
"yekpdfp0234a0_ckdg1000_r|yekpdfp0224a0_ckdg1000_r"
"yekpdfp0235a0_ckdg1000_r|yekpdfp0225a0_ckdg1000_r"
"yekpdfp1110a0_ckdg1000_r|yekpdfp1100a0_ckdg1000_r"
"yekpdfp1111a0_ckdg1000_r|yekpdfp1101a0_ckdg1000_r"
"yekpdfp1112a0_ckdg1000_r|yekpdfp1102a0_ckdg1000_r"
"yekpdfp1113a0_ckdg1000_r|yekpdfp1103a0_ckdg1000_r"
"yekpdfp1114a0_ckdg1000_r|yekpdfp1104a0_ckdg1000_r"
"yekpdfp1115a0_ckdg1000_r|yekpdfp1105a0_ckdg1000_r"
"yekpdfp1130a0_ckdg1000_r|yekpdfp1120a0_ckdg1000_r"
"yekpdfp1131a0_ckdg1000_r|yekpdfp1121a0_ckdg1000_r"
"yekpdfp1132a0_ckdg1000_r|yekpdfp1122a0_ckdg1000_r"
"yekpdfp1133a0_ckdg1000_r|yekpdfp1123a0_ckdg1000_r"
"yekpdfp1134a0_ckdg1000_r|yekpdfp1124a0_ckdg1000_r"
"yekpdfp1135a0_ckdg1000_r|yekpdfp1125a0_ckdg1000_r"
"yekpdfp1210a0_ckdg1000_r|yekpdfp1200a0_ckdg1000_r"
"yekpdfp1211a0_ckdg1000_r|yekpdfp1201a0_ckdg1000_r"
"yekpdfp1212a0_ckdg1000_r|yekpdfp1202a0_ckdg1000_r"
"yekpdfp1213a0_ckdg1000_r|yekpdfp1203a0_ckdg1000_r"
"yekpdfp1214a0_ckdg1000_r|yekpdfp1204a0_ckdg1000_r"
"yekpdfp1215a0_ckdg1000_r|yekpdfp1205a0_ckdg1000_r"
"yekpdfp1230a0_ckdg1000_r|yekpdfp1220a0_ckdg1000_r"
"yekpdfp1231a0_ckdg1000_r|yekpdfp1221a0_ckdg1000_r"
"yekpdfp1232a0_ckdg1000_r|yekpdfp1222a0_ckdg1000_r"
"yekpdfp1233a0_ckdg1000_r|yekpdfp1223a0_ckdg1000_r"
"yekpdfp1234a0_ckdg1000_r|yekpdfp1224a0_ckdg1000_r"
"yekpdfp1235a0_ckdg1000_r|yekpdfp1225a0_ckdg1000_r"
"yekpdfp0110b0_ckdg1000_r|yekpdfp0100b0_ckdg1000_r"
"yekpdfp0111b0_ckdg1000_r|yekpdfp0101b0_ckdg1000_r"
"yekpdfp0112b0_ckdg1000_r|yekpdfp0102b0_ckdg1000_r"
"yekpdfp0113b0_ckdg1000_r|yekpdfp0103b0_ckdg1000_r"
"yekpdfp0114b0_ckdg1000_r|yekpdfp0104b0_ckdg1000_r"
"yekpdfp0115b0_ckdg1000_r|yekpdfp0105b0_ckdg1000_r"
"yekpdfp0130b0_ckdg1000_r|yekpdfp0120b0_ckdg1000_r"
"yekpdfp0131b0_ckdg1000_r|yekpdfp0121b0_ckdg1000_r"
"yekpdfp0132b0_ckdg1000_r|yekpdfp0122b0_ckdg1000_r"
"yekpdfp0133b0_ckdg1000_r|yekpdfp0123b0_ckdg1000_r"
"yekpdfp0134b0_ckdg1000_r|yekpdfp0124b0_ckdg1000_r"
"yekpdfp0135b0_ckdg1000_r|yekpdfp0125b0_ckdg1000_r"
"yekpdfp0210b0_ckdg1000_r|yekpdfp0200b0_ckdg1000_r"
"yekpdfp0211b0_ckdg1000_r|yekpdfp0201b0_ckdg1000_r"
"yekpdfp0212b0_ckdg1000_r|yekpdfp0202b0_ckdg1000_r"
"yekpdfp0213b0_ckdg1000_r|yekpdfp0203b0_ckdg1000_r"
"yekpdfp0214b0_ckdg1000_r|yekpdfp0204b0_ckdg1000_r"
"yekpdfp0215b0_ckdg1000_r|yekpdfp0205b0_ckdg1000_r"
"yekpdfp0230b0_ckdg1000_r|yekpdfp0220b0_ckdg1000_r"
"yekpdfp0231b0_ckdg1000_r|yekpdfp0221b0_ckdg1000_r"
"yekpdfp0232b0_ckdg1000_r|yekpdfp0222b0_ckdg1000_r"
"yekpdfp0233b0_ckdg1000_r|yekpdfp0223b0_ckdg1000_r"
"yekpdfp0234b0_ckdg1000_r|yekpdfp0224b0_ckdg1000_r"
"yekpdfp0235b0_ckdg1000_r|yekpdfp0225b0_ckdg1000_r"
"yekpdfp1110b0_ckdg1000_r|yekpdfp1100b0_ckdg1000_r"
"yekpdfp1111b0_ckdg1000_r|yekpdfp1101b0_ckdg1000_r"
"yekpdfp1112b0_ckdg1000_r|yekpdfp1102b0_ckdg1000_r"
"yekpdfp1113b0_ckdg1000_r|yekpdfp1103b0_ckdg1000_r"
"yekpdfp1114b0_ckdg1000_r|yekpdfp1104b0_ckdg1000_r"
"yekpdfp1115b0_ckdg1000_r|yekpdfp1105b0_ckdg1000_r"
"yekpdfp1130b0_ckdg1000_r|yekpdfp1120b0_ckdg1000_r"
"yekpdfp1131b0_ckdg1000_r|yekpdfp1121b0_ckdg1000_r"
"yekpdfp1132b0_ckdg1000_r|yekpdfp1122b0_ckdg1000_r"
"yekpdfp1133b0_ckdg1000_r|yekpdfp1123b0_ckdg1000_r"
"yekpdfp1134b0_ckdg1000_r|yekpdfp1124b0_ckdg1000_r"
"yekpdfp1135b0_ckdg1000_r|yekpdfp1125b0_ckdg1000_r"
"yekpdfp1210b0_ckdg1000_r|yekpdfp1200b0_ckdg1000_r"
"yekpdfp1211b0_ckdg1000_r|yekpdfp1201b0_ckdg1000_r"
"yekpdfp1212b0_ckdg1000_r|yekpdfp1202b0_ckdg1000_r"
"yekpdfp1213b0_ckdg1000_r|yekpdfp1203b0_ckdg1000_r"
"yekpdfp1214b0_ckdg1000_r|yekpdfp1204b0_ckdg1000_r"
"yekpdfp1215b0_ckdg1000_r|yekpdfp1205b0_ckdg1000_r"
"yekpdfp1230b0_ckdg1000_r|yekpdfp1220b0_ckdg1000_r"
"yekpdfp1231b0_ckdg1000_r|yekpdfp1221b0_ckdg1000_r"
"yekpdfp1232b0_ckdg1000_r|yekpdfp1222b0_ckdg1000_r"
"yekpdfp1233b0_ckdg1000_r|yekpdfp1223b0_ckdg1000_r"
"yekpdfp1234b0_ckdg1000_r|yekpdfp1224b0_ckdg1000_r"
"yekpdfp1235b0_ckdg1000_r|yekpdfp1225b0_ckdg1000_r"
"yekpdfp0000a0_ckdg1000_r|yekpdfp0010a0_ckdg1000_r"
"yekpdfp0020a0_ckdg1000_r|yekpdfp0030a0_ckdg1000_r"
"yekpdfp0001a0_ckdg1000_r|yekpdfp0011a0_ckdg1000_r"
"yekpdfp0021a0_ckdg1000_r|yekpdfp0031a0_ckdg1000_r"
"yekpdfp0002a0_ckdg1000_r|yekpdfp0012a0_ckdg1000_r"
"yekpdfp0022a0_ckdg1000_r|yekpdfp0032a0_ckdg1000_r"
"yekpdfp0003a0_ckdg1000_r|yekpdfp0013a0_ckdg1000_r"
"yekpdfp0023a0_ckdg1000_r|yekpdfp0033a0_ckdg1000_r"
"yekpdfp0004a0_ckdg1000_r|yekpdfp0014a0_ckdg1000_r"
"yekpdfp0024a0_ckdg1000_r|yekpdfp0034a0_ckdg1000_r"
"yekpdfp0005a0_ckdg1000_r|yekpdfp0015a0_ckdg1000_r"
"yekpdfp0025a0_ckdg1000_r|yekpdfp0035a0_ckdg1000_r"
"yekpdfp0006a0_ckdg1000_r|yekpdfp0016a0_ckdg1000_r"
"yekpdfp0026a0_ckdg1000_r|yekpdfp0036a0_ckdg1000_r"
"yekpdfp0007a0_ckdg1000_r|yekpdfp0017a0_ckdg1000_r"
"yekpdfp0027a0_ckdg1000_r|yekpdfp0037a0_ckdg1000_r"
"yekpdfp0008a0_ckdg1000_r|yekpdfp0018a0_ckdg1000_r"
"yekpdfp0028a0_ckdg1000_r|yekpdfp0038a0_ckdg1000_r"
"yekpdfp0000b0_ckdg1000_r|yekpdfp0010b0_ckdg1000_r"
"yekpdfp0020b0_ckdg1000_r|yekpdfp0030b0_ckdg1000_r"
"yekpdfp0001b0_ckdg1000_r|yekpdfp0011b0_ckdg1000_r"
"yekpdfp0021b0_ckdg1000_r|yekpdfp0031b0_ckdg1000_r"
"yekpdfp0002b0_ckdg1000_r|yekpdfp0012b0_ckdg1000_r"
"yekpdfp0022b0_ckdg1000_r|yekpdfp0032b0_ckdg1000_r"
"yekpdfp0003b0_ckdg1000_r|yekpdfp0013b0_ckdg1000_r"
"yekpdfp0023b0_ckdg1000_r|yekpdfp0033b0_ckdg1000_r"
"yekpdfp0004b0_ckdg1000_r|yekpdfp0014b0_ckdg1000_r"
"yekpdfp0024b0_ckdg1000_r|yekpdfp0034b0_ckdg1000_r"
"yekpdfp0005b0_ckdg1000_r|yekpdfp0015b0_ckdg1000_r"
"yekpdfp0025b0_ckdg1000_r|yekpdfp0035b0_ckdg1000_r"
"yekpdfp0006b0_ckdg1000_r|yekpdfp0016b0_ckdg1000_r"
"yekpdfp0026b0_ckdg1000_r|yekpdfp0036b0_ckdg1000_r"
"yekpdfp0007b0_ckdg1000_r|yekpdfp0017b0_ckdg1000_r"
"yekpdfp0027b0_ckdg1000_r|yekpdfp0037b0_ckdg1000_r"
"yekpdfp0008b0_ckdg1000_r|yekpdfp0018b0_ckdg1000_r"
"yekpdfp0028b0_ckdg1000_r|yekpdfp0038b0_ckdg1000_r"
