"GroupName","InstName","CTLR","Chain","FROM","RowStart","ColStart","RowStop","ColStop","RowSize","InstBits","MemIndex","PreRead","ECC","Protect","Repair","BitMask","BitOrder","InstData","FT_ROM_CODE","Suite name","Test name"
"TITechnology","","1","","","","","","","","","","","","","","","","SR80",""
"TIRedundantRows","","1","","","","","","","","","","","","","","","","4",""
"FF_Read_Mg1","","1","","","","","","","","","","","","","","","","Read_Norm_MPB,efuse_Read_Program",""
"FF_Read_Mg1a","","1","","","","","","","","","","","","","","","","Read_Norm_MPB,efuse_Read_Program",""
"FF_Read_Norm","","1","","","","","","","","","","","","","","","","Read_Norm_MPB,efuse_Read_Program",""
"FF_Program_Mg1","","1","","","","","","","","","","","","","","","","Program_Mg1A_MPB,efuse_Read_Program",""
"FF_Program_Mg1a","","1","","","","","","","","","","","","","","","","Program_Mg1A_MPB,efuse_Read_Program",""
"","TIRepairRow","1","","0","0","0","0","24","25","25","","","","","","","","",""
"","TIRepairRow","1","","0","1","0","1","24","25","25","","","","","","","","",""
"","TIRepairRow","1","","0","2","0","2","24","25","25","","","","","","","","",""
"","TIRepairRow","1","","0","3","0","3","24","25","25","","","","","","","","",""
"","TIFuseChainAddr","1","","0","4","0","4","12","25","13","","2","","","","","","0b0000000001000",""
"","TIFuseChainAddr","1","","0","5","0","5","12","25","13","","2","","","","","","0b0000100000100",""
"","TIFuseChainAddr","1","","0","6","0","6","12","25","13","","2","","","","","","0b0001000000100",""
"","TIFuseChainAddr","1","","0","7","0","7","12","25","13","","2","","","","","","0b0001110000100",""
"","TIDieID","1","0","0","8","0","13","2","25","128","","","","0","","","","",""
"","Padding_DieID","1","0","0","13","3","13","24","25","22","","","","","","","","",""
"","SEC_DTYPE","1","0","0","14","0","14","7","25","8","","","","","","","","",""
"","Secure_Reserved","1","0","0","14","8","15","24","25","42","","","","","","","","",""
"","SEC_KEK","1","0","0","16","0","26","5","25","256","","","","","","","","",""
"","Padding_KEK","1","0","0","26","6","26","24","25","19","","","","","","","","",""
"","SEC_MPK","1","0","0","27","0","37","5","25","256","","","","","","","","",""
"","Padding_MPK","1","0","0","37","6","37","24","25","19","","","","","","","","",""
"","SEC_CHKSUM_KEK","1","0","0","38","0","38","15","25","16","","","","","","","","",""
"","SEC_CHKSUM_RESERVED","1","0","0","38","16","39","6","25","16","","","","","","","","",""
"","SEC_CHKSUM_MPK","1","0","0","39","7","40","13","25","32","","","","","","","","",""
"","SEC_ROMSIZE","1","0","0","40","14","40","19","25","6","","","","","","","","",""
"","SEC_ROMOFFSET","1","0","0","40","20","40","23","25","4","","","","","","","","",""
"","SEC_ARMOFFSET","1","0","0","40","24","41","2","25","4","","","","","","","","",""
"","EF_Reserved0_A","1","0","0","41","3","41","6","25","4","","","","","","","","",""
"","DEVSPEED","1","0","0","41","7","41","18","25","12","","","","","","","","",""
"","EF_Reserved0_B","1","0","0","41","19","41","22","25","4","","","","","","","","",""
"","ARMSPEED","1","0","0","41","23","42","9","25","12","","","","","","","","",""
"","EF_Reserved1","1","0","0","42","10","43","16","25","32","","","","","","","","",""
"","EF_Reserved2_A","1","0","0","43","17","43","20","25","4","","","","","","","","",""
"","DEVSPEED2","1","0","0","43","21","44","7","25","12","","","","","","","","",""
"","EF_Reserved2_B","1","0","0","44","8","44","11","25","4","","","","","","","","",""
"","ARMSPEED2","1","0","0","44","12","44","23","25","12","","","","","","","","",""
"","EMACID_INFO","1","0","0","44","24","47","12","25","64","","","","","","","","",""
"","SEC_CHKSUM0","1","0","0","47","13","48","19","25","32","","","","","","","","",""
"","SEC_CHKSUM1","1","0","0","48","20","50","1","25","32","","","","","","","","",""
"","EF_TDIODE","1","0","0","50","2","51","8","25","32","","","","","","","","",""
"","EF_RM0_MSMC","1","0","0","52","5","52","5","25","1","","","","","","","","",""
"","EF_RM1_MSMC","1","0","0","53","4","53","4","25","1","","","","","","","","",""
"","EF_RM2_MSMC","1","0","0","54","3","54","3","25","1","","","","","","","","",""
"","EF_RM3_MSMC","1","0","0","55","2","55","2","25","1","","","","","","","","",""
"","EF_GEM_RTA_BC1","1","0","0","55","5","55","5","25","1","","","","","","","","",""
"","EF_GEM_RTA_BC2","1","0","0","55","6","55","6","25","1","","","","","","","","",""
"","EF_MSMC_RTA_BC1","1","0","0","55","7","55","7","25","1","","","","","","","","",""
"","EF_MSMC_RTA_BC2","1","0","0","55","8","55","8","25","1","","","","","","","","",""
"","EF_TETRIS_RTA_BC1","1","0","0","55","9","55","9","25","1","","","","","","","","",""
"","EF_TETRIS_RTA_BC2","1","0","0","55","10","55","10","25","1","","","","","","","","",""
"","EF_RF1_RTA_BC1","1","0","0","55","11","55","11","25","1","","","","","","","","",""
"","EF_RF1_RTA_BC2","1","0","0","55","12","55","12","25","1","","","","","","","","",""
"","EF_RF2_RTA_BC1","1","0","0","55","13","55","13","25","1","","","","","","","","",""
"","EF_RF2_RTA_BC2","1","0","0","55","14","55","14","25","1","","","","","","","","",""
"","EF_SPARE_RTA_BC","1","0","0","55","15","55","16","25","2","","","","","","","","",""
"","SEC_CRYPTO","1","0","0","55","17","55","17","25","1","","","","","","","","",""
"","EF_PSC_OVRIDE","1","0","0","55","18","55","18","25","1","","","","","","","","",""
"","EF_PDC_RAMSLEEP","1","0","0","55","19","55","20","25","2","","","","","","","","",""
"","TMON1_FUSEOFFSET","1","0","0","55","21","56","5","25","10","","","","","","","","",""
"","TMON1_FUSECYC","1","0","0","56","6","56","16","25","11","","","","","","","","",""
"","TMON0_FUSEOFFSET","1","0","0","56","17","57","1","25","10","","","","","","","","",""
"","TMON0_FUSECYC","1","0","0","57","2","57","12","25","11","","","","","","","","",""
"","TMON_THPT_CONFIG","1","0","0","57","13","58","23","25","36","","","","","","","","",""
"","EF_1500_DISABLE","1","0","0","58","24","58","24","25","1","","","","","","","","",""
"","ARM_SRCLASS0","1","0","0","59","0","60","6","25","32","","","","","","","","",""
"","ARM_SRC3_SEN0_OPP0","1","0","0","60","7","61","13","25","32","","","","","","","","",""
"","ARM_SRC3_SEN0_OPP1","1","0","0","61","14","62","20","25","32","","","","","","","","",""
"","ARM_SRC3_SEN0_OPP2","1","0","0","62","21","64","2","25","32","","","","","","","","",""
"","ARM_SRC3_SEN0_OPP3","1","0","0","64","3","65","9","25","32","","","","","","","","",""
"","ARM_SRC3_SEN1_OPP0","1","0","0","65","10","66","16","25","32","","","","","","","","",""
"","ARM_SRC3_SEN1_OPP1","1","0","0","66","17","67","23","25","32","","","","","","","","",""
"","ARM_SRC3_SEN1_OPP2","1","0","0","67","24","69","5","25","32","","","","","","","","",""
"","ARM_SRC3_SEN1_OPP3","1","0","0","69","6","70","12","25","32","","","","","","","","",""
"","ARM_SRC3_SEN2_OPP0","1","0","0","70","13","71","19","25","32","","","","","","","","",""
"","ARM_SRC3_SEN2_OPP1","1","0","0","71","20","73","1","25","32","","","","","","","","",""
"","ARM_SRC3_SEN2_OPP2","1","0","0","73","2","74","8","25","32","","","","","","","","",""
"","ARM_SRC3_SEN2_OPP3","1","0","0","74","9","75","15","25","32","","","","","","","","",""
"","ARM_SRC3_SEN3_OPP0","1","0","0","75","16","76","22","25","32","","","","","","","","",""
"","ARM_SRC3_SEN3_OPP1","1","0","0","76","23","78","4","25","32","","","","","","","","",""
"","ARM_SRC3_SEN3_OPP2","1","0","0","78","5","79","11","25","32","","","","","","","","",""
"","ARM_SRC3_SEN3_OPP3","1","0","0","79","12","80","18","25","32","","","","","","","","",""
"","SOC_SRCLASS0","1","0","0","80","19","82","0","25","32","","","","","","","","",""
"","SOC_SRC3_SEN0_OPP0","1","0","0","82","1","83","7","25","32","","","","","","","","",""
"","SOC_SRC3_SEN0_OPP1","1","0","0","83","8","84","14","25","32","","","","","","","","",""
"","SOC_SRC3_SEN0_OPP2","1","0","0","84","15","85","21","25","32","","","","","","","","",""
"","SOC_SRC3_SEN0_OPP3","1","0","0","85","22","87","3","25","32","","","","","","","","",""
"","SOC_SRC3_SEN1_OPP0","1","0","0","87","4","88","10","25","32","","","","","","","","",""
"","SOC_SRC3_SEN1_OPP1","1","0","0","88","11","89","17","25","32","","","","","","","","",""
"","SOC_SRC3_SEN1_OPP2","1","0","0","89","18","90","24","25","32","","","","","","","","",""
"","SOC_SRC3_SEN1_OPP3","1","0","0","91","0","92","6","25","32","","","","","","","","",""
"","SOC_SRC3_SEN2_OPP0","1","0","0","92","7","93","13","25","32","","","","","","","","",""
"","SOC_SRC3_SEN2_OPP1","1","0","0","93","14","94","20","25","32","","","","","","","","",""
"","SOC_SRC3_SEN2_OPP2","1","0","0","94","21","96","2","25","32","","","","","","","","",""
"","SOC_SRC3_SEN2_OPP3","1","0","0","96","3","97","9","25","32","","","","","","","","",""
"","SOC_SRC3_SEN3_OPP0","1","0","0","97","10","98","16","25","32","","","","","","","","",""
"","SOC_SRC3_SEN3_OPP1","1","0","0","98","17","99","23","25","32","","","","","","","","",""
"","SOC_SRC3_SEN3_OPP2","1","0","0","99","24","101","5","25","32","","","","","","","","",""
"","SOC_SRC3_SEN3_OPP3","1","0","0","101","6","102","12","25","32","","","","","","","","",""
"","EF_DevFeature","1","0","0","102","13","103","22","25","35","","","","","","","","",""
"","PBist","1","0","0","103","23","106","19","25","72","8","","","",""
"","PBist","1","0","0","106","20","109","16","25","72","9","","","",""
"","PBist","1","0","0","109","17","112","13","25","72","20","","","",""
"","PBist","1","0","0","112","14","115","10","25","72","21","","","",""
"","PBist","1","0","0","115","11","118","7","25","72","2059","","","",""
"","PBist","1","0","0","118","8","121","4","25","72","2058","","","",""
"","PBist","1","0","0","121","5","124","1","25","72","2070","","","",""
"","PBist","1","0","0","124","2","126","23","25","72","2071","","","",""
"","PBist","1","0","0","126","24","127","24","25","72","800","","","",""
"","FinalTempSensor","1","","0","55","21","57","12","25","42","","","","","","","","",""
"","LBE_OldSubstrate","1","","0","9","9","9","9","25","1","","","","","","","","","","",""
"","LBE_0C","1","","0","9","11","9","11","25","1","","","","","","","","","","",""
"","LBE_SAMPLEDIE","1","","0","9","7","9","7","25","1","","","","","","","","",""
"","TIRepairRow","1","","1","0","0","0","24","25","25","","","","","","","","",""
"","TIRepairRow","1","","1","1","0","1","24","25","25","","","","","","","","",""
"","TIRepairRow","1","","1","2","0","2","24","25","25","","","","","","","","",""
"","TIRepairRow","1","","1","3","0","3","24","25","25","","","","","","","","",""
"","PBist","1","0","1","4","0","5","20","25","72","800","","","",""
"","PBist","1","0","1","5","21","8","17","25","72","799","","","",""
"","PBist","1","0","1","8","18","11","14","25","72","812","","","",""
"","PBist","1","0","1","11","15","14","11","25","72","811","","","",""
"","PBist","1","0","1","14","12","17","8","25","72","838","","","",""
"","PBist","1","0","1","17","9","20","5","25","72","837","","","",""
"","PBist","1","0","1","20","6","23","2","25","72","850","","","",""
"","PBist","1","0","1","23","3","25","24","25","72","849","","","",""
"","PBist","1","0","1","26","0","28","21","25","72","1982","","","",""
"","PBist","1","0","1","28","22","31","18","25","72","1983","","","",""
"","PBist","1","0","1","31","19","34","15","25","72","1994","","","",""
"","PBist","1","0","1","34","16","37","12","25","72","1995","","","",""
"","PBist","1","0","1","37","13","40","9","25","72","1315","","","",""
"","PBist","1","0","1","40","10","43","6","25","72","1316","","","",""
"","PBist","1","0","1","43","7","46","3","25","72","1328","","","",""
"","PBist","1","0","1","46","4","49","0","25","72","1327","","","",""
"","PBist","1","0","1","49","1","51","22","25","72","2020","","","",""
"","PBist","1","0","1","51","23","54","19","25","72","2021","","","",""
"","PBist","1","0","1","54","20","57","16","25","72","2032","","","",""
"","PBist","1","0","1","57","17","60","13","25","72","2033","","","",""
"","PBist","1","0","1","60","14","63","10","25","72","1945","","","",""
"","PBist","1","0","1","63","11","66","7","25","72","1944","","","",""
"","PBist","1","0","1","66","8","69","4","25","72","1957","","","",""
"","PBist","1","0","1","69","5","72","1","25","72","1956","","","",""
"","PBist","1","0","1","72","2","72","19","25","18","1855","","","",""
"","PBist","1","0","1","72","20","73","12","25","18","1796","","","",""
"","PBist","1","0","1","73","13","74","5","25","18","1829","","","",""
"","PBist","1","0","1","74","6","74","23","25","18","1776","","","",""
"","PBist","1","0","1","74","24","75","16","25","18","1787","","","",""
"","PBist","1","0","1","75","17","76","9","25","18","1733","","","",""
"","PBist","1","0","1","76","10","77","2","25","18","1171","","","",""
"","PBist","1","0","1","77","3","77","20","25","18","1128","","","",""
"","PBist","1","0","1","77","21","78","13","25","18","1226","","","",""
"","PBist","1","0","1","78","14","79","6","25","18","1297","","","",""
"","PBist","1","0","1","79","7","79","24","25","18","1368","","","",""
"","PBist","1","0","1","80","0","80","17","25","18","1611","","","",""
"","PBist","1","0","1","80","18","81","10","25","18","2360","","","",""
"","PBist","1","0","1","81","11","82","3","25","18","2144","","","",""
"","PBist","1","0","1","82","4","82","21","25","18","2265","","","",""
"","PBist","1","0","1","82","22","83","14","25","18","2238","","","",""
"","PBist","1","0","1","83","15","84","7","25","18","2607","","","",""
"","PBist","1","0","1","84","8","85","0","25","18","2223","","","",""
"","PBist","1","0","1","85","1","85","18","25","18","2682","","","",""
"","PBist","1","0","1","85","19","86","11","25","18","2271","","","",""
"","PBist","1","0","1","86","12","87","4","25","18","2561","","","",""
"","PBist","1","0","1","87","5","87","22","25","18","2132","","","",""
"","PBist","1","0","1","87","23","88","15","25","18","2111","","","",""
"","PBist","1","0","1","88","16","89","8","25","18","2600","","","",""
"","PBist","1","0","1","89","9","90","1","25","18","2513","","","",""
"","PBist","1","0","1","90","2","90","19","25","18","2403","","","",""
"","PBist","1","0","1","90","20","91","12","25","18","2493","","","",""
"","PBist","1","0","1","91","13","92","5","25","18","2374","","","",""
"","PBist","1","0","1","92","6","92","23","25","18","2237","","","",""
"","PBist","1","0","1","92","24","93","16","25","18","2369","","","",""
"","PBist","1","0","1","93","17","94","9","25","18","918","","","",""
"","PBist","1","0","1","94","10","95","2","25","18","1183","","","",""
"","PBist","1","0","1","95","3","95","20","25","18","883","","","",""
"","PBist","1","0","1","95","21","96","13","25","18","1074","","","",""
"","PBist","1","0","1","96","14","97","6","25","18","1157","","","",""
"","PBist","1","0","1","97","7","97","24","25","18","990","","","",""
"","PBist","1","0","1","98","0","98","17","25","18","881","","","",""
"","PBist","1","0","1","98","18","99","10","25","18","929","","","",""
"","PBist","1","0","1","99","11","100","3","25","18","894","","","",""
"","PBist","1","0","1","100","4","100","21","25","18","971","","","",""
"","PBist","1","0","1","100","22","101","14","25","18","1043","","","",""
"","PBist","1","0","1","101","15","102","7","25","18","991","","","",""
"","PBist","1","0","1","102","8","103","0","25","18","1228","","","",""
"","PBist","1","0","1","103","1","103","18","25","18","1239","","","",""
"","PBist","1","0","1","103","19","104","11","25","18","1037","","","",""
"","PBist","1","0","1","104","12","105","4","25","18","921","","","",""
"","Scratch_Reserved0","1","","1","105","5","105","24","25","20","","","","","","","","",""
"","MP_NMOS_Storage","1","","1","106","0","106","15","25","16","","","","","","","","",""
"","MP_PMOS_Storage","1","","1","106","16","107","6","25","16","","","","","","","","",""
"","MP_VDD_JB_IDDQ_Storage","1","","1","107","7","107","22","25","16","","","","","","","","",""
"","MP_Arr_JB_IDDQ_Storage","1","","1","107","23","108","13","25","16","","","","","","","","",""
"","MP_TD_JB_Storage","1","","1","108","14","108","21","25","8","","","","","","","","",""
"","MP_VDD_NB_IDDQ_Storage","1","","1","108","22","109","12","25","16","","","","","","","","",""
"","MP_Arr_NB_IDDQ_Storage","1","","1","109","13","110","3","25","16","","","","","","","","",""
"","MP_TD_NB_Storage","1","","1","110","4","110","11","25","8","","","","","","","","",""
"","MP_SamplingSearch","1","","1","110","12","110","13","25","2","","","","","","","","",""
"","FT_TFT_FMAX","1","","1","110","14","111","0","25","12","","","","","","","","",""
"","MP_SRVID","1","","1","111","1","111","6","25","6","","","","","","","","",""
"","MP_DevSpeed_Bits","1","","1","111","7","111","12","25","6","","","","","","","","",""
"","MP_ArmSpeed_Bits","1","","1","111","13","111","18","25","6","","","","","","","","",""
"","MP_Spare0","1","","1","111","19","111","24","25","6","","","","","","","","",""
"","FT1_SPEED_COUNT","1","","1","112","0","112","4","25","5","","","","","","","","",""
"","FT1_SPEED_1","1","","1","112","10","112","15","25","6","","","","","","","","",""
"","FT1_SRVID_1","1","","1","112","16","112","21","25","6","","","","","","","","",""
"","FT1_Open","1","","1","112","22","112","24","25","3","","","","","","","","",""
"","FT1_SPEED_2","1","","1","113","0","113","5","25","6","","","","","","","","",""
"","FT1_SRVID_2","1","","1","113","6","113","11","25","6","","","","","","","","",""
"","FT1_SPEED_3","1","","1","113","12","113","17","25","6","","","","","","","","",""
"","FT1_SRVID_3","1","","1","113","18","113","23","25","6","","","","","","","","",""
"","FT1_Open","1","","1","113","24","113","24","25","1","","","","","","","","",""
"","FT1_SPEED_4","1","","1","114","0","114","5","25","6","","","","","","","","",""
"","FT1_SRVID_4","1","","1","114","6","114","11","25","6","","","","","","","","",""
"","FT1_SPEED_5","1","","1","114","12","114","17","25","6","","","","","","","","",""
"","FT1_SRVID_5","1","","1","114","18","114","23","25","6","","","","","","","","",""
"","FT1_Open","1","","1","114","24","114","24","25","1","","","","","","","","",""
"","PBICT_SPEED_1","1","","1","115","0","115","5","25","6","","","","","","","","",""
"","PBICT_SRVID_1","1","","1","115","6","115","11","25","6","","","","","","","","",""
"","PBICT_SPEED_2","1","","1","115","12","115","17","25","6","","","","","","","","",""
"","PBICT_SRVID_2","1","","1","115","18","115","23","25","6","","","","","","","","",""
"","FT1_Open","1","","1","115","24","115","24","25","1","","","","","","","","",""
"","PBI_SPEED_COUNT","1","","1","116","0","116","4","25","5","","","","","","","","",""
"","PBICT_SPEED_COUNT","1","","1","116","5","116","9","25","5","","","","","","","","",""
"","PBI_SPEED_1","1","","1","116","10","116","15","25","6","","","","","","","","",""
"","PBI_SRVID_1","1","","1","116","16","116","21","25","6","","","","","","","","",""
"","PBI_Open","1","","1","116","22","116","24","25","3","","","","","","","","",""
"","PBI_SPEED_2","1","","1","117","0","117","5","25","6","","","","","","","","",""
"","PBI_SRVID_2","1","","1","117","6","117","11","25","6","","","","","","","","",""
"","PBI_SPEED_3","1","","1","117","12","117","17","25","6","","","","","","","","",""
"","PBI_SRVID_3","1","","1","117","18","117","23","25","6","","","","","","","","",""
"","PBI_Open","1","","1","117","24","117","24","25","1","","","","","","","","",""
"","PBI_SPEED_4","1","","1","118","0","118","5","25","6","","","","","","","","",""
"","PBI_SRVID_4","1","","1","118","6","118","11","25","6","","","","","","","","",""
"","PBI_SPEED_5","1","","1","118","12","118","17","25","6","","","","","","","","",""
"","PBI_SRVID_5","1","","1","118","18","118","23","25","6","","","","","","","","",""
"","PBI_Open","1","","1","118","24","118","24","25","1","","","","","","","","",""
"","PBICT_SPEED_3","1","","1","119","0","119","5","25","6","","","","","","","","",""
"","PBICT_SRVID_3","1","","1","119","6","119","11","25","6","","","","","","","","",""
"","PBICT_SPEED_4","1","","1","119","12","119","17","25","6","","","","","","","","",""
"","PBICT_SRVID_4","1","","1","119","18","119","23","25","6","","","","","","","","",""
"","PBI_Open","1","","1","119","24","119","24","25","1","","","","","","","","",""
"","FT1_Vsr_SenseNP","1","","1","120","0","125","24","25","150","","","","","","","","",""
"","MP_Arm_JB_IDDQ_Storage","1","","1","126","0","126","15","25","16","","","","","","","","",""
"","MP_Arm_NB_IDDQ_Storage","1","","1","126","16","127","6","25","16","","","","","","","","",""
"","FT_Spare0","1","","1","127","7","127","24","25","18","","","","","","","","",""
"","TIRepairRow","1","","2","0","0","0","24","25","25","","","","","","","","",""
"","TIRepairRow","1","","2","1","0","1","24","25","25","","","","","","","","",""
"","TIRepairRow","1","","2","2","0","2","24","25","25","","","","","","","","",""
"","TIRepairRow","1","","2","3","0","3","24","25","25","","","","","","","","",""
"","PBist","1","8","2","4","0","4","17","25","18","1397","","","",""
"","PBist","1","8","2","4","18","5","10","25","18","1373","","","",""
"","PBist","1","8","2","5","11","6","3","25","18","1613","","","",""
"","PBist","1","8","2","6","4","6","21","25","18","1530","","","",""
"","PBist","1","8","2","6","22","7","14","25","18","1471","","","",""
"","PBist","1","8","2","7","15","8","7","25","18","1358","","","",""
"","PBist","1","8","2","8","8","9","0","25","18","1569","","","",""
"","PBist","1","8","2","9","1","9","18","25","18","1146","","","",""
"","PBist","1","8","2","9","19","10","11","25","18","1087","","","",""
"","PBist","1","8","2","10","12","11","4","25","18","1215","","","",""
"","PBist","1","8","2","11","5","11","22","25","18","1005","","","",""
"","PBist","1","8","2","11","23","12","15","25","18","1221","","","",""
"","PBist","1","8","2","12","16","13","8","25","18","1061","","","",""
"","PBist","1","8","2","13","9","14","1","25","18","1174","","","",""
"","PBist","1","8","2","14","2","14","19","25","18","931","","","",""
"","PBist","1","8","2","14","20","15","12","25","18","1142","","","",""
"","PBist","1","8","2","15","13","16","5","25","18","911","","","",""
"","PBist","1","8","2","16","6","16","23","25","18","1158","","","",""
"","PBist","1","8","2","16","24","17","16","25","18","1015","","","",""
"","PBist","1","8","2","17","17","18","9","25","18","1131","","","",""
"","PBist","1","8","2","18","10","19","2","25","18","1267","","","",""
"","PBist","1","8","2","19","3","19","20","25","18","972","","","",""
"","PBist","1","8","2","19","21","20","13","25","18","1064","","","",""
"","PBist","1","8","2","20","14","21","6","25","18","1127","","","",""
"","PBist","1","8","2","21","7","21","24","25","18","879","","","",""
"","PBist","1","8","2","22","0","22","17","25","18","898","","","",""
"","PBist","1","8","2","22","18","23","10","25","18","1180","","","",""
"","PBist","1","8","2","23","11","24","3","25","18","1100","","","",""
"","PBist","1","8","2","24","4","24","21","25","18","919","","","",""
"","PBist","1","8","2","24","22","25","14","25","18","959","","","",""
"","PBist","1","8","2","25","15","26","7","25","18","913","","","",""
"","PBist","1","8","2","26","8","27","0","25","18","1133","","","",""
"","PBist","1","8","2","27","1","27","18","25","18","962","","","",""
"","PBist","1","8","2","27","19","28","11","25","18","988","","","",""
"","PBist","1","8","2","28","12","29","4","25","18","876","","","",""
"","PBist","1","8","2","29","5","29","22","25","18","937","","","",""
"","PBist","1","8","2","29","23","30","15","25","18","1042","","","",""
"","PBist","1","8","2","30","16","31","8","25","18","1249","","","",""
"","PBist","1","8","2","31","9","32","1","25","18","1062","","","",""
"","PBist","1","8","2","32","2","32","19","25","18","1159","","","",""
"","PBist","1","8","2","32","20","33","12","25","18","973","","","",""
"","PBist","1","8","2","33","13","34","5","25","18","1283","","","",""
"","PBist","1","8","2","34","6","34","23","25","18","1168","","","",""
"","PBist","1","8","2","34","24","35","16","25","18","1238","","","",""
"","PBist","1","8","2","35","17","36","9","25","18","900","","","",""
"","PBist","1","8","2","36","10","37","2","25","18","1277","","","",""
"","PBist","1","8","2","37","3","37","20","25","18","1232","","","",""
"","PBist","1","8","2","37","21","38","13","25","18","1122","","","",""
"","PBist","1","8","2","38","14","39","6","25","18","1209","","","",""
"","PBist","1","8","2","39","7","39","24","25","18","984","","","",""
"","PBist","1","8","2","40","0","40","17","25","18","1057","","","",""
"","PBist","1","8","2","40","18","41","10","25","18","1029","","","",""
"","PBist","1","8","2","41","11","42","3","25","18","1236","","","",""
"","PBist","1","8","2","42","4","42","21","25","18","1031","","","",""
"","PBist","1","8","2","42","22","43","14","25","18","1028","","","",""
"","PBist","1","8","2","43","15","44","7","25","18","885","","","",""
"","PBist","1","8","2","44","8","45","0","25","18","1060","","","",""
"","PBist","1","8","2","45","1","45","18","25","18","1105","","","",""
"","PBist","1","8","2","45","19","46","11","25","18","1150","","","",""
"","PBist","1","8","2","46","12","47","4","25","18","910","","","",""
"","PBist","1","8","2","47","5","47","22","25","18","1014","","","",""
"","PBist","1","8","2","47","23","48","15","25","18","1177","","","",""
"","PBist","1","8","2","48","16","49","8","25","18","1080","","","",""
"","PBist","1","8","2","49","9","50","1","25","18","920","","","",""
"","PBist","1","8","2","50","2","50","19","25","18","1173","","","",""
"","PBist","1","8","2","50","20","51","12","25","18","1071","","","",""
"","PBist","1","8","2","51","13","52","5","25","18","1026","","","",""
"","PBist","1","8","2","52","6","52","23","25","18","880","","","",""
"","PBist","1","8","2","52","24","53","16","25","18","1098","","","",""
"","PBist","1","8","2","53","17","54","9","25","18","1220","","","",""
"","PBist","1","8","2","54","10","55","2","25","18","967","","","",""
"","PBist","1","8","2","55","3","55","20","25","18","897","","","",""
"","PBist","1","8","2","55","21","56","13","25","18","1176","","","",""
"","PBist","1","8","2","56","14","57","6","25","18","950","","","",""
"","PBist","1","8","2","57","7","57","24","25","18","1103","","","",""
"","PBist","1","8","2","58","0","58","17","25","18","1436","","","",""
"","PBist","1","8","2","58","18","59","10","25","18","1515","","","",""
"","PBist","1","8","2","59","11","60","3","25","18","1571","","","",""
"","PBist","1","8","2","60","4","60","21","25","18","1449","","","",""
"","PBist","1","8","2","60","22","61","14","25","18","1469","","","",""
"","PBist","1","8","2","61","15","62","7","25","18","1419","","","",""
"","PBist","1","8","2","62","8","63","0","25","18","1478","","","",""
"","PBist","1","8","2","63","1","63","18","25","18","1374","","","",""
"","PBist","1","8","2","63","19","64","11","25","18","1477","","","",""
"","PBist","1","8","2","64","12","65","4","25","18","1378","","","",""
"","PBist","1","8","2","65","5","65","22","25","18","1625","","","",""
"","PBist","1","8","2","65","23","66","15","25","18","1591","","","",""
"","PBist","1","8","2","66","16","67","8","25","18","1347","","","",""
"","PBist","1","8","2","67","9","68","1","25","18","1825","","","",""
"","PBist","1","8","2","68","2","68","19","25","18","1755","","","",""
"","PBist","1","8","2","68","20","69","12","25","18","1424","","","",""
"","PBist","1","8","2","69","13","70","5","25","18","1851","","","",""
"","PBist","1","8","2","70","6","70","23","25","18","1780","","","",""
"","PBist","1","8","2","70","24","71","16","25","18","1777","","","",""
"","PBist","1","8","2","71","17","72","9","25","18","1643","","","",""
"","PBist","1","8","2","72","10","73","2","25","18","1809","","","",""
"","PBist","1","8","2","73","3","73","20","25","18","1512","","","",""
"","PBist","1","8","2","73","21","74","13","25","18","1361","","","",""
"","PBist","1","8","2","74","14","75","6","25","18","1830","","","",""
"","PBist","1","8","2","75","7","75","24","25","18","1409","","","",""
"","PBist","1","8","2","76","0","76","17","25","18","1631","","","",""
"","PBist","1","8","2","76","18","77","10","25","18","1778","","","",""
"","PBist","1","8","2","77","11","78","3","25","18","2717","","","",""
"","PBist","1","8","2","78","4","78","21","25","18","2228","","","",""
"","PBist","1","8","2","78","22","79","14","25","18","2206","","","",""
"","PBist","1","8","2","79","15","80","7","25","18","2407","","","",""
"","PBist","1","8","2","80","8","81","0","25","18","2272","","","",""
"","PBist","1","8","2","81","1","81","18","25","18","2529","","","",""
"","PBist","1","8","2","81","19","82","11","25","18","2581","","","",""
"","PBist","1","8","2","82","12","83","4","25","18","2636","","","",""
"","PBist","1","8","2","83","5","83","22","25","18","2383","","","",""
"","PBist","1","8","2","83","23","84","15","25","18","2708","","","",""
"","PBist","1","8","2","84","16","85","8","25","18","2423","","","",""
"","PBist","1","8","2","85","9","86","1","25","18","2274","","","",""
"","PBist","1","8","2","86","2","86","19","25","18","2662","","","",""
"","PBist","1","8","2","86","20","87","12","25","18","2685","","","",""
"","PBist","1","8","2","87","13","88","5","25","18","2424","","","",""
"","PBist","1","8","2","88","6","88","23","25","18","2696","","","",""
"","PBist","1","8","2","88","24","89","16","25","18","2432","","","",""
"","PBist","1","8","2","89","17","90","9","25","18","2148","","","",""
"","PBist","1","8","2","90","10","91","2","25","18","2243","","","",""
"","PBist","1","8","2","91","3","91","20","25","18","2548","","","",""
"","PBist","1","8","2","91","21","92","13","25","18","2647","","","",""
"","PBist","1","8","2","92","14","93","6","25","18","2136","","","",""
"","PBist","1","8","2","93","7","93","24","25","18","2738","","","",""
"","PBist","1","8","2","94","0","94","17","25","18","2294","","","",""
"","PBist","1","8","2","94","18","95","10","25","18","2705","","","",""
"","PBist","1","8","2","95","11","96","3","25","18","2366","","","",""
"","PBist","1","8","2","96","4","96","21","25","18","2562","","","",""
"","PBist","1","8","2","96","22","97","14","25","18","2207","","","",""
"","PBist","1","8","2","97","15","98","7","25","18","2174","","","",""
"","PBist","1","8","2","98","8","99","0","25","18","2769","","","",""
"","PBist","1","8","2","99","1","99","18","25","18","2364","","","",""
"","PBist","1","8","2","99","19","100","11","25","18","2454","","","",""
"","PBist","1","8","2","100","12","101","4","25","18","2453","","","",""
"","PBist","1","8","2","101","5","101","22","25","18","2368","","","",""
"","PBist","1","8","2","101","23","102","15","25","18","2498","","","",""
"","PBist","1","8","2","102","16","103","8","25","18","2461","","","",""
"","PBist","1","8","2","103","9","104","1","25","18","2252","","","",""
"","PBist","1","8","2","104","2","104","19","25","18","2319","","","",""
"","PBist","1","8","2","104","20","105","12","25","18","2791","","","",""
"","PBist","1","8","2","105","13","106","5","25","18","2283","","","",""
"","PBist","1","8","2","106","6","106","23","25","18","2750","","","",""
"","PBist","1","8","2","106","24","107","16","25","18","2789","","","",""
"","PBist","1","8","2","107","17","108","9","25","18","2754","","","",""
"","PBist","1","8","2","108","10","109","2","25","18","2351","","","",""
"","PBist","1","8","2","109","3","109","20","25","18","2222","","","",""
"","PBist","1","8","2","109","21","110","13","25","18","2451","","","",""
"","PBist","1","8","2","110","14","111","6","25","18","2592","","","",""
"","PBist","1","8","2","111","7","111","24","25","18","2654","","","",""
"","PBist","1","8","2","112","0","112","17","25","18","2231","","","",""
"","PBist","1","8","2","112","18","113","10","25","18","2667","","","",""
"","PBist","1","8","2","113","11","114","3","25","18","2698","","","",""
"","PBist","1","8","2","114","4","114","21","25","18","2585","","","",""
"","PBist","1","8","2","114","22","115","14","25","18","2371","","","",""
"","PBist","1","8","2","115","15","116","7","25","18","2582","","","",""
"","PBist","1","8","2","116","8","117","0","25","18","2747","","","",""
"","PBist","1","8","2","117","1","117","18","25","18","2445","","","",""
"","PBist","1","8","2","117","19","118","11","25","18","2154","","","",""
"","PBist","1","8","2","118","12","119","4","25","18","2646","","","",""
"","PBist","1","8","2","119","5","119","22","25","18","2776","","","",""
"","PBist","1","8","2","119","23","120","15","25","18","2762","","","",""
"","PBist","1","8","2","120","16","121","8","25","18","2488","","","",""
"","PBist","1","8","2","121","9","122","1","25","18","2416","","","",""
"","PBist","1","8","2","122","2","122","19","25","18","2745","","","",""
"","PBist","1","8","2","122","20","123","12","25","18","2116","","","",""
"","PBist","1","8","2","123","13","124","5","25","18","2749","","","",""
"","PBist","1","8","2","124","6","124","23","25","18","2275","","","",""
"","PBist","1","8","2","124","24","125","16","25","18","2377","","","",""
"","PBist","1","8","2","125","17","126","9","25","18","2157","","","",""
"","PBist","1","8","2","126","10","127","2","25","18","2232","","","",""
"","PBist","1","8","2","127","3","127","20","25","18","2431","","","",""
"","PBist","1","8","2","127","21","127","24","25","18","2278","","","",""
"","TIRepairRow","1","","3","0","0","0","24","25","25","","","","","","","","",""
"","TIRepairRow","1","","3","1","0","1","24","25","25","","","","","","","","",""
"","TIRepairRow","1","","3","2","0","2","24","25","25","","","","","","","","",""
"","TIRepairRow","1","","3","3","0","3","24","25","25","","","","","","","","",""
"","PBist","1","8","3","4","0","4","13","25","18","2278","","","",""
"","PBist","1","8","3","4","14","5","6","25","18","1892","","","",""
"","PBist","1","8","3","5","7","5","24","25","18","1884","","","",""
"","PBist","1","8","3","6","0","6","17","25","18","1915","","","",""
"","PBist","1","8","3","6","18","7","10","25","18","1881","","","",""
"","PBist","1","8","3","7","11","8","3","25","18","1888","","","",""
"","PBist","1","8","3","8","4","8","21","25","18","1905","","","",""
"","PBist","1","8","3","8","22","9","14","25","18","1920","","","",""
"","PBist","1","8","3","9","15","10","7","25","18","1931","","","",""
"","PBist","1","8","3","10","8","11","0","25","18","1885","","","",""
"","PBist","1","8","3","11","1","11","18","25","18","1880","","","",""
"","PBist","1","8","3","11","19","12","11","25","18","1886","","","",""
"","PBist","1","8","3","12","12","13","4","25","18","1889","","","",""
"","PBist","1","8","3","13","5","13","22","25","18","1896","","","",""
"","PBist","1","8","3","13","23","14","15","25","18","1935","","","",""
"","PBist","1","8","3","14","16","15","8","25","18","1876","","","",""
"","PBist","1","8","3","15","9","16","1","25","18","1917","","","",""
"","PBist","1","8","3","16","2","16","19","25","18","1902","","","",""
"","PBist","1","8","3","16","20","17","12","25","18","1904","","","",""
"","PBist","1","8","3","17","13","18","5","25","18","1916","","","",""
"","PBist","1","8","3","18","6","18","23","25","18","1900","","","",""
"","PBist","1","8","3","18","24","19","16","25","18","1874","","","",""
"","PBist","1","8","3","19","17","20","9","25","18","1898","","","",""
"","PBist","1","8","3","20","10","21","2","25","18","1912","","","",""
"","PBist","1","8","3","21","3","21","20","25","18","1887","","","",""
"","PBist","1","8","3","21","21","22","13","25","18","1911","","","",""
"","PBist","1","8","3","22","14","23","6","25","18","1882","","","",""
"","PBist","1","8","3","23","7","23","24","25","18","1894","","","",""
"","PBist","1","8","3","24","0","24","17","25","18","1923","","","",""
"","PBist","1","8","3","24","18","25","10","25","18","1926","","","",""
"","PBist","1","8","3","25","11","26","3","25","18","1897","","","",""
"","PBist","1","8","3","26","4","26","21","25","18","1873","","","",""
"","PBist","1","8","3","26","22","27","14","25","18","1872","","","",""
"","PBist","1","8","3","27","15","28","7","25","18","1909","","","",""
"","PBist","1","8","3","28","8","29","0","25","18","1879","","","",""
"","PBist","1","8","3","29","1","31","22","25","72","1930","","","",""
"","PBist","1","8","3","31","23","34","19","25","72","1877","","","",""
"","PBist","1","8","3","34","20","37","16","25","72","1924","","","",""
"","PBist","1","8","3","37","17","40","13","25","72","1933","","","",""
"","PBist","1","8","3","40","14","43","10","25","72","1906","","","",""
"","PBist","1","8","3","43","11","46","7","25","72","1936","","","",""
"","PBist","1","8","3","46","8","49","4","25","72","1891","","","",""
"","PBist","1","8","3","49","5","52","1","25","72","1918","","","",""
"","PBist","1","8","3","52","2","54","23","25","72","1895","","","",""
"","PBist","1","8","3","54","24","57","20","25","72","1925","","","",""
"","PBist","1","8","3","57","21","60","17","25","72","1908","","","",""
"","PBist","1","8","3","60","18","63","14","25","72","1927","","","",""
"","PBist","1","8","3","63","15","66","11","25","72","1871","","","",""
"","PBist","1","8","3","66","12","69","8","25","72","1901","","","",""
"","PBist","1","8","3","69","9","72","5","25","72","1883","","","",""
"","PBist","1","8","3","72","6","75","2","25","72","1899","","","",""
"","PBist","1","8","3","75","3","77","24","25","72","1875","","","",""
"","PBist","1","8","3","78","0","80","21","25","72","1928","","","",""
"","PBist","1","8","3","80","22","83","18","25","72","1903","","","",""
"","PBist","1","8","3","83","19","86","15","25","72","1922","","","",""
"","PBist","1","8","3","86","16","89","12","25","72","1870","","","",""
"","PBist","1","8","3","89","13","92","9","25","72","1934","","","",""
"","PBist","1","8","3","92","10","95","6","25","72","1878","","","",""
"","PBist","1","8","3","95","7","98","3","25","72","1932","","","",""
"","PBist","1","8","3","98","4","101","0","25","72","1907","","","",""
"","PBist","1","8","3","101","1","103","22","25","72","1919","","","",""
"","PBist","1","8","3","103","23","106","19","25","72","1921","","","",""
"","PBist","1","8","3","106","20","109","16","25","72","1929","","","",""
"","PBist","1","8","3","109","17","112","13","25","72","1910","","","",""
"","PBist","1","8","3","112","14","115","10","25","72","1913","","","",""
"","PBist","1","8","3","115","11","118","7","25","72","1890","","","",""
"","PBist","1","8","3","118","8","121","4","25","72","1893","","","",""
"","TempSensor2","1","","3","121","5","121","24","25","20","","","","","","","","",""
"","PB1_Vsr_SenseNP","1","","3","122","0","127","24","25","150","","","","","","","","",""
"","TIRepairRow","1","","4","0","0","0","24","25","25","","","","","","","","",""
"","TIRepairRow","1","","4","1","0","1","24","25","25","","","","","","","","",""
"","TIRepairRow","1","","4","2","0","2","24","25","25","","","","","","","","",""
"","TIRepairRow","1","","4","3","0","3","24","25","25","","","","","","","","",""
"","PBist","1","16","4","4","0","4","17","25","18","1355","","","",""
"","PBist","1","16","4","4","18","5","10","25","18","1351","","","",""
"","PBist","1","16","4","5","11","6","3","25","18","1822","","","",""
"","PBist","1","16","4","6","4","6","21","25","18","1549","","","",""
"","PBist","1","16","4","6","22","7","14","25","18","1592","","","",""
"","PBist","1","16","4","7","15","8","7","25","18","1348","","","",""
"","PBist","1","16","4","8","8","9","0","25","18","1654","","","",""
"","PBist","1","16","4","9","1","9","18","25","18","1795","","","",""
"","PBist","1","16","4","9","19","10","11","25","18","1438","","","",""
"","PBist","1","16","4","10","12","11","4","25","18","1415","","","",""
"","PBist","1","16","4","11","5","11","22","25","18","1695","","","",""
"","PBist","1","16","4","11","23","12","15","25","18","1694","","","",""
"","PBist","1","16","4","12","16","13","8","25","18","1375","","","",""
"","PBist","1","16","4","13","9","14","1","25","18","1455","","","",""
"","PBist","1","16","4","14","2","14","19","25","18","1850","","","",""
"","PBist","1","16","4","14","20","15","12","25","18","1502","","","",""
"","PBist","1","16","4","15","13","16","5","25","18","1441","","","",""
"","PBist","1","16","4","16","6","16","23","25","18","1563","","","",""
"","PBist","1","16","4","16","24","17","16","25","18","1537","","","",""
"","PBist","1","16","4","17","17","18","9","25","18","1425","","","",""
"","PBist","1","16","4","18","10","19","2","25","18","1435","","","",""
"","PBist","1","16","4","19","3","19","20","25","18","1517","","","",""
"","PBist","1","16","4","19","21","20","13","25","18","1559","","","",""
"","PBist","1","16","4","20","14","21","6","25","18","1735","","","",""
"","PBist","1","16","4","21","7","21","24","25","18","1757","","","",""
"","PBist","1","16","4","22","0","22","17","25","18","1640","","","",""
"","PBist","1","16","4","22","18","23","10","25","18","1821","","","",""
"","PBist","1","16","4","23","11","24","3","25","18","1738","","","",""
"","PBist","1","16","4","24","4","24","21","25","18","1849","","","",""
"","PBist","1","16","4","24","22","25","14","25","18","1668","","","",""
"","PBist","1","16","4","25","15","26","7","25","18","1852","","","",""
"","PBist","1","16","4","26","8","27","0","25","18","1557","","","",""
"","PBist","1","16","4","27","1","27","18","25","18","1845","","","",""
"","PBist","1","16","4","27","19","28","11","25","18","1507","","","",""
"","PBist","1","16","4","28","12","29","4","25","18","1364","","","",""
"","PBist","1","16","4","29","5","29","22","25","18","1761","","","",""
"","PBist","1","16","4","29","23","30","15","25","18","1817","","","",""
"","PBist","1","16","4","30","16","31","8","25","18","1483","","","",""
"","PBist","1","16","4","31","9","32","1","25","18","1372","","","",""
"","PBist","1","16","4","32","2","32","19","25","18","1766","","","",""
"","PBist","1","16","4","32","20","33","12","25","18","1561","","","",""
"","PBist","1","16","4","33","13","34","5","25","18","1700","","","",""
"","PBist","1","16","4","34","6","34","23","25","18","1534","","","",""
"","PBist","1","16","4","34","24","35","16","25","18","1837","","","",""
"","PBist","1","16","4","35","17","36","9","25","18","1380","","","",""
"","PBist","1","16","4","36","10","37","2","25","18","1608","","","",""
"","PBist","1","16","4","37","3","37","20","25","18","1671","","","",""
"","PBist","1","16","4","37","21","38","13","25","18","1413","","","",""
"","PBist","1","16","4","38","14","39","6","25","18","1405","","","",""
"","PBist","1","16","4","39","7","39","24","25","18","1554","","","",""
"","PBist","1","16","4","40","0","40","17","25","18","1359","","","",""
"","PBist","1","16","4","40","18","41","10","25","18","1505","","","",""
"","PBist","1","16","4","41","11","42","3","25","18","1406","","","",""
"","PBist","1","16","4","42","4","42","21","25","18","1353","","","",""
"","PBist","1","16","4","42","22","43","14","25","18","1676","","","",""
"","PBist","1","16","4","43","15","44","7","25","18","1649","","","",""
"","PBist","1","16","4","44","8","45","0","25","18","1518","","","",""
"","PBist","1","16","4","45","1","45","18","25","18","1566","","","",""
"","PBist","1","16","4","45","19","46","11","25","18","1493","","","",""
"","PBist","1","16","4","46","12","47","4","25","18","1360","","","",""
"","PBist","1","16","4","47","5","47","22","25","18","1716","","","",""
"","PBist","1","16","4","47","23","48","15","25","18","1680","","","",""
"","PBist","1","16","4","48","16","49","8","25","18","1653","","","",""
"","PBist","1","16","4","49","9","50","1","25","18","1748","","","",""
"","PBist","1","16","4","50","2","50","19","25","18","1433","","","",""
"","PBist","1","16","4","50","20","51","12","25","18","1736","","","",""
"","PBist","1","16","4","51","13","52","5","25","18","1614","","","",""
"","PBist","1","16","4","52","6","52","23","25","18","1626","","","",""
"","PBist","1","16","4","52","24","53","16","25","18","1574","","","",""
"","PBist","1","16","4","53","17","54","9","25","18","1815","","","",""
"","PBist","1","16","4","54","10","55","2","25","18","1545","","","",""
"","PBist","1","16","4","55","3","55","20","25","18","1709","","","",""
"","PBist","1","16","4","55","21","56","13","25","18","1354","","","",""
"","PBist","1","16","4","56","14","57","6","25","18","1636","","","",""
"","PBist","1","16","4","57","7","57","24","25","18","1501","","","",""
"","PBist","1","16","4","58","0","58","17","25","18","1814","","","",""
"","PBist","1","16","4","58","18","59","10","25","18","1536","","","",""
"","PBist","1","16","4","59","11","60","3","25","18","1655","","","",""
"","PBist","1","16","4","60","4","60","21","25","18","1612","","","",""
"","PBist","1","16","4","60","22","61","14","25","18","1490","","","",""
"","PBist","1","16","4","61","15","62","7","25","18","1564","","","",""
"","PBist","1","16","4","62","8","63","0","25","18","1730","","","",""
"","PBist","1","16","4","63","1","63","18","25","18","1383","","","",""
"","PBist","1","16","4","63","19","64","11","25","18","1553","","","",""
"","PBist","1","16","4","64","12","65","4","25","18","1658","","","",""
"","PBist","1","16","4","65","5","65","22","25","18","1629","","","",""
"","PBist","1","16","4","65","23","66","15","25","18","1744","","","",""
"","PBist","1","16","4","66","16","67","8","25","18","1398","","","",""
"","PBist","1","16","4","67","9","68","1","25","18","1456","","","",""
"","PBist","1","16","4","68","2","68","19","25","18","1370","","","",""
"","PBist","1","16","4","68","20","69","12","25","18","1417","","","",""
"","PBist","1","16","4","69","13","70","5","25","18","1663","","","",""
"","PBist","1","16","4","70","6","70","23","25","18","1720","","","",""
"","PBist","1","16","4","70","24","71","16","25","18","1575","","","",""
"","PBist","1","16","4","71","17","72","9","25","18","1727","","","",""
"","PBist","1","16","4","72","10","73","2","25","18","1466","","","",""
"","PBist","1","16","4","73","3","73","20","25","18","1703","","","",""
"","PBist","1","16","4","73","21","74","13","25","18","1447","","","",""
"","PBist","1","16","4","74","14","75","6","25","18","1696","","","",""
"","PBist","1","16","4","75","7","75","24","25","18","1616","","","",""
"","PBist","1","16","4","76","0","76","17","25","18","1384","","","",""
"","PBist","1","16","4","76","18","77","10","25","18","1443","","","",""
"","PBist","1","16","4","77","11","78","3","25","18","1729","","","",""
"","PBist","1","16","4","78","4","78","21","25","18","1725","","","",""
"","PBist","1","16","4","78","22","79","14","25","18","1369","","","",""
"","PBist","1","16","4","79","15","80","7","25","18","1529","","","",""
"","PBist","1","16","4","80","8","81","0","25","18","1657","","","",""
"","PBist","1","16","4","81","1","81","18","25","18","1513","","","",""
"","PBist","1","16","4","81","19","82","11","25","18","1577","","","",""
"","PBist","1","16","4","82","12","83","4","25","18","1392","","","",""
"","PBist","1","16","4","83","5","83","22","25","18","2760","","","",""
"","PBist","1","16","4","83","23","84","15","25","18","2501","","","",""
"","PBist","1","16","4","84","16","85","8","25","18","2483","","","",""
"","PBist","1","16","4","85","9","86","1","25","18","2290","","","",""
"","PBist","1","16","4","86","2","86","19","25","18","2678","","","",""
"","PBist","1","16","4","86","20","87","12","25","18","2761","","","",""
"","PBist","1","16","4","87","13","88","5","25","18","2344","","","",""
"","PBist","1","16","4","88","6","88","23","25","18","2766","","","",""
"","PBist","1","16","4","88","24","89","16","25","18","2518","","","",""
"","PBist","1","16","4","89","17","90","9","25","18","2273","","","",""
"","PBist","1","16","4","90","10","91","2","25","18","2531","","","",""
"","PBist","1","16","4","91","3","91","20","25","18","2322","","","",""
"","PBist","1","16","4","91","21","92","13","25","18","2628","","","",""
"","PBist","1","16","4","92","14","93","6","25","18","2748","","","",""
"","PBist","1","16","4","93","7","93","24","25","18","2259","","","",""
"","PBist","1","16","4","94","0","94","17","25","18","2671","","","",""
"","PBist","1","16","4","94","18","95","10","25","18","1253","","","",""
"","PBist","1","16","4","95","11","96","3","25","18","1256","","","",""
"","PBist","1","16","4","96","4","96","21","25","18","1161","","","",""
"","PBist","1","16","4","96","22","97","14","25","18","1077","","","",""
"","PBist","1","16","4","97","15","98","7","25","18","1164","","","",""
"","PBist","1","16","4","98","8","99","0","25","18","1112","","","",""
"","PBist","1","16","4","99","1","99","18","25","18","1271","","","",""
"","PBist","1","16","4","99","19","100","11","25","18","992","","","",""
"","PBist","1","16","4","100","12","101","4","25","18","1300","","","",""
"","PBist","1","16","4","101","5","101","22","25","18","388","","","",""
"","PBist","1","16","4","101","23","102","15","25","18","322","","","",""
"","PBist","1","16","4","102","16","103","8","25","18","287","","","",""
"","PBist","1","16","4","103","9","104","1","25","18","332","","","",""
"","PBist","1","16","4","104","2","104","19","25","18","459","","","",""
"","PBist","1","16","4","104","20","105","12","25","18","699","","","",""
"","PBist","1","16","4","105","13","106","5","25","18","754","","","",""
"","PBist","1","16","4","106","6","106","23","25","18","682","","","",""
"","PBist","1","16","4","106","24","107","16","25","18","140","","","",""
"","PBist","1","16","4","107","17","108","9","25","18","774","","","",""
"","PBist","1","16","4","108","10","109","2","25","18","350","","","",""
"","PBist","1","16","4","109","3","109","20","25","18","337","","","",""
"","PBist","1","16","4","109","21","110","13","25","18","584","","","",""
"","PBist","1","16","4","110","14","111","6","25","18","447","","","",""
"","PBist","1","16","4","111","7","111","24","25","18","354","","","",""
"","PBist","1","16","4","112","0","112","17","25","18","206","","","",""
"","PBist","1","16","4","112","18","113","10","25","18","526","","","",""
"","PBist","1","16","4","113","11","114","3","25","18","260","","","",""
"","PBist","1","16","4","114","4","114","21","25","18","82","","","",""
"","PBist","1","16","4","114","22","115","14","25","18","553","","","",""
"","PBist","1","16","4","115","15","116","7","25","18","565","","","",""
"","PBist","1","16","4","116","8","117","0","25","18","150","","","",""
"","PBist","1","16","4","117","1","117","18","25","18","117","","","",""
"","PBist","1","16","4","117","19","118","11","25","18","249","","","",""
"","PBist","1","16","4","118","12","119","4","25","18","479","","","",""
"","PBist","1","16","4","119","5","119","22","25","18","263","","","",""
"","PBist","1","16","4","119","23","120","15","25","18","90","","","",""
"","PBist","1","16","4","120","16","121","8","25","18","244","","","",""
"","PBist","1","16","4","121","9","122","1","25","18","544","","","",""
"","PBist","1","16","4","122","2","122","19","25","18","251","","","",""
"","PBist","1","16","4","122","20","123","12","25","18","180","","","",""
"","PBist","1","16","4","123","13","124","5","25","18","316","","","",""
"","PBist","1","16","4","124","6","124","23","25","18","395","","","",""
"","PBist","1","16","4","124","24","125","16","25","18","257","","","",""
"","PBist","1","16","4","125","17","126","9","25","18","531","","","",""
"","PBist","1","16","4","126","10","127","2","25","18","748","","","",""
"","PBist","1","16","4","127","3","127","20","25","18","684","","","",""
"","PBist","1","16","4","127","21","127","24","25","18","211","","","",""
"","TIRepairRow","1","","5","0","0","0","24","25","25","","","","","","","","",""
"","TIRepairRow","1","","5","1","0","1","24","25","25","","","","","","","","",""
"","TIRepairRow","1","","5","2","0","2","24","25","25","","","","","","","","",""
"","TIRepairRow","1","","5","3","0","3","24","25","25","","","","","","","","",""
"","PBist","1","32","5","4","0","4","13","25","18","211","","","",""
"","PBist","1","32","5","4","14","5","6","25","18","97","","","",""
"","PBist","1","32","5","5","7","5","24","25","18","398","","","",""
"","PBist","1","32","5","6","0","6","17","25","18","199","","","",""
"","PBist","1","32","5","6","18","7","10","25","18","441","","","",""
"","PBist","1","32","5","7","11","8","3","25","18","554","","","",""
"","PBist","1","32","5","8","4","8","21","25","18","293","","","",""
"","PBist","1","32","5","8","22","9","14","25","18","785","","","",""
"","PBist","1","32","5","9","15","10","7","25","18","490","","","",""
"","PBist","1","32","5","10","8","11","0","25","18","168","","","",""
"","PBist","1","32","5","11","1","11","18","25","18","743","","","",""
"","PBist","1","32","5","11","19","12","11","25","18","205","","","",""
"","PBist","1","32","5","12","12","13","4","25","18","151","","","",""
"","PBist","1","32","5","13","5","13","22","25","18","787","","","",""
"","PBist","1","32","5","13","23","14","15","25","18","558","","","",""
"","PBist","1","32","5","14","16","15","8","25","18","593","","","",""
"","PBist","1","32","5","15","9","16","1","25","18","286","","","",""
"","PBist","1","32","5","16","2","16","19","25","18","562","","","",""
"","PBist","1","32","5","16","20","17","12","25","18","224","","","",""
"","PBist","1","32","5","17","13","18","5","25","18","361","","","",""
"","PBist","1","32","5","18","6","18","23","25","18","183","","","",""
"","PBist","1","32","5","18","24","19","16","25","18","235","","","",""
"","PBist","1","32","5","19","17","20","9","25","18","129","","","",""
"","PBist","1","32","5","20","10","21","2","25","18","755","","","",""
"","PBist","1","32","5","21","3","21","20","25","18","674","","","",""
"","PBist","1","32","5","21","21","22","13","25","18","599","","","",""
"","PBist","1","32","5","22","14","23","6","25","18","667","","","",""
"","PBist","1","32","5","23","7","23","24","25","18","629","","","",""
"","PBist","1","32","5","24","0","24","17","25","18","298","","","",""
"","PBist","1","32","5","24","18","25","10","25","18","93","","","",""
"","PBist","1","32","5","25","11","26","3","25","18","333","","","",""
"","PBist","1","32","5","26","4","26","21","25","18","509","","","",""
"","PBist","1","32","5","26","22","27","14","25","18","687","","","",""
"","PBist","1","32","5","27","15","28","7","25","18","507","","","",""
"","PBist","1","32","5","28","8","29","0","25","18","297","","","",""
"","PBist","1","32","5","29","1","29","18","25","18","270","","","",""
"","PBist","1","32","5","29","19","30","11","25","18","484","","","",""
"","PBist","1","32","5","30","12","31","4","25","18","373","","","",""
"","PBist","1","32","5","31","5","31","22","25","18","623","","","",""
"","PBist","1","32","5","31","23","32","15","25","18","710","","","",""
"","PBist","1","32","5","32","16","33","8","25","18","729","","","",""
"","PBist","1","32","5","33","9","34","1","25","18","717","","","",""
"","PBist","1","32","5","34","2","34","19","25","18","648","","","",""
"","PBist","1","32","5","34","20","35","12","25","18","164","","","",""
"","PBist","1","32","5","35","13","36","5","25","18","394","","","",""
"","PBist","1","32","5","36","6","36","23","25","18","313","","","",""
"","PBist","1","32","5","36","24","37","16","25","18","602","","","",""
"","PBist","1","32","5","37","17","38","9","25","18","523","","","",""
"","PBist","1","32","5","38","10","39","2","25","18","741","","","",""
"","PBist","1","32","5","39","3","39","20","25","18","456","","","",""
"","PBist","1","32","5","39","21","40","13","25","18","540","","","",""
"","PBist","1","32","5","40","14","41","6","25","18","126","","","",""
"","PBist","1","32","5","41","7","41","24","25","18","335","","","",""
"","PBist","1","32","5","42","0","42","17","25","18","481","","","",""
"","PBist","1","32","5","42","18","43","10","25","18","221","","","",""
"","PBist","1","32","5","43","11","44","3","25","18","463","","","",""
"","PBist","1","32","5","44","4","44","21","25","18","696","","","",""
"","PBist","1","32","5","44","22","45","14","25","18","104","","","",""
"","PBist","1","32","5","45","15","46","7","25","18","299","","","",""
"","PBist","1","32","5","46","8","47","0","25","18","679","","","",""
"","PBist","1","32","5","47","1","47","18","25","18","660","","","",""
"","PBist","1","32","5","47","19","48","11","25","18","655","","","",""
"","PBist","1","32","5","48","12","49","4","25","18","233","","","",""
"","PBist","1","32","5","49","5","49","22","25","18","381","","","",""
"","PBist","1","32","5","49","23","50","15","25","18","62","","","",""
"","PBist","1","32","5","50","16","51","8","25","18","529","","","",""
"","PBist","1","32","5","51","9","52","1","25","18","153","","","",""
"","PBist","1","32","5","52","2","52","19","25","18","121","","","",""
"","PBist","1","32","5","52","20","53","12","25","18","155","","","",""
"","PBist","1","32","5","53","13","54","5","25","18","411","","","",""
"","PBist","1","32","5","54","6","54","23","25","18","330","","","",""
"","PBist","1","32","5","54","24","55","16","25","18","560","","","",""
"","PBist","1","32","5","55","17","56","9","25","18","453","","","",""
"","PBist","1","32","5","56","10","57","2","25","18","504","","","",""
"","PBist","1","32","5","57","3","57","20","25","18","756","","","",""
"","PBist","1","32","5","57","21","58","13","25","18","677","","","",""
"","PBist","1","32","5","58","14","59","6","25","18","280","","","",""
"","PBist","1","32","5","59","7","59","24","25","18","52","","","",""
"","PBist","1","32","5","60","0","60","17","25","18","364","","","",""
"","PBist","1","32","5","60","18","61","10","25","18","252","","","",""
"","PBist","1","32","5","61","11","62","3","25","18","519","","","",""
"","PBist","1","32","5","62","4","62","21","25","18","715","","","",""
"","PBist","1","32","5","62","22","63","14","25","18","545","","","",""
"","PBist","1","32","5","63","15","64","7","25","18","776","","","",""
"","PBist","1","32","5","64","8","65","0","25","18","154","","","",""
"","PBist","1","32","5","65","1","65","18","25","18","226","","","",""
"","PBist","1","32","5","65","19","66","11","25","18","358","","","",""
"","PBist","1","32","5","66","12","67","4","25","18","265","","","",""
"","PBist","1","32","5","67","5","67","22","25","18","351","","","",""
"","PBist","1","32","5","67","23","68","15","25","18","238","","","",""
"","PBist","1","32","5","68","16","69","8","25","18","555","","","",""
"","PBist","1","32","5","69","9","70","1","25","18","159","","","",""
"","PBist","1","32","5","70","2","70","19","25","18","638","","","",""
"","PBist","1","32","5","70","20","71","12","25","18","65","","","",""
"","PBist","1","32","5","71","13","72","5","25","18","207","","","",""
"","PBist","1","32","5","72","6","72","23","25","18","338","","","",""
"","PBist","1","32","5","72","24","73","16","25","18","362","","","",""
"","PBist","1","32","5","73","17","74","9","25","18","790","","","",""
"","PBist","1","32","5","74","10","75","2","25","18","495","","","",""
"","PBist","1","32","5","75","3","75","20","25","18","250","","","",""
"","PBist","1","32","5","75","21","76","13","25","18","349","","","",""
"","PBist","1","32","5","76","14","77","6","25","18","621","","","",""
"","PBist","1","32","5","77","7","77","24","25","18","527","","","",""
"","PBist","1","32","5","78","0","78","17","25","18","439","","","",""
"","PBist","1","32","5","78","18","79","10","25","18","87","","","",""
"","PBist","1","32","5","79","11","80","3","25","18","635","","","",""
"","PBist","1","32","5","80","4","80","21","25","18","522","","","",""
"","PBist","1","32","5","80","22","81","14","25","18","40","","","",""
"","PBist","1","32","5","81","15","82","7","25","18","371","","","",""
"","PBist","1","32","5","82","8","83","0","25","18","341","","","",""
"","PBist","1","32","5","83","1","83","18","25","18","595","","","",""
"","PBist","1","32","5","83","19","84","11","25","18","532","","","",""
"","PBist","1","32","5","84","12","85","4","25","18","616","","","",""
"","PBist","1","32","5","85","5","85","22","25","18","780","","","",""
"","PBist","1","32","5","85","23","86","15","25","18","549","","","",""
"","PBist","1","32","5","86","16","87","8","25","18","198","","","",""
"","PBist","1","32","5","87","9","88","1","25","18","761","","","",""
"","PBist","1","32","5","88","2","88","19","25","18","295","","","",""
"","PBist","1","32","5","88","20","89","12","25","18","145","","","",""
"","PBist","1","32","5","89","13","90","5","25","18","469","","","",""
"","PBist","1","32","5","90","6","90","23","25","18","498","","","",""
"","PBist","1","32","5","90","24","91","16","25","18","494","","","",""
"","PBist","1","32","5","91","17","92","9","25","18","561","","","",""
"","PBist","1","32","5","92","10","93","2","25","18","277","","","",""
"","PBist","1","32","5","93","3","93","20","25","18","208","","","",""
"","PBist","1","32","5","93","21","94","13","25","18","485","","","",""
"","PBist","1","32","5","94","14","95","6","25","18","46","","","",""
"","PBist","1","32","5","95","7","95","24","25","18","652","","","",""
"","PBist","1","32","5","96","0","96","17","25","18","386","","","",""
"","PBist","1","32","5","96","18","97","10","25","18","163","","","",""
"","PBist","1","32","5","97","11","98","3","25","18","67","","","",""
"","PBist","1","32","5","98","4","98","21","25","18","336","","","",""
"","PBist","1","32","5","98","22","99","14","25","18","51","","","",""
"","PBist","1","32","5","99","15","100","7","25","18","141","","","",""
"","PBist","1","32","5","100","8","101","0","25","18","367","","","",""
"","PBist","1","32","5","101","1","101","18","25","18","42","","","",""
"","PBist","1","32","5","101","19","102","11","25","18","359","","","",""
"","PBist","1","32","5","102","12","103","4","25","18","227","","","",""
"","PBist","1","32","5","103","5","103","22","25","18","300","","","",""
"","PBist","1","32","5","103","23","104","15","25","18","570","","","",""
"","PBist","1","32","5","104","16","105","8","25","18","292","","","",""
"","PBist","1","32","5","105","9","106","1","25","18","703","","","",""
"","PBist","1","32","5","106","2","106","19","25","18","448","","","",""
"","PBist","1","32","5","106","20","107","12","25","18","91","","","",""
"","PBist","1","32","5","107","13","108","5","25","18","694","","","",""
"","PBist","1","32","5","108","6","108","23","25","18","550","","","",""
"","PBist","1","32","5","108","24","109","16","25","18","777","","","",""
"","PBist","1","32","5","109","17","110","9","25","18","393","","","",""
"","PBist","1","32","5","110","10","111","2","25","18","273","","","",""
"","PBist","1","32","5","111","3","111","20","25","18","733","","","",""
"","PBist","1","32","5","111","21","112","13","25","18","700","","","",""
"","PBist","1","32","5","112","14","113","6","25","18","102","","","",""
"","PBist","1","32","5","113","7","113","24","25","18","195","","","",""
"","PBist","1","32","5","114","0","114","17","25","18","215","","","",""
"","PBist","1","32","5","114","18","115","10","25","18","642","","","",""
"","PBist","1","32","5","115","11","116","3","25","18","384","","","",""
"","PBist","1","32","5","116","4","116","21","25","18","693","","","",""
"","PBist","1","32","5","116","22","117","14","25","18","622","","","",""
"","PBist","1","32","5","117","15","118","7","25","18","672","","","",""
"","PBist","1","32","5","118","8","119","0","25","18","63","","","",""
"","PBist","1","32","5","119","1","119","18","25","18","476","","","",""
"","PBist","1","32","5","119","19","120","11","25","18","569","","","",""
"","PBist","1","32","5","120","12","121","4","25","18","165","","","",""
"","PBist","1","32","5","121","5","121","22","25","18","281","","","",""
"","PBist","1","32","5","121","23","122","15","25","18","720","","","",""
"","PBist","1","32","5","122","16","123","8","25","18","262","","","",""
"","PBist","1","32","5","123","9","124","1","25","18","663","","","",""
"","PBist","1","32","5","124","2","124","19","25","18","782","","","",""
"","PBist","1","32","5","124","20","125","12","25","18","57","","","",""
"","PBist","1","32","5","125","13","126","5","25","18","152","","","",""
"","PBist","1","32","5","126","6","126","23","25","18","191","","","",""
"","PBist","1","32","5","126","24","127","16","25","18","109","","","",""
"","PBist","1","32","5","127","17","127","24","25","18","261","","","",""
"","TIRepairRow","1","","6","0","0","0","24","25","25","","","","","","","","",""
"","TIRepairRow","1","","6","1","0","1","24","25","25","","","","","","","","",""
"","FT1_SRVID1_1","1","","6","124","16","124","21","25","6","","","","","","","","","","",""
"","FT1_SRVID1_2","1","","6","124","22","125","2","25","6","","","","","","","","","","",""
"","FT1_SRVID1_3","1","","6","125","3","125","8","25","6","","","","","","","","","","",""
"","FT1_SRVID1_4","1","","6","125","9","125","14","25","6","","","","","","","","","","",""
"","FT1_SRVID1_5","1","","6","125","15","125","20","25","6","","","","","","","","","","",""
"","PBI_SRVID1_1","1","","6","125","21","126","1","25","6","","","","","","","","","","",""
"","PBI_SRVID1_2","1","","6","126","2","126","7","25","6","","","","","","","","","","",""
"","PBI_SRVID1_3","1","","6","126","8","126","13","25","6","","","","","","","","","","",""
"","PBI_SRVID1_4","1","","6","126","14","126","19","25","6","","","","","","","","","","",""
"","PBI_SRVID1_5","1","","6","126","20","127","0","25","6","","","","","","","","","","",""
"","PBICT_SRVID1_1","1","","6","127","1","127","6","25","6","","","","","","","","","","",""
"","PBICT_SRVID1_2","1","","6","127","7","127","12","25","6","","","","","","","","","","",""
"","PBICT_SRVID1_3","1","","6","127","13","127","18","25","6","","","","","","","","","","",""
"","PBICT_SRVID1_4","1","","6","127","19","127","24","25","6","","","","","","","","","","",""
"","TIRepairRow","1","","6","2","0","2","24","25","25","","","","","","","","",""
"","TIRepairRow","1","","6","3","0","3","24","25","25","","","","","","","","",""
"","PBist","1","32","6","4","0","4","9","25","18","261","","","",""
"","PBist","1","32","6","4","10","5","2","25","18","239","","","",""
"","PBist","1","32","6","5","3","5","20","25","18","240","","","",""
"","PBist","1","32","6","5","21","6","13","25","18","245","","","",""
"","PBist","1","32","6","6","14","7","6","25","18","111","","","",""
"","PBist","1","32","6","7","7","7","24","25","18","659","","","",""
"","PBist","1","32","6","8","0","8","17","25","18","513","","","",""
"","PBist","1","32","6","8","18","9","10","25","18","450","","","",""
"","PBist","1","32","6","9","11","10","3","25","18","139","","","",""
"","PBist","1","32","6","10","4","10","21","25","18","242","","","",""
"","PBist","1","32","6","10","22","11","14","25","18","753","","","",""
"","PBist","1","32","6","11","15","12","7","25","18","209","","","",""
"","PBist","1","32","6","12","8","13","0","25","18","365","","","",""
"","PBist","1","32","6","13","1","13","18","25","18","722","","","",""
"","PBist","1","32","6","13","19","14","11","25","18","634","","","",""
"","PBist","1","32","6","14","12","15","4","25","18","162","","","",""
"","PBist","1","32","6","15","5","15","22","25","18","122","","","",""
"","PBist","1","32","6","15","23","16","15","25","18","290","","","",""
"","PBist","1","32","6","16","16","17","8","25","18","506","","","",""
"","PBist","1","32","6","17","9","18","1","25","18","786","","","",""
"","PBist","1","32","6","18","2","18","19","25","18","752","","","",""
"","PBist","1","32","6","18","20","19","12","25","18","149","","","",""
"","PBist","1","32","6","19","13","20","5","25","18","653","","","",""
"","PBist","1","32","6","20","6","20","23","25","18","661","","","",""
"","PBist","1","32","6","20","24","21","16","25","18","66","","","",""
"","PBist","1","32","6","21","17","22","9","25","18","266","","","",""
"","PBist","1","32","6","22","10","23","2","25","18","142","","","",""
"","PBist","1","32","6","23","3","23","20","25","18","81","","","",""
"","PBist","1","32","6","23","21","24","13","25","18","530","","","",""
"","PBist","1","32","6","24","14","25","6","25","18","380","","","",""
"","PBist","1","32","6","25","7","25","24","25","18","222","","","",""
"","PBist","1","32","6","26","0","26","17","25","18","572","","","",""
"","PBist","1","32","6","26","18","27","10","25","18","146","","","",""
"","PBist","1","32","6","27","11","28","3","25","18","68","","","",""
"","PBist","1","32","6","28","4","28","21","25","18","575","","","",""
"","PBist","1","32","6","28","22","29","14","25","18","114","","","",""
"","PBist","1","32","6","29","15","30","7","25","18","113","","","",""
"","PBist","1","32","6","30","8","31","0","25","18","369","","","",""
"","PBist","1","32","6","31","1","31","18","25","18","71","","","",""
"","PBist","1","32","6","31","19","32","11","25","18","259","","","",""
"","PBist","1","32","6","32","12","33","4","25","18","285","","","",""
"","PBist","1","32","6","33","5","33","22","25","18","368","","","",""
"","PBist","1","32","6","33","23","34","15","25","18","534","","","",""
"","PBist","1","32","6","34","16","35","8","25","18","253","","","",""
"","PBist","1","32","6","35","9","36","1","25","18","666","","","",""
"","PBist","1","32","6","36","2","36","19","25","18","468","","","",""
"","PBist","1","32","6","36","20","37","12","25","18","591","","","",""
"","PBist","1","32","6","37","13","38","5","25","18","525","","","",""
"","PBist","1","32","6","38","6","38","23","25","18","433","","","",""
"","PBist","1","32","6","38","24","39","16","25","18","282","","","",""
"","PBist","1","32","6","39","17","40","9","25","18","120","","","",""
"","PBist","1","32","6","40","10","41","2","25","18","379","","","",""
"","PBist","1","32","6","41","3","41","20","25","18","279","","","",""
"","PBist","1","32","6","41","21","42","13","25","18","611","","","",""
"","PBist","1","32","6","42","14","43","6","25","18","578","","","",""
"","PBist","1","32","6","43","7","43","24","25","18","425","","","",""
"","PBist","1","32","6","44","0","44","17","25","18","78","","","",""
"","PBist","1","32","6","44","18","45","10","25","18","619","","","",""
"","PBist","1","32","6","45","11","46","3","25","18","243","","","",""
"","PBist","1","32","6","46","4","46","21","25","18","711","","","",""
"","PBist","1","32","6","46","22","47","14","25","18","181","","","",""
"","PBist","1","32","6","47","15","48","7","25","18","491","","","",""
"","PBist","1","32","6","48","8","49","0","25","18","728","","","",""
"","PBist","1","32","6","49","1","49","18","25","18","592","","","",""
"","PBist","1","32","6","49","19","50","11","25","18","563","","","",""
"","PBist","1","32","6","50","12","51","4","25","18","75","","","",""
"","PBist","1","32","6","51","5","51","22","25","18","706","","","",""
"","PBist","1","32","6","51","23","52","15","25","18","614","","","",""
"","PBist","1","32","6","52","16","53","8","25","18","454","","","",""
"","PBist","1","32","6","53","9","54","1","25","18","422","","","",""
"","PBist","1","32","6","54","2","54","19","25","18","702","","","",""
"","PBist","1","32","6","54","20","55","12","25","18","326","","","",""
"","PBist","1","32","6","55","13","56","5","25","18","392","","","",""
"","PBist","1","32","6","56","6","56","23","25","18","246","","","",""
"","PBist","1","32","6","56","24","57","16","25","18","272","","","",""
"","PBist","1","32","6","57","17","58","9","25","18","110","","","",""
"","PBist","1","32","6","58","10","59","2","25","18","651","","","",""
"","PBist","1","32","6","59","3","59","20","25","18","503","","","",""
"","PBist","1","32","6","59","21","60","13","25","18","276","","","",""
"","PBist","1","32","6","60","14","61","6","25","18","2545","","","",""
"","PBist","1","32","6","61","7","61","24","25","18","2558","","","",""
"","PBist","1","32","6","62","0","62","17","25","18","2439","","","",""
"","PBist","1","32","6","62","18","63","10","25","18","2578","","","",""
"","PBist","1","32","6","63","11","64","3","25","18","2091","","","",""
"","PBist","1","32","6","64","4","64","21","25","18","2113","","","",""
"","PBist","1","32","6","64","22","65","14","25","18","2337","","","",""
"","PBist","1","32","6","65","15","66","7","25","18","2525","","","",""
"","PBist","1","32","6","66","8","67","0","25","18","2614","","","",""
"","PBist","1","32","6","67","1","67","18","25","18","2120","","","",""
"","PBist","1","32","6","67","19","68","11","25","18","2334","","","",""
"","PBist","1","32","6","68","12","69","4","25","18","2626","","","",""
"","PBist","1","32","6","69","5","69","22","25","18","2615","","","",""
"","PBist","1","32","6","69","23","70","15","25","18","2690","","","",""
"","PBist","1","32","6","70","16","71","8","25","18","2695","","","",""
"","PBist","1","32","6","71","9","72","1","25","18","2773","","","",""
"","PBist","1","32","6","72","2","72","19","25","18","2740","","","",""
"","PBist","1","32","6","72","20","73","12","25","18","2196","","","",""
"","PBist","1","32","6","73","13","74","5","25","18","2504","","","",""
"","PBist","1","32","6","74","6","74","23","25","18","2181","","","",""
"","PBist","1","32","6","74","24","75","16","25","18","2517","","","",""
"","PBist","1","32","6","75","17","76","9","25","18","2227","","","",""
"","PBist","1","32","6","76","10","77","2","25","18","2480","","","",""
"","PBist","1","32","6","77","3","77","20","25","18","2658","","","",""
"","PBist","1","32","6","77","21","78","13","25","18","2550","","","",""
"","PBist","1","32","6","78","14","79","6","25","18","2428","","","",""
"","PBist","1","32","6","79","7","79","24","25","18","2597","","","",""
"","PBist","1","32","6","80","0","80","17","25","18","2127","","","",""
"","PBist","1","32","6","80","18","81","10","25","18","2530","","","",""
"","PBist","1","32","6","81","11","82","3","25","18","2606","","","",""
"","PBist","1","32","6","82","4","82","21","25","18","2577","","","",""
"","PBist","1","32","6","82","22","83","14","25","18","2571","","","",""
"","PBist","1","32","6","83","15","84","7","25","18","2467","","","",""
"","PBist","1","32","6","84","8","85","0","25","18","2767","","","",""
"","PBist","1","32","6","85","1","85","18","25","18","2436","","","",""
"","PBist","1","32","6","85","19","86","11","25","18","2376","","","",""
"","PBist","1","32","6","86","12","87","4","25","18","2707","","","",""
"","PBist","1","32","6","87","5","87","22","25","18","2648","","","",""
"","PBist","1","32","6","87","23","88","15","25","18","2734","","","",""
"","PBist","1","32","6","88","16","89","8","25","18","2692","","","",""
"","PBist","1","32","6","89","9","90","1","25","18","2328","","","",""
"","PBist","1","32","6","90","2","90","19","25","18","2287","","","",""
"","PBist","1","32","6","90","20","91","12","25","18","2160","","","",""
"","PBist","1","32","6","91","13","92","5","25","18","2279","","","",""
"","PBist","1","32","6","92","6","92","23","25","18","2497","","","",""
"","PBist","1","32","6","92","24","93","16","25","18","2621","","","",""
"","PBist","1","32","6","93","17","94","9","25","18","2565","","","",""
"","PBist","1","32","6","94","10","95","2","25","18","2310","","","",""
"","PBist","1","32","6","95","3","95","20","25","18","2616","","","",""
"","PBist","1","32","6","95","21","96","13","25","18","2226","","","",""
"","PBist","1","32","6","96","14","97","6","25","18","2489","","","",""
"","PBist","1","32","6","97","7","97","24","25","18","2593","","","",""
"","PBist","1","32","6","98","0","98","17","25","18","2134","","","",""
"","PBist","1","32","6","98","18","99","10","25","18","2663","","","",""
"","PBist","1","32","6","99","11","100","3","25","18","2774","","","",""
"","PBist","1","32","6","100","4","100","21","25","18","2096","","","",""
"","PBist","1","32","6","100","22","101","14","25","18","2572","","","",""
"","PBist","1","32","6","101","15","102","7","25","18","2619","","","",""
"","PBist","1","32","6","102","8","103","0","25","18","2339","","","",""
"","PBist","1","32","6","103","1","103","18","25","18","2672","","","",""
"","PBist","1","32","6","103","19","104","11","25","18","2673","","","",""
"","PBist","1","32","6","104","12","105","4","25","18","2693","","","",""
"","PBist","1","32","6","105","5","105","22","25","18","2535","","","",""
"","PBist","1","32","6","105","23","106","15","25","18","2172","","","",""
"","PBist","1","32","6","106","16","107","8","25","18","2336","","","",""
"","PBist","1","32","6","107","9","108","1","25","18","2476","","","",""
"","PBist","1","32","6","108","2","108","19","25","18","2361","","","",""
"","PBist","1","32","6","108","20","109","12","25","18","2186","","","",""
"","PBist","1","32","6","109","13","110","5","25","18","2317","","","",""
"","PBist","1","32","6","110","6","110","23","25","18","2146","","","",""
"","PBist","1","32","6","110","24","111","16","25","18","2601","","","",""
"","PBist","1","32","6","111","17","112","9","25","18","2356","","","",""
"","PBist","1","32","6","112","10","113","2","25","18","2506","","","",""
"","PBist","1","32","6","113","3","113","20","25","18","2477","","","",""
"","PBist","1","32","6","113","21","114","13","25","18","2656","","","",""
"","PBist","1","32","6","114","14","115","6","25","18","2758","","","",""
"","PBist","1","32","6","115","7","115","24","25","18","2728","","","",""
"","PBist","1","32","6","116","0","116","17","25","18","2697","","","",""
"","PBist","1","32","6","116","18","117","10","25","18","2333","","","",""
"","PBist","1","32","6","117","11","118","3","25","18","2512","","","",""
"","PBist","1","32","6","118","4","118","21","25","18","2122","","","",""
"","PBist","1","32","6","118","22","119","14","25","18","2775","","","",""
"","PBist","1","32","6","119","15","120","7","25","18","2490","","","",""
"","PBist","1","32","6","120","8","121","0","25","18","2400","","","",""
"","TempSensor1","1","","6","121","1","121","24","25","24","","","","","","","","",""
"","PB2_Vsr_SenseNP","1","","6","122","0","124","15","25","66","","","","","","","","",""
"","TIRepairRow","1","","7","0","0","0","24","25","25","","","","","","","","",""
"","TIRepairRow","1","","7","1","0","1","24","25","25","","","","","","","","",""
"","TIRepairRow","1","","7","2","0","2","24","25","25","","","","","","","","",""
"","TIRepairRow","1","","7","3","0","3","24","25","25","","","","","","","","",""
"","OTP_FROM7","1","24","7","4","0","9","24","25","150","","","","","","","","",""
"","OTP_FROM7_UID","1","24","7","10","0","15","24","25","150","","","","","","","","",""
"","OTP_FROM7_MEK","1","24","7","16","0","28","24","25","325","","","","","","","","",""
"","OTP_FROM7_SMEK","1","24","7","29","0","41","24","25","325","","","","","","","","",""
"","OTP_FROM7_SMPK","1","24","7","42","0","54","24","25","325","","","","","","","","",""
"","OTP_FROM7_SWRV","1","24","7","55","0","65","24","25","275","","","","","","","","",""
"","OTP_FROM7_MSV","1","24","7","66","0","68","24","25","75","","","","","","","","",""
"","OTP_FROM7_PUB_PRIV","1","24","7","69","0","74","24","25","150","","","","","","","","",""
"","OTP_FROM7_DISABLE","1","24","7","75","0","80","24","25","150","","","","","","","","",""
"","OTP_FROM7_KEY","1","24","7","81","0","127","24","25","1175","","","","","","","","",""
"","TIRepairRow","1","","8","0","0","0","24","25","25","","","","","","","","",""
"","TIRepairRow","1","","8","1","0","1","24","25","25","","","","","","","","",""
"","TIRepairRow","1","","8","2","0","2","24","25","25","","","","","","","","",""
"","TIRepairRow","1","","8","3","0","3","24","25","25","","","","","","","","",""
"","OTP_FROM8","1","24","8","4","0","122","2","25","2953","","","","","","","","",""
"","FuseROM_Checksum","1","24","8","119","0","127","24","25","225","","","","","","","","",""
