"Test name","FT_RPC_HT","FT_RPC_LT","PB_RPC_HT","PB_RPC_LT","CustomerReturn","Suite name"
"CTCS_Init_manual_st","1","1","1","1","1",""
"CTCS_Start_st","1","1","1","1","1",""
"Thermal_init","1","1","1","1","1",""
"SupplyShortsPre_st","1","1","1","1","1",""
"SupplyShortsPre2_st","0","0","0","0","0",""
"DieIDPreRead_st","1","1","1","1","1",""
"SetupBBT","0","0","0","0","0",""
"DCPinOpensTest_st_pIForce","1","1","1","1","1",""
"DCPinOpensTestPerPin_st_pIForce_SigGroup","1","1","1","1","1",""
"DCPinOpensTest_st_nIForce","0","0","0","0","0",""
"DCPinOpensTestPerPin_st_nIForce_SigGroup","0","0","0","0","0",""
"SupplyOpensTest_st","0","0","0","0","0",""
"PinOpensTest_st_nIForce","1","1","1","1","1",""
"PinShortsTest_st_nIForce","1","1","1","1","1",""
"PinShortsTest_st_pIForce","1","1","1","1","1",""
"Thermo_Sensors_Calibration","1","1","1","1","1",""
"Thermo_Sensors_Read_Temperature","1","1","1","1","1",""
"SmartReflexRead_st","0","0","0","0","1",""
"CTCS_Purge_st","0","1","1","1","1",""
"IddqVmin1_IqC08Ful_______KP11_000_st_PM1_FUNC","1","1","1","1","1",""
"IddqVmin1_IqC08Ful_______KP11_000_st_PM1_MEAS","1","1","1","1","1",""
"IddqVmin1_IqC08Ful_______KP11_000_st_end_FUNC","1","1","1","1","1",""
"IddqVmin1_IqC08Ful_______KP11_000_st_CCE","1","1","1","1","1",""
"IddqVmin1_IqC08Ful_______KP11_001_st_PM1_FUNC","1","1","1","1","1",""
"IddqVmin1_IqC08Ful_______KP11_001_st_PM1_MEAS","1","1","1","1","1",""
"IddqVmin1_IqC08Ful_______KP11_001_st_end_FUNC","1","1","1","1","1",""
"IddqVmin1_IqC08Ful_______KP11_001_st_CCE","1","1","1","1","1",""
"IddqVnom_IqC08Ful_______KP11_000_st_PM1_FUNC","1","1","1","1","1",""
"IddqVnom_IqC08Ful_______KP11_000_st_PM1_MEAS","1","1","1","1","1",""
"IddqVnom_IqC08Ful_______KP11_000_st_end_FUNC","1","1","1","1","1",""
"IddqVnom_IqC08Ful_______KP11_000_st_CCE","1","1","1","1","1",""
"IddqVnom_IqC08Ful_______KP11_001_st_PM1_FUNC","1","1","1","1","1",""
"IddqVnom_IqC08Ful_______KP11_001_st_PM1_MEAS","1","1","1","1","1",""
"IddqVnom_IqC08Ful_______KP11_001_st_end_FUNC","0","0","0","0","0",""
"IddqVnom_IqC08Ful_______KP11_001_st_CCE","1","1","1","1","1",""
"EfuseInitCheck_st","1","1","1","1","1",""
"SRc0Power_st","1","1","1","0","1",""
"TdiodeRead_st","1","1","1","0","1",""
"adaptiveRepairPatterns_st","1","1","1","1","1",""
"BRDG_P00_PG_FuncVmin_st","1","1","1","1","1",""
"BRDG_P01_PG_FuncVmin_st","1","1","1","1","1",""
"BRDG_P02_PG_1_FuncVmin_st","1","1","1","1","1",""
"BRDG_P02_PG_FuncVmin_st","1","1","1","1","1",""
"BRDG_P03_PG_FuncVmin_st","1","1","1","1","1",""
"BRDG_P04_PG_FuncVmin_st","1","1","1","1","1",""
"BRDG_P05_PG_FuncVmin_st","1","1","1","1","1",""
"BRDG_P06_PG_1_FuncVmin_st","1","1","1","1","1",""
"BRDG_P06_PG_FuncVmin_st","1","1","1","1","1",""
"BRDG_P07_PG_FuncVmin_st","1","1","1","1","1",""
"BRDG_P08_PG_FuncVmin_st","1","1","1","1","1",""
"BRDG_P09_PG_1_FuncVmin_st","1","1","1","1","1",""
"BRDG_P09_PG_FuncVmin_st","1","1","1","1","1",""
"BRDG_P10_PG_FuncVmin_st","1","1","1","1","1",""
"BRDG_SRCH_P00_PG_FuncVmin_st","1","1","1","1","1",""
"BRDG_SRCH_P01_PG_FuncVmin_st","1","1","1","1","1",""
"BRDG_SRCH_P02_PG_FuncVmin_st","1","1","1","1","1",""
"BRDG_SRCH_P03_PG_FuncVmin_st","1","1","1","1","1",""
"BRDG_SRCH_P04_PG_FuncVmin_st","1","1","1","1","1",""
"BRDG_SRCH_P05_PG_FuncVmin_st","1","1","1","1","1",""
"BRDG_SRCH_P06_PG_FuncVmin_st","1","1","1","1","1",""
"BRDG_SRCH_P07_PG_FuncVmin_st","1","1","1","1","1",""
"BRDG_SRCH_P08_PG_FuncVmin_st","1","1","1","1","1",""
"BRDG_SRCH_P09_PG_FuncVmin_st","1","1","1","1","1",""
"BRDG_SRCH_P10_PG_FuncVmin_st","1","1","1","1","1",""
"CHAIN_P00_PG_1_FuncVmin_st","1","1","1","1","1",""
"CHAIN_P00_PG_2_FuncVmin_st","1","1","1","1","1",""
"CHAIN_P00_PG_FuncVmin_st","1","1","1","1","1",""
"CHAIN_P01_PG_1_FuncVmin_st","1","1","1","1","1",""
"CHAIN_P01_PG_2_FuncVmin_st","1","1","1","1","1",""
"CHAIN_P01_PG_3_FuncVmin_st","1","1","1","1","1",""
"CHAIN_P01_PG_FuncVmin_st","1","1","1","1","1",""
"CHAIN_P02_PG_1_FuncVmin_st","1","1","1","1","1",""
"CHAIN_P02_PG_2_FuncVmin_st","1","1","1","1","1",""
"CHAIN_P02_PG_3_FuncVmin_st","1","1","1","1","1",""
"CHAIN_P02_PG_FuncVmin_st","1","1","1","1","1",""
"CHAIN_P03_PG_1_FuncVmin_st","1","1","1","1","1",""
"CHAIN_P03_PG_2_FuncVmin_st","1","1","1","1","1",""
"CHAIN_P03_PG_3_FuncVmin_st","1","1","1","1","1",""
"CHAIN_P03_PG_FuncVmin_st","1","1","1","1","1",""
"CHAIN_P04_PG_1_FuncVmin_st","1","1","1","1","1",""
"CHAIN_P04_PG_2_FuncVmin_st","1","1","1","1","1",""
"CHAIN_P04_PG_3_FuncVmin_st","1","1","1","1","1",""
"CHAIN_P04_PG_FuncVmin_st","1","1","1","1","1",""
"CHAIN_P05_PG_1_FuncVmin_st","1","1","1","1","1",""
"CHAIN_P05_PG_2_FuncVmin_st","1","1","1","1","1",""
"CHAIN_P05_PG_3_FuncVmin_st","1","1","1","1","1",""
"CHAIN_P05_PG_FuncVmin_st","1","1","1","1","1",""
"CHAIN_P06_PG_1_FuncVmin_st","1","1","1","1","1",""
"CHAIN_P06_PG_2_FuncVmin_st","1","1","1","1","1",""
"CHAIN_P06_PG_3_FuncVmin_st","1","1","1","1","1",""
"CHAIN_P06_PG_FuncVmin_st","1","1","1","1","1",""
"CHAIN_P07_PG_1_FuncVmin_st","1","1","1","1","1",""
"CHAIN_P07_PG_2_FuncVmin_st","1","1","1","1","1",""
"CHAIN_P07_PG_3_FuncVmin_st","1","1","1","1","1",""
"CHAIN_P07_PG_FuncVmin_st","1","1","1","1","1",""
"CHAIN_P08_PG_1_FuncVmin_st","1","1","1","1","1",""
"CHAIN_P08_PG_2_FuncVmin_st","1","1","1","1","1",""
"CHAIN_P08_PG_3_FuncVmin_st","1","1","1","1","1",""
"CHAIN_P08_PG_FuncVmin_st","1","1","1","1","1",""
"CHAIN_P09_PG_1_FuncVmin_st","1","1","1","1","1",""
"CHAIN_P09_PG_2_FuncVmin_st","1","1","1","1","1",""
"CHAIN_P09_PG_3_FuncVmin_st","1","1","1","1","1",""
"CHAIN_P09_PG_FuncVmin_st","1","1","1","1","1",""
"CHAIN_P10_PG_1_FuncVmin_st","1","1","1","1","1",""
"CHAIN_P10_PG_2_FuncVmin_st","1","1","1","1","1",""
"CHAIN_P10_PG_3_FuncVmin_st","1","1","1","1","1",""
"CHAIN_P10_PG_FuncVmin_st","1","1","1","1","1",""
"CHAIN_SRCH_DFTSS_PG_FuncVmin_st","1","1","1","1","1",""
"CHAIN_SRCH_P00_PG_FuncVmin_st","1","1","1","1","1",""
"CHAIN_SRCH_P01_PG_FuncVmin_st","1","1","1","1","1",""
"CHAIN_SRCH_P02_PG_FuncVmin_st","1","1","1","1","1",""
"CHAIN_SRCH_P03_PG_FuncVmin_st","1","1","1","1","1",""
"CHAIN_SRCH_P04_PG_FuncVmin_st","1","1","1","1","1",""
"CHAIN_SRCH_P05_PG_FuncVmin_st","1","1","1","1","1",""
"CHAIN_SRCH_P06_PG_FuncVmin_st","1","1","1","1","1",""
"CHAIN_SRCH_P07_PG_FuncVmin_st","1","1","1","1","1",""
"CHAIN_SRCH_P08_PG_FuncVmin_st","1","1","1","1","1",""
"CHAIN_SRCH_P09_PG_FuncVmin_st","1","1","1","1","1",""
"CHAIN_SRCH_P10_PG_FuncVmin_st","1","1","1","1","1",""
"CHAIN_SRCH_PWRSWT_PG_FuncVmin_st","1","1","1","1","1",""
"SAF_FULCHP_PG_FuncVmin_st","1","1","1","1","1",""
"SAF_P00_PG_FuncVmin_st","1","1","1","1","1",""
"SAF_P01_PG_FuncVmin_st","1","1","1","1","1",""
"SAF_P02_PG_FuncVmin_st","1","1","1","1","1",""
"SAF_P03_PG_FuncVmin_st","1","1","1","1","1",""
"SAF_P04_PG_FuncVmin_st","1","1","1","1","1",""
"SAF_P05_PG_FuncVmin_st","1","1","1","1","1",""
"SAF_P06_PG_FuncVmin_st","1","1","1","1","1",""
"SAF_P07_PG_FuncVmin_st","1","1","1","1","1",""
"SAF_P08_PG_FuncVmin_st","1","1","1","1","1",""
"SAF_P09_PG_FuncVmin_st","1","1","1","1","1",""
"SAF_P10_PG_FuncVmin_st","1","1","1","1","1",""
"SAF_PWRSWT_PG_FuncVmin_st","1","1","1","1","1",""
"SAF_SRCH_DFTSS_PG_FuncVmin_st","1","1","1","1","1",""
"SAF_SRCH_FULCHP_PG_FuncVmin_st","1","1","1","1","1",""
"SAF_SRCH_P00_PG_FuncVmin_st","1","1","1","1","1",""
"SAF_SRCH_P01_PG_FuncVmin_st","1","1","1","1","1",""
"SAF_SRCH_P02_PG_FuncVmin_st","1","1","1","1","1",""
"SAF_SRCH_P03_PG_FuncVmin_st","1","1","1","1","1",""
"SAF_SRCH_P04_PG_FuncVmin_st","1","1","1","1","1",""
"SAF_SRCH_P05_PG_FuncVmin_st","1","1","1","1","1",""
"SAF_SRCH_P06_PG_FuncVmin_st","1","1","1","1","1",""
"SAF_SRCH_P07_PG_FuncVmin_st","1","1","1","1","1",""
"SAF_SRCH_P08_PG_FuncVmin_st","1","1","1","1","1",""
"SAF_SRCH_P09_PG_FuncVmin_st","1","1","1","1","1",""
"SAF_SRCH_P10_PG_FuncVmin_st","1","1","1","1","1",""
"SAF_SRCH_PWRSWT_PG_FuncVmin_st","1","1","1","1","1",""
"LED_ACPHY_DDR_PG_AtSpeedVminDDR3L_st","0","1","1","1","1",""
"LED_ACPHY_DDR_PG_AtSpeedVmin_st","0","1","1","1","1",""
"LED_AIF_PG_AtSpeedVmin_st","0","1","1","1","1",""
"LED_ALLCORES_PG_AtSpeedVmin_st","0","1","1","1","1",""
"LED_ARM_PG_AtSpeedVmin_st","0","1","1","1","1",""
"LED_ATDF_PG_AtSpeedVmin_st","0","1","1","1","1",""
"LED_BCP_PG_AtSpeedVmin_st","0","1","1","1","1",""
"LED_BCR_PG_AtSpeedVmin_st","0","1","1","1","1",""
"LED_BOOT_PG_AtSpeedVmin_st","0","1","1","1","1",""
"LED_DATPHY_DDR_PG_AtSpeedVminDDR3L_st","0","1","1","1","1",""
"LED_DATPHY_DDR_PG_AtSpeedVmin_st","0","1","1","1","1",""
"LED_DDR_PG_AtSpeedVminDDR3L_st","0","1","1","1","1",""
"LED_DDR_PG_AtSpeedVmin_st","0","1","1","1","1",""
"LED_EDMA_PG_AtSpeedVmin_st","0","1","1","1","1",""
"LED_EMIF_PG_AtSpeedVmin_st","0","1","1","1","1",""
"LED_FFTC_PG_AtSpeedVmin_st","0","1","1","1","1",""
"LED_GEM_PG_AtSpeedVmin_st","0","1","1","1","1",""
"LED_GPIO_PG_AtSpeedVmin_st","0","1","1","1","1",""
"LED_I2C_PG_AtSpeedVmin_st","0","1","1","1","1",""
"LED_INTC_PG_AtSpeedVmin_st","0","1","1","1","1",""
"LED_MPU_PG_AtSpeedVmin_st","0","1","1","1","1",""
"LED_MSMC_PG_AtSpeedVmin_st","0","1","1","1","1",""
"LED_OTHERS_01_PG_AtSpeedVmin_st","0","1","1","1","1",""
"LED_OTHERS_10_PG_AtSpeedVmin_st","0","1","1","1","1",""
"LED_OTHERS_11_PG_AtSpeedVmin_st","0","1","1","1","1",""
"LED_PA_PG_AtSpeedVmin_st","0","1","1","1","1",""
"LED_PCIE_PG_AtSpeedVmin_st","0","1","1","1","1",""
"LED_PHY_AIF_PG_AtSpeedVmin_st","0","1","1","1","1",""
"LED_PHY_PCIE_PG_AtSpeedVmin_st","0","1","1","1","1",""
"LED_PHY_SGMII_PG_AtSpeedVmin_st","0","1","1","1","1",""
"LED_PHY_SRIO_PG_AtSpeedVmin_st","0","1","1","1","1",""
"LED_PHY_USB_PG_AtSpeedVmin_st","0","1","1","1","1",""
"LED_PHY_VUSR_PG_AtSpeedVmin_st","0","1","1","1","1",""
"LED_PHY_XGE_PG_AtSpeedVmin_st","0","1","1","1","1",""
"LED_PLLCTRL_PG_AtSpeedVmin_st","0","1","1","1","1",""
"LED_PSC_PG_AtSpeedVmin_st","0","1","1","1","1",""
"LED_QMSS_PG_AtSpeedVmin_st","0","1","1","1","1",""
"LED_RAC_PG_AtSpeedVmin_st","0","1","1","1","1",""
"LED_SEC_PG_AtSpeedVmin_st","0","1","1","1","1",""
"LED_SGMII_PG_AtSpeedVmin_st","0","1","1","1","1",""
"LED_SM2_PG_AtSpeedVmin_st","0","1","1","1","1",""
"LED_SPI_PG_AtSpeedVmin_st","0","1","1","1","1",""
"LED_SRCH_ARM_PG_AtSpeedVmin_st","0","1","1","1","1",""
"LED_SRCH_BCP_PG_AtSpeedVmin_st","0","1","1","1","1",""
"LED_SRCH_GEM_PG_AtSpeedVmin_st","0","1","1","1","1",""
"LED_SRCH_MSMC_PG_AtSpeedVmin_st","0","1","1","1","1",""
"LED_SRIO_PG_AtSpeedVmin_st","0","1","1","1","1",""
"LED_SRSS_PG_AtSpeedVmin_st","0","1","1","1","1",""
"LED_TAC_PG_AtSpeedVmin_st","0","1","1","1","1",""
"LED_TCP_PG_AtSpeedVmin_st","0","1","1","1","1",""
"LED_TIMER_PG_AtSpeedVmin_st","0","1","1","1","1",""
"LED_TRACER_PG_AtSpeedVmin_st","0","1","1","1","1",""
"LED_UART_PG_AtSpeedVmin_st","0","1","1","1","1",""
"LED_USB_PG_AtSpeedVmin_st","0","1","1","1","1",""
"LED_USIM_PG_AtSpeedVmin_st","0","1","1","1","1",""
"LED_VCP_PG_AtSpeedVmin_st","0","1","1","1","1",""
"LED_VUSR_PG_AtSpeedVmin_st","0","1","1","1","1",""
"LED_XGE_PG_AtSpeedVmin_st","0","1","1","1","1",""
"PB_PLL_1PR_AA_3_PG_AtSpeedVmin_st","0","1","1","1","1",""
"PB_PLL_1PR_C1_3_PG_AtSpeedVmin_st","0","1","1","1","1",""
"PB_PLL_1PR_C3_3_PG_AtSpeedVmin_st","0","1","1","1","1",""
"PB_PLL_1PR_C3_4_PG_AtSpeedVmin_st","0","1","1","1","1",""
"PB_PLL_1PR_T0_1_PG_AtSpeedVmin_st","0","1","1","1","1",""
"PB_PLL_2PR_AA_3_PG_AtSpeedVmin_st","0","1","1","1","1",""
"PB_PLL_2PR_C1_3_PG_AtSpeedVmin_st","0","1","1","1","1",""
"PB_PLL_2PR_C2_2_PG_AtSpeedVmin_st","0","1","1","1","1",""
"PB_PLL_2PR_C3_3_PG_AtSpeedVmin_st","0","1","1","1","1",""
"PB_PLL_2PR_C3_4_PG_AtSpeedVmin_st","0","1","1","1","1",""
"PB_PLL_DSP_AA_3_PG_AtSpeedVmin_st","0","1","1","1","1",""
"PB_PLL_DSP_AA_6_PG_AtSpeedVmin_st","0","1","1","1","1",""
"PB_PLL_DSP_C1_3_PG_AtSpeedVmin_st","0","1","1","1","1",""
"PB_PLL_DSP_C1_6_PG_AtSpeedVmin_st","0","1","1","1","1",""
"PB_PLL_DSP_C2_3_PG_AtSpeedVmin_st","0","1","1","1","1",""
"PB_PLL_DSP_C2_6_PG_AtSpeedVmin_st","0","1","1","1","1",""
"PB_PLL_DSP_C3_2_PG_AtSpeedVmin_st","0","1","1","1","1",""
"PB_PLL_DSP_C3_3_PG_AtSpeedVmin_st","0","1","1","1","1",""
"PB_PLL_DSP_C3_6_PG_AtSpeedVmin_st","0","1","1","1","1",""
"PB_PLL_DSP_T0_F_PG_AtSpeedVmin_st","0","1","1","1","1",""
"PB_PLL_DSP_T0_T_PG_AtSpeedVmin_st","0","1","1","1","1",""
"PB_PLL_ROM_PG_AtSpeedVmin_st","0","1","1","1","1",""
"PB_PLL_RTA_AA_1_PG_AtSpeedVmin_st","1","1","1","1","1",""
"PB_PLL_RTA_G0_1_PG_AtSpeedVmin_st","0","1","1","1","1",""
"PB_PLL_RTA_G1_1_PG_AtSpeedVmin_st","0","1","1","1","1",""
"PB_PLL_RTA_G2_1_PG_AtSpeedVmin_st","0","1","1","1","1",""
"PB_PLL_RTA_G3_1_PG_AtSpeedVmin_st","0","1","1","1","1",""
"PB_PLL_RTA_G4_1_PG_AtSpeedVmin_st","0","1","1","1","1",""
"PB_PLL_RTA_G5_1_PG_AtSpeedVmin_st","0","1","1","1","1",""
"PB_PLL_RTA_G6_1_PG_AtSpeedVmin_st","0","1","1","1","1",""
"PB_PLL_RTA_G7_1_PG_AtSpeedVmin_st","0","1","1","1","1",""
"PB_PLL_RTA_M0_1_PG_AtSpeedVmin_st","0","1","1","1","1",""
"PB_PLL_RTA_T0_F_PG_AtSpeedVmin_st","0","1","1","1","1",""
"PB_PLL_S1R_AA_1_PG_AtSpeedVmin_st","0","1","1","1","1",""
"PB_PLL_S1R_G0_1_PG_AtSpeedVmin_st","0","1","1","1","1",""
"PB_PLL_S1R_G1_1_PG_AtSpeedVmin_st","0","1","1","1","1",""
"PB_PLL_S1R_G2_1_PG_AtSpeedVmin_st","0","1","1","1","1",""
"PB_PLL_S1R_G3_1_PG_AtSpeedVmin_st","0","1","1","1","1",""
"PB_PLL_S1R_G4_1_PG_AtSpeedVmin_st","0","1","1","1","1",""
"PB_PLL_S1R_G5_1_PG_AtSpeedVmin_st","0","1","1","1","1",""
"PB_PLL_S1R_G6_1_PG_AtSpeedVmin_st","0","1","1","1","1",""
"PB_PLL_S1R_G7_1_PG_AtSpeedVmin_st","0","1","1","1","1",""
"PB_PLL_S1R_T0_1_PG_AtSpeedVmin_st","0","1","1","1","1",""
"PB_PLL_S2A_C3_2_PG_AtSpeedVmin_st","0","1","1","1","1",""
"PB_PLL_S4A_AA_1_PG_AtSpeedVmin_st","0","1","1","1","1",""
"PB_PLL_S4A_AA_2_PG_AtSpeedVmin_st","0","1","1","1","1",""
"PB_PLL_S4A_G0_1_PG_AtSpeedVmin_st","0","1","1","1","1",""
"PB_PLL_S4A_G0_2_PG_AtSpeedVmin_st","0","1","1","1","1",""
"PB_PLL_S4A_G1_1_PG_AtSpeedVmin_st","0","1","1","1","1",""
"PB_PLL_S4A_G1_2_PG_AtSpeedVmin_st","0","1","1","1","1",""
"PB_PLL_S4A_G2_1_PG_AtSpeedVmin_st","0","1","1","1","1",""
"PB_PLL_S4A_G2_2_PG_AtSpeedVmin_st","0","1","1","1","1",""
"PB_PLL_S4A_G3_1_PG_AtSpeedVmin_st","0","1","1","1","1",""
"PB_PLL_S4A_G3_2_PG_AtSpeedVmin_st","0","1","1","1","1",""
"PB_PLL_S4A_G4_1_PG_AtSpeedVmin_st","0","1","1","1","1",""
"PB_PLL_S4A_G4_2_PG_AtSpeedVmin_st","0","1","1","1","1",""
"PB_PLL_S4A_G5_1_PG_AtSpeedVmin_st","0","1","1","1","1",""
"PB_PLL_S4A_G5_2_PG_AtSpeedVmin_st","0","1","1","1","1",""
"PB_PLL_S4A_G6_1_PG_AtSpeedVmin_st","0","1","1","1","1",""
"PB_PLL_S4A_G6_2_PG_AtSpeedVmin_st","0","1","1","1","1",""
"PB_PLL_S4A_G7_1_PG_AtSpeedVmin_st","0","1","1","1","1",""
"PB_PLL_S4A_G7_2_PG_AtSpeedVmin_st","0","1","1","1","1",""
"PB_PLL_SDP_AA_1_PG_AtSpeedVmin_st","0","1","1","1","1",""
"PB_PLL_SDP_G0_1_PG_AtSpeedVmin_st","0","1","1","1","1",""
"PB_PLL_SDP_G1_1_PG_AtSpeedVmin_st","0","1","1","1","1",""
"PB_PLL_SDP_G2_1_PG_AtSpeedVmin_st","0","1","1","1","1",""
"PB_PLL_SDP_G3_1_PG_AtSpeedVmin_st","0","1","1","1","1",""
"PB_PLL_SDP_G4_1_PG_AtSpeedVmin_st","0","1","1","1","1",""
"PB_PLL_SDP_G5_1_PG_AtSpeedVmin_st","0","1","1","1","1",""
"PB_PLL_SDP_G6_1_PG_AtSpeedVmin_st","0","1","1","1","1",""
"PB_PLL_SDP_G7_1_PG_AtSpeedVmin_st","0","1","1","1","1",""
"PB_PLL_SSP_C1_3_PG_AtSpeedVmin_st","0","1","1","1","1",""
"PB_PLL_SSP_M0_1_PG_AtSpeedVmin_st","0","1","1","1","1",""
"PB_PLL_UHD_AA_3_PG_AtSpeedVmin_st","0","1","1","1","1",""
"PB_PLL_UHD_C1_3_PG_AtSpeedVmin_st","0","1","1","1","1",""
"PB_PLL_UHD_C2_3_PG_AtSpeedVmin_st","0","1","1","1","1",""
"PB_PLL_UHD_C2_4_PG_AtSpeedVmin_st","0","1","1","1","1",""
"PB_PLL_UHD_C3_3_PG_AtSpeedVmin_st","0","1","1","1","1",""
"P_SRCH_1PR_AA_3DO_PG_AtSpeedVmin_st","0","1","1","1","1",""
"P_SRCH_1PR_AA_3PR_PG_AtSpeedVmin_st","0","1","1","1","1",""
"P_SRCH_1PR_C1_3DO_PG_AtSpeedVmin_st","0","1","1","1","1",""
"P_SRCH_1PR_C1_3PR_PG_AtSpeedVmin_st","0","1","1","1","1",""
"P_SRCH_1PR_C3_3DO_PG_AtSpeedVmin_st","0","1","1","1","1",""
"P_SRCH_1PR_C3_3PR_PG_AtSpeedVmin_st","0","1","1","1","1",""
"P_SRCH_1PR_C3_4DO_PG_AtSpeedVmin_st","0","1","1","1","1",""
"P_SRCH_1PR_C3_4PR_PG_AtSpeedVmin_st","0","1","1","1","1",""
"P_SRCH_1PR_T0_1DO_PG_AtSpeedVmin_st","0","1","1","1","1",""
"P_SRCH_1PR_T0_1PR_PG_AtSpeedVmin_st","0","1","1","1","1",""
"P_SRCH_2PR_AA_3DO_PG_AtSpeedVmin_st","0","1","1","1","1",""
"P_SRCH_2PR_AA_3PR_PG_AtSpeedVmin_st","0","1","1","1","1",""
"P_SRCH_2PR_C1_3DO_PG_AtSpeedVmin_st","0","1","1","1","1",""
"P_SRCH_2PR_C1_3PR_PG_AtSpeedVmin_st","0","1","1","1","1",""
"P_SRCH_2PR_C2_2DO_PG_AtSpeedVmin_st","0","1","1","1","1",""
"P_SRCH_2PR_C2_2PR_PG_AtSpeedVmin_st","0","1","1","1","1",""
"P_SRCH_2PR_C3_3DO_PG_AtSpeedVmin_st","0","1","1","1","1",""
"P_SRCH_2PR_C3_3PR_PG_AtSpeedVmin_st","0","1","1","1","1",""
"P_SRCH_2PR_C3_4DO_PG_AtSpeedVmin_st","0","1","1","1","1",""
"P_SRCH_2PR_C3_4PR_PG_AtSpeedVmin_st","0","1","1","1","1",""
"P_SRCH_DSP_AA_3DO_PG_AtSpeedVmin_st","0","1","1","1","1",""
"P_SRCH_DSP_AA_3PR_PG_AtSpeedVmin_st","0","1","1","1","1",""
"P_SRCH_DSP_AA_6DO_PG_AtSpeedVmin_st","0","1","1","1","1",""
"P_SRCH_DSP_AA_6PR_PG_AtSpeedVmin_st","0","1","1","1","1",""
"P_SRCH_DSP_C1_3DO_PG_AtSpeedVmin_st","0","1","1","1","1",""
"P_SRCH_DSP_C1_3PR_PG_AtSpeedVmin_st","0","1","1","1","1",""
"P_SRCH_DSP_C1_6DO_PG_AtSpeedVmin_st","0","1","1","1","1",""
"P_SRCH_DSP_C1_6PR_PG_AtSpeedVmin_st","0","1","1","1","1",""
"P_SRCH_DSP_C2_3DO_PG_AtSpeedVmin_st","0","1","1","1","1",""
"P_SRCH_DSP_C2_3PR_PG_AtSpeedVmin_st","0","1","1","1","1",""
"P_SRCH_DSP_C2_6DO_PG_AtSpeedVmin_st","0","1","1","1","1",""
"P_SRCH_DSP_C2_6PR_PG_AtSpeedVmin_st","0","1","1","1","1",""
"P_SRCH_DSP_C3_2DO_PG_AtSpeedVmin_st","0","1","1","1","1",""
"P_SRCH_DSP_C3_2PR_PG_AtSpeedVmin_st","0","1","1","1","1",""
"P_SRCH_DSP_C3_3DO_PG_AtSpeedVmin_st","0","1","1","1","1",""
"P_SRCH_DSP_C3_3PR_PG_AtSpeedVmin_st","0","1","1","1","1",""
"P_SRCH_DSP_C3_6DO_PG_AtSpeedVmin_st","0","1","1","1","1",""
"P_SRCH_DSP_C3_6PR_PG_AtSpeedVmin_st","0","1","1","1","1",""
"P_SRCH_DSP_T0_FDO_PG_AtSpeedVmin_st","0","1","1","1","1",""
"P_SRCH_DSP_T0_FPR_PG_AtSpeedVmin_st","0","1","1","1","1",""
"P_SRCH_DSP_T0_TDO_PG_AtSpeedVmin_st","0","1","1","1","1",""
"P_SRCH_DSP_T0_TPR_PG_AtSpeedVmin_st","0","1","1","1","1",""
"P_SRCH_RTA_AA_1DO_PG_AtSpeedVmin_st","0","1","1","1","1",""
"P_SRCH_RTA_AA_1PR_PG_AtSpeedVmin_st","0","1","1","1","1",""
"P_SRCH_RTA_G0_1DO_PG_AtSpeedVmin_st","0","1","1","1","1",""
"P_SRCH_RTA_G0_1PR_PG_AtSpeedVmin_st","0","1","1","1","1",""
"P_SRCH_RTA_G1_1DO_PG_AtSpeedVmin_st","0","1","1","1","1",""
"P_SRCH_RTA_G1_1PR_PG_AtSpeedVmin_st","0","1","1","1","1",""
"P_SRCH_RTA_G2_1DO_PG_AtSpeedVmin_st","0","1","1","1","1",""
"P_SRCH_RTA_G2_1PR_PG_AtSpeedVmin_st","0","1","1","1","1",""
"P_SRCH_RTA_G3_1DO_PG_AtSpeedVmin_st","0","1","1","1","1",""
"P_SRCH_RTA_G3_1PR_PG_AtSpeedVmin_st","0","1","1","1","1",""
"P_SRCH_RTA_G4_1DO_PG_AtSpeedVmin_st","0","1","1","1","1",""
"P_SRCH_RTA_G4_1PR_PG_AtSpeedVmin_st","0","1","1","1","1",""
"P_SRCH_RTA_G5_1DO_PG_AtSpeedVmin_st","0","1","1","1","1",""
"P_SRCH_RTA_G5_1PR_PG_AtSpeedVmin_st","0","1","1","1","1",""
"P_SRCH_RTA_G6_1DO_PG_AtSpeedVmin_st","0","1","1","1","1",""
"P_SRCH_RTA_G6_1PR_PG_AtSpeedVmin_st","0","1","1","1","1",""
"P_SRCH_RTA_G7_1DO_PG_AtSpeedVmin_st","0","1","1","1","1",""
"P_SRCH_RTA_G7_1PR_PG_AtSpeedVmin_st","0","1","1","1","1",""
"P_SRCH_RTA_M0_1DO_PG_AtSpeedVmin_st","0","1","1","1","1",""
"P_SRCH_RTA_M0_1PR_PG_AtSpeedVmin_st","0","1","1","1","1",""
"P_SRCH_RTA_T0_FDO_PG_AtSpeedVmin_st","0","1","1","1","1",""
"P_SRCH_RTA_T0_FPR_PG_AtSpeedVmin_st","0","1","1","1","1",""
"P_SRCH_S1R_AA_1PR_PG_AtSpeedVmin_st","0","1","1","1","1",""
"P_SRCH_S1R_G0_1DO_PG_AtSpeedVmin_st","0","1","1","1","1",""
"P_SRCH_S1R_G0_1PR_PG_AtSpeedVmin_st","0","1","1","1","1",""
"P_SRCH_S1R_G1_1DO_PG_AtSpeedVmin_st","0","1","1","1","1",""
"P_SRCH_S1R_G1_1PR_PG_AtSpeedVmin_st","0","1","1","1","1",""
"P_SRCH_S1R_G2_1DO_PG_AtSpeedVmin_st","0","1","1","1","1",""
"P_SRCH_S1R_G2_1PR_PG_AtSpeedVmin_st","0","1","1","1","1",""
"P_SRCH_S1R_G3_1DO_PG_AtSpeedVmin_st","0","1","1","1","1",""
"P_SRCH_S1R_G3_1PR_PG_AtSpeedVmin_st","0","1","1","1","1",""
"P_SRCH_S1R_G4_1DO_PG_AtSpeedVmin_st","0","1","1","1","1",""
"P_SRCH_S1R_G4_1PR_PG_AtSpeedVmin_st","0","1","1","1","1",""
"P_SRCH_S1R_G5_1DO_PG_AtSpeedVmin_st","0","1","1","1","1",""
"P_SRCH_S1R_G5_1PR_PG_AtSpeedVmin_st","0","1","1","1","1",""
"P_SRCH_S1R_G6_1DO_PG_AtSpeedVmin_st","0","1","1","1","1",""
"P_SRCH_S1R_G6_1PR_PG_AtSpeedVmin_st","0","1","1","1","1",""
"P_SRCH_S1R_G7_1DO_PG_AtSpeedVmin_st","0","1","1","1","1",""
"P_SRCH_S1R_G7_1PR_PG_AtSpeedVmin_st","0","1","1","1","1",""
"P_SRCH_S1R_T0_1DO_PG_AtSpeedVmin_st","0","1","1","1","1",""
"P_SRCH_S1R_T0_1PR_PG_AtSpeedVmin_st","0","1","1","1","1",""
"P_SRCH_S2A_C3_2DO_PG_AtSpeedVmin_st","0","1","1","1","1",""
"P_SRCH_S2A_C3_2PR_PG_AtSpeedVmin_st","0","1","1","1","1",""
"P_SRCH_S4A_AA_1DO_PG_AtSpeedVmin_st","0","1","1","1","1",""
"P_SRCH_S4A_AA_1PR_PG_AtSpeedVmin_st","0","1","1","1","1",""
"P_SRCH_S4A_AA_2DO_PG_AtSpeedVmin_st","0","1","1","1","1",""
"P_SRCH_S4A_AA_2PR_PG_AtSpeedVmin_st","0","1","1","1","1",""
"P_SRCH_S4A_G0_1DO_PG_AtSpeedVmin_st","0","1","1","1","1",""
"P_SRCH_S4A_G0_1PR_PG_AtSpeedVmin_st","0","1","1","1","1",""
"P_SRCH_S4A_G0_2DO_PG_AtSpeedVmin_st","0","1","1","1","1",""
"P_SRCH_S4A_G0_2PR_PG_AtSpeedVmin_st","0","1","1","1","1",""
"P_SRCH_S4A_G1_1DO_PG_AtSpeedVmin_st","0","1","1","1","1",""
"P_SRCH_S4A_G1_1PR_PG_AtSpeedVmin_st","0","1","1","1","1",""
"P_SRCH_S4A_G1_2DO_PG_AtSpeedVmin_st","0","1","1","1","1",""
"P_SRCH_S4A_G1_2PR_PG_AtSpeedVmin_st","0","1","1","1","1",""
"P_SRCH_S4A_G2_1DO_PG_AtSpeedVmin_st","0","1","1","1","1",""
"P_SRCH_S4A_G2_1PR_PG_AtSpeedVmin_st","0","1","1","1","1",""
"P_SRCH_S4A_G2_2DO_PG_AtSpeedVmin_st","0","1","1","1","1",""
"P_SRCH_S4A_G2_2PR_PG_AtSpeedVmin_st","0","1","1","1","1",""
"P_SRCH_S4A_G3_1DO_PG_AtSpeedVmin_st","0","1","1","1","1",""
"P_SRCH_S4A_G3_1PR_PG_AtSpeedVmin_st","0","1","1","1","1",""
"P_SRCH_S4A_G3_2DO_PG_AtSpeedVmin_st","0","1","1","1","1",""
"P_SRCH_S4A_G3_2PR_PG_AtSpeedVmin_st","0","1","1","1","1",""
"P_SRCH_S4A_G4_1DO_PG_AtSpeedVmin_st","0","1","1","1","1",""
"P_SRCH_S4A_G4_1PR_PG_AtSpeedVmin_st","0","1","1","1","1",""
"P_SRCH_S4A_G4_2DO_PG_AtSpeedVmin_st","0","1","1","1","1",""
"P_SRCH_S4A_G4_2PR_PG_AtSpeedVmin_st","0","1","1","1","1",""
"P_SRCH_S4A_G5_1DO_PG_AtSpeedVmin_st","0","1","1","1","1",""
"P_SRCH_S4A_G5_1PR_PG_AtSpeedVmin_st","0","1","1","1","1",""
"P_SRCH_S4A_G5_2DO_PG_AtSpeedVmin_st","0","1","1","1","1",""
"P_SRCH_S4A_G5_2PR_PG_AtSpeedVmin_st","0","1","1","1","1",""
"P_SRCH_S4A_G6_1DO_PG_AtSpeedVmin_st","0","1","1","1","1",""
"P_SRCH_S4A_G6_1PR_PG_AtSpeedVmin_st","0","1","1","1","1",""
"P_SRCH_S4A_G6_2DO_PG_AtSpeedVmin_st","0","1","1","1","1",""
"P_SRCH_S4A_G6_2PR_PG_AtSpeedVmin_st","0","1","1","1","1",""
"P_SRCH_S4A_G7_1DO_PG_AtSpeedVmin_st","0","1","1","1","1",""
"P_SRCH_S4A_G7_1PR_PG_AtSpeedVmin_st","0","1","1","1","1",""
"P_SRCH_S4A_G7_2DO_PG_AtSpeedVmin_st","0","1","1","1","1",""
"P_SRCH_S4A_G7_2PR_PG_AtSpeedVmin_st","0","1","1","1","1",""
"P_SRCH_SDP_AA_1DO_PG_AtSpeedVmin_st","0","1","1","1","1",""
"P_SRCH_SDP_AA_1PR_PG_AtSpeedVmin_st","0","1","1","1","1",""
"P_SRCH_SDP_G0_1DO_PG_AtSpeedVmin_st","0","1","1","1","1",""
"P_SRCH_SDP_G0_1PR_PG_AtSpeedVmin_st","0","1","1","1","1",""
"P_SRCH_SDP_G1_1DO_PG_AtSpeedVmin_st","0","1","1","1","1",""
"P_SRCH_SDP_G1_1PR_PG_AtSpeedVmin_st","0","1","1","1","1",""
"P_SRCH_SDP_G2_1DO_PG_AtSpeedVmin_st","0","1","1","1","1",""
"P_SRCH_SDP_G2_1PR_PG_AtSpeedVmin_st","0","1","1","1","1",""
"P_SRCH_SDP_G3_1DO_PG_AtSpeedVmin_st","0","1","1","1","1",""
"P_SRCH_SDP_G3_1PR_PG_AtSpeedVmin_st","0","1","1","1","1",""
"P_SRCH_SDP_G4_1DO_PG_AtSpeedVmin_st","0","1","1","1","1",""
"P_SRCH_SDP_G4_1PR_PG_AtSpeedVmin_st","0","1","1","1","1",""
"P_SRCH_SDP_G5_1DO_PG_AtSpeedVmin_st","0","1","1","1","1",""
"P_SRCH_SDP_G5_1PR_PG_AtSpeedVmin_st","0","1","1","1","1",""
"P_SRCH_SDP_G6_1DO_PG_AtSpeedVmin_st","0","1","1","1","1",""
"P_SRCH_SDP_G6_1PR_PG_AtSpeedVmin_st","0","1","1","1","1",""
"P_SRCH_SDP_G7_1DO_PG_AtSpeedVmin_st","0","1","1","1","1",""
"P_SRCH_SDP_G7_1PR_PG_AtSpeedVmin_st","0","1","1","1","1",""
"P_SRCH_SSP_C1_3DO_PG_AtSpeedVmin_st","0","1","1","1","1",""
"P_SRCH_SSP_C1_3PR_PG_AtSpeedVmin_st","0","1","1","1","1",""
"P_SRCH_SSP_M0_1DO_PG_AtSpeedVmin_st","0","1","1","1","1",""
"P_SRCH_SSP_M0_1PR_PG_AtSpeedVmin_st","0","1","1","1","1",""
"P_SRCH_UHD_AA_3DO_PG_AtSpeedVmin_st","0","1","1","1","1",""
"P_SRCH_UHD_AA_3PR_PG_AtSpeedVmin_st","0","1","1","1","1",""
"P_SRCH_UHD_C1_3DO_PG_AtSpeedVmin_st","0","1","1","1","1",""
"P_SRCH_UHD_C1_3PR_PG_AtSpeedVmin_st","0","1","1","1","1",""
"P_SRCH_UHD_C2_3DO_PG_AtSpeedVmin_st","0","1","1","1","1",""
"P_SRCH_UHD_C2_3PR_PG_AtSpeedVmin_st","0","1","1","1","1",""
"P_SRCH_UHD_C2_4DO_PG_AtSpeedVmin_st","0","1","1","1","1",""
"P_SRCH_UHD_C2_4PR_PG_AtSpeedVmin_st","0","1","1","1","1",""
"P_SRCH_UHD_C3_3DO_PG_AtSpeedVmin_st","0","1","1","1","1",""
"P_SRCH_UHD_C3_3PR_PG_AtSpeedVmin_st","0","1","1","1","1",""
"TRANS_P01_PG_1_AtSpeedVmin_st","0","1","1","1","1",""
"TRANS_P01_PG_AtSpeedVmin_st","0","1","1","1","1",""
"TRANS_P02_PG_1_AtSpeedVmin_st","0","1","1","1","1",""
"TRANS_P02_PG_AtSpeedVmin_st","0","1","1","1","1",""
"TRANS_P03_PG_AtSpeedVmin_st","0","1","1","1","1",""
"TRANS_P04_PG_AtSpeedVmin_st","0","1","1","1","1",""
"TRANS_P05_PG_AtSpeedVmin_st","0","1","1","1","1",""
"TRANS_P06_PG_1_AtSpeedVmin_st","0","1","1","1","1",""
"TRANS_P06_PG_AtSpeedVmin_st","0","1","1","1","1",""
"TRANS_P07_PG_1_AtSpeedVmin_st","0","1","1","1","1",""
"TRANS_P07_PG_AtSpeedVmin_st","0","1","1","1","1",""
"TRANS_P08_PG_1_AtSpeedVmin_st","0","1","1","1","1",""
"TRANS_P08_PG_AtSpeedVmin_st","0","1","1","1","1",""
"TRANS_P09_PG_1_AtSpeedVmin_st","0","1","1","1","1",""
"TRANS_P09_PG_AtSpeedVmin_st","0","1","1","1","1",""
"TRANS_P10_C1_PG_AtSpeedVmin_st","1","1","1","1","1",""
"TRANS_P10_PG_AtSpeedVmin_st","1","1","1","1","1",""
"TRANS_SRCH_P01_C1_PG_AtSpeedVmin_st","0","1","1","1","1",""
"TRANS_SRCH_P01_C2_PG_AtSpeedVmin_st","0","1","1","1","1",""
"TRANS_SRCH_P01_C3_PG_AtSpeedVmin_st","0","1","1","1","1",""
"TRANS_SRCH_P01_C4_PG_AtSpeedVmin_st","0","1","1","1","1",""
"TRANS_SRCH_P02_C2_PG_AtSpeedVmin_st","0","1","1","1","1",""
"TRANS_SRCH_P02_C3_PG_AtSpeedVmin_st","0","1","1","1","1",""
"TRANS_SRCH_P02_C4_PG_AtSpeedVmin_st","0","1","1","1","1",""
"TRANS_SRCH_P02_C6_PG_AtSpeedVmin_st","0","1","1","1","1",""
"TRANS_SRCH_P02_C8_PG_AtSpeedVmin_st","0","1","1","1","1",""
"TRANS_SRCH_P02_CA_PG_AtSpeedVmin_st","0","1","1","1","1",""
"TRANS_SRCH_P02_CB_PG_AtSpeedVmin_st","0","1","1","1","1",""
"TRANS_SRCH_P03_C1_PG_AtSpeedVmin_st","0","1","1","1","1",""
"TRANS_SRCH_P03_C2_PG_AtSpeedVmin_st","0","1","1","1","1",""
"TRANS_SRCH_P03_C3_PG_AtSpeedVmin_st","0","1","1","1","1",""
"TRANS_SRCH_P03_C6_PG_AtSpeedVmin_st","0","1","1","1","1",""
"TRANS_SRCH_P04_C1_PG_AtSpeedVmin_st","0","1","1","1","1",""
"TRANS_SRCH_P04_C2_PG_AtSpeedVmin_st","0","1","1","1","1",""
"TRANS_SRCH_P04_C3_PG_AtSpeedVmin_st","0","1","1","1","1",""
"TRANS_SRCH_P04_C4_PG_AtSpeedVmin_st","0","1","1","1","1",""
"TRANS_SRCH_P04_C6_PG_AtSpeedVmin_st","0","1","1","1","1",""
"TRANS_SRCH_P04_C8_PG_AtSpeedVmin_st","0","1","1","1","1",""
"TRANS_SRCH_P04_CB_PG_AtSpeedVmin_st","0","1","1","1","1",""
"TRANS_SRCH_P05_C3_PG_AtSpeedVmin_st","0","1","1","1","1",""
"TRANS_SRCH_P05_C4_PG_AtSpeedVmin_st","0","1","1","1","1",""
"TRANS_SRCH_P05_C6_PG_AtSpeedVmin_st","0","1","1","1","1",""
"TRANS_SRCH_P06_C1_PG_AtSpeedVmin_st","0","1","1","1","1",""
"TRANS_SRCH_P06_C2_PG_AtSpeedVmin_st","0","1","1","1","1",""
"TRANS_SRCH_P06_C3_PG_1_AtSpeedVmin_st","0","1","1","1","1",""
"TRANS_SRCH_P06_C3_PG_AtSpeedVmin_st","0","1","1","1","1",""
"TRANS_SRCH_P06_C6_PG_AtSpeedVmin_st","0","1","1","1","1",""
"TRANS_SRCH_P06_C8_PG_AtSpeedVmin_st","0","1","1","1","1",""
"TRANS_SRCH_P06_CA_PG_AtSpeedVmin_st","0","1","1","1","1",""
"TRANS_SRCH_P07_C3_PG_AtSpeedVmin_st","0","1","1","1","1",""
"TRANS_SRCH_P07_C4_PG_AtSpeedVmin_st","0","1","1","1","1",""
"TRANS_SRCH_P07_C6_PG_AtSpeedVmin_st","0","1","1","1","1",""
"TRANS_SRCH_P07_CA_PG_AtSpeedVmin_st","0","1","1","1","1",""
"TRANS_SRCH_P08_C3_PG_AtSpeedVmin_st","0","1","1","1","1",""
"TRANS_SRCH_P08_C4_PG_AtSpeedVmin_st","0","1","1","1","1",""
"TRANS_SRCH_P08_C6_PG_AtSpeedVmin_st","0","1","1","1","1",""
"TRANS_SRCH_P09_C2_PG_AtSpeedVmin_st","0","1","1","1","1",""
"TRANS_SRCH_P09_C3_PG_AtSpeedVmin_st","0","1","1","1","1",""
"TRANS_SRCH_P09_C6_PG_AtSpeedVmin_st","0","1","1","1","1",""
"TRANS_SRCH_P10_C1_PG_AtSpeedVmin_st","1","1","1","1","1",""
"TRANS_SRCH_P10_C2_PG_AtSpeedVmin_st","1","1","1","1","1",""
"TRANS_SRCH_P10_C6_PG_AtSpeedVmin_st","1","1","1","1","1",""
"PB_PLL_1PR_AA_3_PG_AtSpeedVskewPhi_st","0","1","1","1","1",""
"PB_PLL_1PR_C1_3_PG_AtSpeedVskewPhi_st","0","1","1","1","1",""
"PB_PLL_1PR_C3_3_PG_AtSpeedVskewPhi_st","0","1","1","1","1",""
"PB_PLL_1PR_C3_4_PG_AtSpeedVskewPhi_st","0","1","1","1","1",""
"PB_PLL_1PR_T0_1_PG_AtSpeedVskewPhi_st","0","1","1","1","1",""
"PB_PLL_2PR_AA_3_PG_AtSpeedVskewPhi_st","0","1","1","1","1",""
"PB_PLL_2PR_C1_3_PG_AtSpeedVskewPhi_st","0","1","1","1","1",""
"PB_PLL_2PR_C2_2_PG_AtSpeedVskewPhi_st","0","1","1","1","1",""
"PB_PLL_2PR_C3_3_PG_AtSpeedVskewPhi_st","0","1","1","1","1",""
"PB_PLL_2PR_C3_4_PG_AtSpeedVskewPhi_st","0","1","1","1","1",""
"PB_PLL_DSP_AA_3_PG_AtSpeedVskewPhi_st","0","1","1","1","1",""
"PB_PLL_DSP_AA_6_PG_AtSpeedVskewPhi_st","0","1","1","1","1",""
"PB_PLL_DSP_C1_3_PG_AtSpeedVskewPhi_st","0","1","1","1","1",""
"PB_PLL_DSP_C1_6_PG_AtSpeedVskewPhi_st","0","1","1","1","1",""
"PB_PLL_DSP_C2_3_PG_AtSpeedVskewPhi_st","0","1","1","1","1",""
"PB_PLL_DSP_C2_6_PG_AtSpeedVskewPhi_st","0","1","1","1","1",""
"PB_PLL_DSP_C3_2_PG_AtSpeedVskewPhi_st","0","1","1","1","1",""
"PB_PLL_DSP_C3_3_PG_AtSpeedVskewPhi_st","0","1","1","1","1",""
"PB_PLL_DSP_C3_6_PG_AtSpeedVskewPhi_st","0","1","1","1","1",""
"PB_PLL_DSP_T0_F_PG_AtSpeedVskewPhi_st","0","1","1","1","1",""
"PB_PLL_DSP_T0_T_PG_AtSpeedVskewPhi_st","0","1","1","1","1",""
"PB_PLL_RTA_AA_1_PG_AtSpeedVskewPhi_st","0","1","1","1","1",""
"PB_PLL_RTA_G0_1_PG_AtSpeedVskewPhi_st","0","1","1","1","1",""
"PB_PLL_RTA_G1_1_PG_AtSpeedVskewPhi_st","0","1","1","1","1",""
"PB_PLL_RTA_G2_1_PG_AtSpeedVskewPhi_st","0","1","1","1","1",""
"PB_PLL_RTA_G3_1_PG_AtSpeedVskewPhi_st","0","1","1","1","1",""
"PB_PLL_RTA_G4_1_PG_AtSpeedVskewPhi_st","0","1","1","1","1",""
"PB_PLL_RTA_G5_1_PG_AtSpeedVskewPhi_st","0","1","1","1","1",""
"PB_PLL_RTA_G6_1_PG_AtSpeedVskewPhi_st","0","1","1","1","1",""
"PB_PLL_RTA_G7_1_PG_AtSpeedVskewPhi_st","0","1","1","1","1",""
"PB_PLL_RTA_M0_1_PG_AtSpeedVskewPhi_st","0","1","1","1","1",""
"PB_PLL_RTA_T0_F_PG_AtSpeedVskewPhi_st","0","1","1","1","1",""
"PB_PLL_S1R_AA_1_PG_AtSpeedVskewPhi_st","0","1","1","1","1",""
"PB_PLL_S1R_G0_1_PG_AtSpeedVskewPhi_st","0","1","1","1","1",""
"PB_PLL_S1R_G1_1_PG_AtSpeedVskewPhi_st","0","1","1","1","1",""
"PB_PLL_S1R_G2_1_PG_AtSpeedVskewPhi_st","0","1","1","1","1",""
"PB_PLL_S1R_G3_1_PG_AtSpeedVskewPhi_st","0","1","1","1","1",""
"PB_PLL_S1R_G4_1_PG_AtSpeedVskewPhi_st","0","1","1","1","1",""
"PB_PLL_S1R_G5_1_PG_AtSpeedVskewPhi_st","0","1","1","1","1",""
"PB_PLL_S1R_G6_1_PG_AtSpeedVskewPhi_st","0","1","1","1","1",""
"PB_PLL_S1R_G7_1_PG_AtSpeedVskewPhi_st","0","1","1","1","1",""
"PB_PLL_S1R_T0_1_PG_AtSpeedVskewPhi_st","0","1","1","1","1",""
"PB_PLL_S2A_C3_2_PG_AtSpeedVskewPhi_st","0","1","1","1","1",""
"PB_PLL_S4A_AA_1_PG_AtSpeedVskewPhi_st","0","1","1","1","1",""
"PB_PLL_S4A_AA_2_PG_AtSpeedVskewPhi_st","0","1","1","1","1",""
"PB_PLL_S4A_G0_1_PG_AtSpeedVskewPhi_st","0","1","1","1","1",""
"PB_PLL_S4A_G0_2_PG_AtSpeedVskewPhi_st","0","1","1","1","1",""
"PB_PLL_S4A_G1_1_PG_AtSpeedVskewPhi_st","0","1","1","1","1",""
"PB_PLL_S4A_G1_2_PG_AtSpeedVskewPhi_st","0","1","1","1","1",""
"PB_PLL_S4A_G2_1_PG_AtSpeedVskewPhi_st","0","1","1","1","1",""
"PB_PLL_S4A_G2_2_PG_AtSpeedVskewPhi_st","0","1","1","1","1",""
"PB_PLL_S4A_G3_1_PG_AtSpeedVskewPhi_st","0","1","1","1","1",""
"PB_PLL_S4A_G3_2_PG_AtSpeedVskewPhi_st","0","1","1","1","1",""
"PB_PLL_S4A_G4_1_PG_AtSpeedVskewPhi_st","0","1","1","1","1",""
"PB_PLL_S4A_G4_2_PG_AtSpeedVskewPhi_st","0","1","1","1","1",""
"PB_PLL_S4A_G5_1_PG_AtSpeedVskewPhi_st","0","1","1","1","1",""
"PB_PLL_S4A_G5_2_PG_AtSpeedVskewPhi_st","0","1","1","1","1",""
"PB_PLL_S4A_G6_1_PG_AtSpeedVskewPhi_st","0","1","1","1","1",""
"PB_PLL_S4A_G6_2_PG_AtSpeedVskewPhi_st","0","1","1","1","1",""
"PB_PLL_S4A_G7_1_PG_AtSpeedVskewPhi_st","0","1","1","1","1",""
"PB_PLL_S4A_G7_2_PG_AtSpeedVskewPhi_st","0","1","1","1","1",""
"PB_PLL_SDP_AA_1_PG_AtSpeedVskewPhi_st","0","1","1","1","1",""
"PB_PLL_SDP_G0_1_PG_AtSpeedVskewPhi_st","0","1","1","1","1",""
"PB_PLL_SDP_G1_1_PG_AtSpeedVskewPhi_st","0","1","1","1","1",""
"PB_PLL_SDP_G2_1_PG_AtSpeedVskewPhi_st","0","1","1","1","1",""
"PB_PLL_SDP_G3_1_PG_AtSpeedVskewPhi_st","0","1","1","1","1",""
"PB_PLL_SDP_G4_1_PG_AtSpeedVskewPhi_st","0","1","1","1","1",""
"PB_PLL_SDP_G5_1_PG_AtSpeedVskewPhi_st","0","1","1","1","1",""
"PB_PLL_SDP_G6_1_PG_AtSpeedVskewPhi_st","0","1","1","1","1",""
"PB_PLL_SDP_G7_1_PG_AtSpeedVskewPhi_st","0","1","1","1","1",""
"PB_PLL_SSP_C1_3_PG_AtSpeedVskewPhi_st","0","1","1","1","1",""
"PB_PLL_SSP_M0_1_PG_AtSpeedVskewPhi_st","0","1","1","1","1",""
"PB_PLL_UHD_AA_3_PG_AtSpeedVskewPhi_st","0","1","1","1","1",""
"PB_PLL_UHD_C1_3_PG_AtSpeedVskewPhi_st","0","1","1","1","1",""
"PB_PLL_UHD_C2_3_PG_AtSpeedVskewPhi_st","0","1","1","1","1",""
"PB_PLL_UHD_C2_4_PG_AtSpeedVskewPhi_st","0","1","1","1","1",""
"PB_PLL_UHD_C3_3_PG_AtSpeedVskewPhi_st","0","1","1","1","1",""
"ALL_XX_MC_PG_VminSearch_st","0","0","0","0","0",""
"C3DSPA_PG_VminSearch_st","0","0","0","0","0",""
"CHAIN_P00_P10_PG_VminSearch_st","0","0","0","0","0",""
"DDRDATAPHY_E_A_PG_VminSearch_st","0","0","0","0","0",""
"HAFTAA_C3DSPA_PG_VminSearch_st","0","0","0","0","0",""
"HAFTAA_OTHER_PG_VminSearch_st","0","0","0","0","0",""
"HAFTAA_RTA_PG_VminSearch_st","0","0","0","0","0",""
"LED_ARM_AA_PG_FreqSearch_st","0","0","0","0","0",""
"LED_ARM_AA_PG_VminSearch_st","0","0","0","0","0",""
"LED_BCP_AG_PG_FreqSearch_st","0","0","0","0","0",""
"LED_BCP_AG_PG_VminSearch_st","0","0","0","0","0",""
"LED_DDR_ACPHY_I_A_PG_FreqSearch_st","0","0","0","0","0",""
"LED_DDR_ACPHY_I_B_PG_FreqSearch_st","0","0","0","0","0",""
"LED_DDR_DATAPHY_E_A_PG_FreqSearch_st","0","0","0","0","0",""
"LED_DDR_DATAPHY_E_B_PG_FreqSearch_st","0","0","0","0","0",""
"LED_DDR_DATAPHY_I_A_PG_FreqSearch_st","0","0","0","0","0",""
"LED_DDR_DATAPHY_I_B_PG_FreqSearch_st","0","0","0","0","0",""
"LED_EDMA_AG_PG_FreqSearch_st","0","0","0","0","0",""
"LED_GEM_AG_PG_FreqSearch_st","0","0","0","0","0",""
"LED_GEM_AG_PG_VminSearch_st","0","0","0","0","0",""
"LED_GEM_L2_AG_PG_FreqSearch_st","0","0","0","0","0",""
"LED_GEM_L2_AG_PG_VminSearch_st","0","0","0","0","0",""
"LED_GEM_XM_AG_PG_FreqSearch_st","0","0","0","0","0",""
"LED_GEM_XM_AG_PG_VminSearch_st","0","0","0","0","0",""
"LED_MSMC_AG_PG_FreqSearch_st","0","0","0","0","0",""
"LED_MSMC_AG_PG_VminSearch_st","0","0","0","0","0",""
"LED_PHY_AIF_PG_FreqSearch_st","0","0","0","0","0",""
"LED_PHY_AIF_PG_VminSearch_st","0","0","0","0","0",""
"LED_PHY_PCIE_PG_FreqSearch_st","0","0","0","0","0",""
"LED_PHY_PCIE_PG_VminSearch_st","0","0","0","0","0",""
"LED_PHY_SGMII_PG_FreqSearch_st","0","0","0","0","0",""
"LED_PHY_SGMII_PG_VminSearch_st","0","0","0","0","0",""
"LED_PHY_SRIO_PG_FreqSearch_st","0","0","0","0","0",""
"LED_PHY_SRIO_PG_VminSearch_st","0","0","0","0","0",""
"LED_PHY_VUSR_PG_FreqSearch_st","0","0","0","0","0",""
"LED_PHY_VUSR_PG_VminSearch_st","0","0","0","0","0",""
"LED_PHY_XGE_PG_FreqSearch_st","0","0","0","0","0",""
"LED_PHY_XGE_PG_VminSearch_st","0","0","0","0","0",""
"OTHER_PG_VminSearch_st","0","0","0","0","0",""
"RTA_M0_1DO_PG_FreqSearch_st","0","0","0","0","0",""
"RTA_M0_1DO_PG_VminSearch_st","0","0","0","0","0",""
"RTA_PG_VminSearch_st","0","0","0","0","0",""
"S1R_G0_1DO_PG_FreqSearch_st","0","0","0","0","0",""
"S1R_T0_1DO_PG_FreqSearch_st","0","0","0","0","0",""
"S1R_T0_1DO_PG_VminSearch_st","0","0","0","0","0",""
"SAF_P00_P10_PG_VminSearch_st","0","0","0","0","0",""
"SRCH_P04_C1_PG_FreqSearch_st","0","0","0","0","0",""
"TRANS_P01_C1_PG_FreqSearch_st","0","0","0","0","0",""
"TRANS_P02_C2_PG_FreqSearch_st","0","0","0","0","0",""
"TRANS_P03_C1_PG_FreqSearch_st","0","0","0","0","0",""
"TRANS_P04_C3_PG_FreqSearch_st","0","0","0","0","0",""
"TRANS_P05_C3_PG_FreqSearch_st","0","0","0","0","0",""
"TRANS_P06_C1_PG_FreqSearch_st","0","0","0","0","0",""
"TRANS_P07_C3_PG_FreqSearch_st","0","0","0","0","0",""
"TRANS_P08_C3_PG_FreqSearch_st","0","0","0","0","0",""
"TRANS_P09_C2_PG_FreqSearch_st","0","0","0","0","0",""
"TRANS_P10_C1_PG_FreqSearch_st","0","0","0","0","0",""
"TRANS_P10_CPU_PG_FreqSearch_st","0","0","0","0","0",""
"binSrch_ALL_XX_MC_PG_VminSearch_st","0","0","0","0","0",""
"binSrch_C3DSPA_PG_VminSearch_st","0","0","0","0","0",""
"binSrch_CHAIN_2XPR_CMP2_PG_VminSearch_st","0","0","0","0","0",""
"binSrch_CHAIN_2XPR_CMP_PG_VminSearch_st","0","0","0","0","0",""
"binSrch_CHAIN_DMA_PG_VminSearch_st","0","0","0","0","0",""
"binSrch_CHAIN_P00_P10_PG_VminSearch_st","0","0","0","0","0",""
"binSrch_DDRDATAPHY_E_A_PG_VminSearch_st","0","0","0","0","0",""
"binSrch_HAFTAA_C3DSPA_PG_VminSearch_st","0","0","0","0","0",""
"binSrch_HAFTAA_OTHER_PG_VminSearch_st","0","0","0","0","0",""
"binSrch_HAFTAA_RTA_PG_VminSearch_st","0","0","0","0","0",""
"binSrch_LED_ARM_AA_PG_VminSearch_st","0","0","0","0","0",""
"binSrch_LED_BCP_AG_PG_VminSearch_st","0","0","0","0","0",""
"binSrch_LED_DDR_DATAPHY_E_A_PG_VminSearch_st","0","0","0","0","0",""
"binSrch_LED_GEM_AG_PG_VminSearch_st","0","0","0","0","0",""
"binSrch_LED_GEM_L2_AG_PG_VminSearch_st","0","0","0","0","0",""
"binSrch_LED_GEM_XM_AG_PG_VminSearch_st","0","0","0","0","0",""
"binSrch_LED_MSMC_AG_PG_VminSearch_st","0","0","0","0","0",""
"binSrch_LED_PHY_AIF_PG_VminSearch_st","0","0","0","0","0",""
"binSrch_LED_PHY_PCIE_PG_VminSearch_st","0","0","0","0","0",""
"binSrch_LED_PHY_SGMII_PG_VminSearch_st","0","0","0","0","0",""
"binSrch_LED_PHY_SRIO_PG_VminSearch_st","0","0","0","0","0",""
"binSrch_LED_PHY_VUSR_PG_VminSearch_st","0","0","0","0","0",""
"binSrch_LED_PHY_XGE_PG_VminSearch_st","0","0","0","0","0",""
"binSrch_OTHER_PG_VminSearch_st","0","0","0","0","0",""
"binSrch_RTA_M0_1DO_PG_VminSearch_st","0","0","0","0","0",""
"binSrch_RTA_PG_VminSearch_st","0","0","0","0","0",""
"binSrch_S1R_T0_1DO_PG_VminSearch_st","0","0","0","0","0",""
"binSrch_SAF_2XPR_CMP2_PG_VminSearch_st","0","0","0","0","0",""
"binSrch_SAF_2XPR_CMP_PG_VminSearch_st","0","0","0","0","0",""
"binSrch_SAF_DMA_PG_VminSearch_st","0","0","0","0","0",""
"binSrch_SAF_P00_P10_PG_VminSearch_st","0","0","0","0","0",""
"BRDG_P00_PG_FuncVmaxFT_st","0","1","1","1","1",""
"BRDG_P01_PG_FuncVmaxFT_st","0","1","1","1","1",""
"BRDG_P02_PG_1_FuncVmaxFT_st","0","1","1","1","1",""
"BRDG_P02_PG_FuncVmaxFT_st","0","1","1","1","1",""
"BRDG_P03_PG_FuncVmaxFT_st","0","1","1","1","1",""
"BRDG_P04_PG_FuncVmaxFT_st","0","1","1","1","1",""
"BRDG_P05_PG_FuncVmaxFT_st","0","1","1","1","1",""
"BRDG_P06_PG_1_FuncVmaxFT_st","0","1","1","1","1",""
"BRDG_P06_PG_FuncVmaxFT_st","0","1","1","1","1",""
"BRDG_P07_PG_FuncVmaxFT_st","0","1","1","1","1",""
"BRDG_P08_PG_FuncVmaxFT_st","0","1","1","1","1",""
"BRDG_P09_PG_1_FuncVmaxFT_st","0","1","1","1","1",""
"BRDG_P09_PG_FuncVmaxFT_st","0","1","1","1","1",""
"BRDG_P10_PG_FuncVmaxFT_st","0","1","1","1","1",""
"BRDG_SRCH_P00_PG_FuncVmaxFT_st","0","1","1","1","1",""
"BRDG_SRCH_P01_PG_FuncVmaxFT_st","0","1","1","1","1",""
"BRDG_SRCH_P02_PG_FuncVmaxFT_st","0","1","1","1","1",""
"BRDG_SRCH_P03_PG_FuncVmaxFT_st","0","1","1","1","1",""
"BRDG_SRCH_P04_PG_FuncVmaxFT_st","0","1","1","1","1",""
"BRDG_SRCH_P05_PG_FuncVmaxFT_st","0","1","1","1","1",""
"BRDG_SRCH_P06_PG_FuncVmaxFT_st","0","1","1","1","1",""
"BRDG_SRCH_P07_PG_FuncVmaxFT_st","0","1","1","1","1",""
"BRDG_SRCH_P08_PG_FuncVmaxFT_st","0","1","1","1","1",""
"BRDG_SRCH_P09_PG_FuncVmaxFT_st","0","1","1","1","1",""
"BRDG_SRCH_P10_PG_FuncVmaxFT_st","0","1","1","1","1",""
"CHAIN_P00_PG_1_FuncVmaxFT_st","0","1","1","1","1",""
"CHAIN_P00_PG_2_FuncVmaxFT_st","0","1","1","1","1",""
"CHAIN_P00_PG_FuncVmaxFT_st","0","1","1","1","1",""
"CHAIN_P01_PG_1_FuncVmaxFT_st","0","1","1","1","1",""
"CHAIN_P01_PG_2_FuncVmaxFT_st","0","1","1","1","1",""
"CHAIN_P01_PG_3_FuncVmaxFT_st","0","1","1","1","1",""
"CHAIN_P01_PG_FuncVmaxFT_st","0","1","1","1","1",""
"CHAIN_P02_PG_1_FuncVmaxFT_st","0","1","1","1","1",""
"CHAIN_P02_PG_2_FuncVmaxFT_st","0","1","1","1","1",""
"CHAIN_P02_PG_3_FuncVmaxFT_st","0","1","1","1","1",""
"CHAIN_P02_PG_FuncVmaxFT_st","0","1","1","1","1",""
"CHAIN_P03_PG_1_FuncVmaxFT_st","0","1","1","1","1",""
"CHAIN_P03_PG_2_FuncVmaxFT_st","0","1","1","1","1",""
"CHAIN_P03_PG_3_FuncVmaxFT_st","0","1","1","1","1",""
"CHAIN_P03_PG_FuncVmaxFT_st","0","1","1","1","1",""
"CHAIN_P04_PG_1_FuncVmaxFT_st","0","1","1","1","1",""
"CHAIN_P04_PG_2_FuncVmaxFT_st","0","1","1","1","1",""
"CHAIN_P04_PG_3_FuncVmaxFT_st","0","1","1","1","1",""
"CHAIN_P04_PG_FuncVmaxFT_st","0","1","1","1","1",""
"CHAIN_P05_PG_1_FuncVmaxFT_st","0","1","1","1","1",""
"CHAIN_P05_PG_2_FuncVmaxFT_st","0","1","1","1","1",""
"CHAIN_P05_PG_3_FuncVmaxFT_st","0","1","1","1","1",""
"CHAIN_P05_PG_FuncVmaxFT_st","0","1","1","1","1",""
"CHAIN_P06_PG_1_FuncVmaxFT_st","0","1","1","1","1",""
"CHAIN_P06_PG_2_FuncVmaxFT_st","0","1","1","1","1",""
"CHAIN_P06_PG_3_FuncVmaxFT_st","0","1","1","1","1",""
"CHAIN_P06_PG_FuncVmaxFT_st","0","1","1","1","1",""
"CHAIN_P07_PG_1_FuncVmaxFT_st","0","1","1","1","1",""
"CHAIN_P07_PG_2_FuncVmaxFT_st","0","1","1","1","1",""
"CHAIN_P07_PG_3_FuncVmaxFT_st","0","1","1","1","1",""
"CHAIN_P07_PG_FuncVmaxFT_st","0","1","1","1","1",""
"CHAIN_P08_PG_1_FuncVmaxFT_st","0","1","1","1","1",""
"CHAIN_P08_PG_2_FuncVmaxFT_st","0","1","1","1","1",""
"CHAIN_P08_PG_3_FuncVmaxFT_st","0","1","1","1","1",""
"CHAIN_P08_PG_FuncVmaxFT_st","0","1","1","1","1",""
"CHAIN_P09_PG_1_FuncVmaxFT_st","0","1","1","1","1",""
"CHAIN_P09_PG_2_FuncVmaxFT_st","0","1","1","1","1",""
"CHAIN_P09_PG_3_FuncVmaxFT_st","0","1","1","1","1",""
"CHAIN_P09_PG_FuncVmaxFT_st","0","1","1","1","1",""
"CHAIN_P10_PG_1_FuncVmaxFT_st","0","1","1","1","1",""
"CHAIN_P10_PG_2_FuncVmaxFT_st","0","1","1","1","1",""
"CHAIN_P10_PG_3_FuncVmaxFT_st","0","1","1","1","1",""
"CHAIN_P10_PG_FuncVmaxFT_st","0","1","1","1","1",""
"CHAIN_SRCH_DFTSS_PG_FuncVmaxFT_st","0","1","1","1","1",""
"CHAIN_SRCH_P00_PG_FuncVmaxFT_st","0","1","1","1","1",""
"CHAIN_SRCH_P01_PG_FuncVmaxFT_st","0","1","1","1","1",""
"CHAIN_SRCH_P02_PG_FuncVmaxFT_st","0","1","1","1","1",""
"CHAIN_SRCH_P03_PG_FuncVmaxFT_st","0","1","1","1","1",""
"CHAIN_SRCH_P04_PG_FuncVmaxFT_st","0","1","1","1","1",""
"CHAIN_SRCH_P05_PG_FuncVmaxFT_st","0","1","1","1","1",""
"CHAIN_SRCH_P06_PG_FuncVmaxFT_st","0","1","1","1","1",""
"CHAIN_SRCH_P07_PG_FuncVmaxFT_st","0","1","1","1","1",""
"CHAIN_SRCH_P08_PG_FuncVmaxFT_st","0","1","1","1","1",""
"CHAIN_SRCH_P09_PG_FuncVmaxFT_st","0","1","1","1","1",""
"CHAIN_SRCH_P10_PG_FuncVmaxFT_st","0","1","1","1","1",""
"CHAIN_SRCH_PWRSWT_PG_FuncVmaxFT_st","0","1","1","1","1",""
"SAF_FULCHP_PG_FuncVmaxFT_st","0","1","1","1","1",""
"SAF_P00_PG_FuncVmaxFT_st","0","1","1","1","1",""
"SAF_P01_PG_FuncVmaxFT_st","0","1","1","1","1",""
"SAF_P02_PG_FuncVmaxFT_st","0","1","1","1","1",""
"SAF_P03_PG_FuncVmaxFT_st","0","1","1","1","1",""
"SAF_P04_PG_FuncVmaxFT_st","0","1","1","1","1",""
"SAF_P05_PG_FuncVmaxFT_st","0","1","1","1","1",""
"SAF_P06_PG_FuncVmaxFT_st","0","1","1","1","1",""
"SAF_P07_PG_FuncVmaxFT_st","0","1","1","1","1",""
"SAF_P08_PG_FuncVmaxFT_st","0","1","1","1","1",""
"SAF_P09_PG_FuncVmaxFT_st","0","1","1","1","1",""
"SAF_P10_PG_FuncVmaxFT_st","0","1","1","1","1",""
"SAF_PWRSWT_PG_FuncVmaxFT_st","0","1","1","1","1",""
"SAF_SRCH_DFTSS_PG_FuncVmaxFT_st","0","1","1","1","1",""
"SAF_SRCH_FULCHP_PG_FuncVmaxFT_st","0","1","1","1","1",""
"SAF_SRCH_P00_PG_FuncVmaxFT_st","0","1","1","1","1",""
"SAF_SRCH_P01_PG_FuncVmaxFT_st","0","1","1","1","1",""
"SAF_SRCH_P02_PG_FuncVmaxFT_st","0","1","1","1","1",""
"SAF_SRCH_P03_PG_FuncVmaxFT_st","0","1","1","1","1",""
"SAF_SRCH_P04_PG_FuncVmaxFT_st","0","1","1","1","1",""
"SAF_SRCH_P05_PG_FuncVmaxFT_st","0","1","1","1","1",""
"SAF_SRCH_P06_PG_FuncVmaxFT_st","0","1","1","1","1",""
"SAF_SRCH_P07_PG_FuncVmaxFT_st","0","1","1","1","1",""
"SAF_SRCH_P08_PG_FuncVmaxFT_st","0","1","1","1","1",""
"SAF_SRCH_P09_PG_FuncVmaxFT_st","0","1","1","1","1",""
"SAF_SRCH_P10_PG_FuncVmaxFT_st","0","1","1","1","1",""
"SAF_SRCH_PWRSWT_PG_FuncVmaxFT_st","0","1","1","1","1",""
"LED_ACPHY_DDR_PG_AtSpeedVmax_st","0","1","1","1","1",""
"LED_AIF_PG_AtSpeedVmax_st","0","1","1","1","1",""
"LED_ALLCORES_PG_AtSpeedVmax_st","0","1","1","1","1",""
"LED_ARM_PG_AtSpeedVmax_st","0","1","1","1","1",""
"LED_ATDF_PG_AtSpeedVmax_st","0","1","1","1","1",""
"LED_BCP_PG_AtSpeedVmax_st","0","1","1","1","1",""
"LED_BCR_PG_AtSpeedVmax_st","0","1","1","1","1",""
"LED_BOOT_PG_AtSpeedVmax_st","0","1","1","1","1",""
"LED_DATPHY_DDR_PG_AtSpeedVmax_st","0","1","1","1","1",""
"LED_DDR_PG_AtSpeedVmax_st","0","1","1","1","1",""
"LED_EDMA_PG_AtSpeedVmax_st","0","1","1","1","1",""
"LED_EMIF_PG_AtSpeedVmax_st","0","1","1","1","1",""
"LED_FFTC_PG_AtSpeedVmax_st","0","1","1","1","1",""
"LED_GEM_PG_AtSpeedVmax_st","0","1","1","1","1",""
"LED_GPIO_PG_AtSpeedVmax_st","0","1","1","1","1",""
"LED_I2C_PG_AtSpeedVmax_st","0","1","1","1","1",""
"LED_INTC_PG_AtSpeedVmax_st","0","1","1","1","1",""
"LED_MPU_PG_AtSpeedVmax_st","0","1","1","1","1",""
"LED_MSMC_PG_AtSpeedVmax_st","0","1","1","1","1",""
"LED_OTHERS_01_PG_AtSpeedVmax_st","0","1","1","1","1",""
"LED_OTHERS_10_PG_AtSpeedVmax_st","0","1","1","1","1",""
"LED_OTHERS_11_PG_AtSpeedVmax_st","0","1","1","1","1",""
"LED_PA_PG_AtSpeedVmax_st","0","1","1","1","1",""
"LED_PCIE_PG_AtSpeedVmax_st","0","1","1","1","1",""
"LED_PHY_AIF_PG_AtSpeedVmax_st","0","1","1","1","1",""
"LED_PHY_PCIE_PG_AtSpeedVmax_st","0","1","1","1","1",""
"LED_PHY_SGMII_PG_AtSpeedVmax_st","0","1","1","1","1",""
"LED_PHY_SRIO_PG_AtSpeedVmax_st","0","1","1","1","1",""
"LED_PHY_USB_PG_AtSpeedVmax_st","0","1","1","1","1",""
"LED_PHY_VUSR_PG_AtSpeedVmax_st","0","1","1","1","1",""
"LED_PHY_XGE_PG_AtSpeedVmax_st","0","1","1","1","1",""
"LED_PLLCTRL_PG_AtSpeedVmax_st","0","1","1","1","1",""
"LED_PSC_PG_AtSpeedVmax_st","0","1","1","1","1",""
"LED_QMSS_PG_AtSpeedVmax_st","0","1","1","1","1",""
"LED_RAC_PG_AtSpeedVmax_st","0","1","1","1","1",""
"LED_SEC_PG_AtSpeedVmax_st","0","1","1","1","1",""
"LED_SGMII_PG_AtSpeedVmax_st","0","1","1","1","1",""
"LED_SM2_PG_AtSpeedVmax_st","0","1","1","1","1",""
"LED_SPI_PG_AtSpeedVmax_st","0","1","1","1","1",""
"LED_SRCH_ARM_PG_AtSpeedVmax_st","0","1","1","1","1",""
"LED_SRCH_BCP_PG_AtSpeedVmax_st","0","1","1","1","1",""
"LED_SRCH_GEM_PG_AtSpeedVmax_st","0","1","1","1","1",""
"LED_SRCH_MSMC_PG_AtSpeedVmax_st","0","1","1","1","1",""
"LED_SRIO_PG_AtSpeedVmax_st","0","1","1","1","1",""
"LED_SRSS_PG_AtSpeedVmax_st","0","1","1","1","1",""
"LED_TAC_PG_AtSpeedVmax_st","0","1","1","1","1",""
"LED_TCP_PG_AtSpeedVmax_st","0","1","1","1","1",""
"LED_TIMER_PG_AtSpeedVmax_st","0","1","1","1","1",""
"LED_TRACER_PG_AtSpeedVmax_st","0","1","1","1","1",""
"LED_UART_PG_AtSpeedVmax_st","0","1","1","1","1",""
"LED_USB_PG_AtSpeedVmax_st","0","1","1","1","1",""
"LED_USIM_PG_AtSpeedVmax_st","0","1","1","1","1",""
"LED_VCP_PG_AtSpeedVmax_st","0","1","1","1","1",""
"LED_VUSR_PG_AtSpeedVmax_st","0","1","1","1","1",""
"LED_XGE_PG_AtSpeedVmax_st","0","1","1","1","1",""
"PB_PLL_1PR_AA_3_PG_AtSpeedVmax_st","0","1","1","1","1",""
"PB_PLL_1PR_C1_3_PG_AtSpeedVmax_st","0","1","1","1","1",""
"PB_PLL_1PR_C3_3_PG_AtSpeedVmax_st","0","1","1","1","1",""
"PB_PLL_1PR_C3_4_PG_AtSpeedVmax_st","0","1","1","1","1",""
"PB_PLL_1PR_T0_1_PG_AtSpeedVmax_st","0","1","1","1","1",""
"PB_PLL_2PR_AA_3_PG_AtSpeedVmax_st","0","1","1","1","1",""
"PB_PLL_2PR_C1_3_PG_AtSpeedVmax_st","0","1","1","1","1",""
"PB_PLL_2PR_C2_2_PG_AtSpeedVmax_st","0","1","1","1","1",""
"PB_PLL_2PR_C3_3_PG_AtSpeedVmax_st","0","1","1","1","1",""
"PB_PLL_2PR_C3_4_PG_AtSpeedVmax_st","0","1","1","1","1",""
"PB_PLL_DSP_AA_3_PG_AtSpeedVmax_st","0","1","1","1","1",""
"PB_PLL_DSP_AA_6_PG_AtSpeedVmax_st","0","1","1","1","1",""
"PB_PLL_DSP_C1_3_PG_AtSpeedVmax_st","0","1","1","1","1",""
"PB_PLL_DSP_C1_6_PG_AtSpeedVmax_st","0","1","1","1","1",""
"PB_PLL_DSP_C2_3_PG_AtSpeedVmax_st","0","1","1","1","1",""
"PB_PLL_DSP_C2_6_PG_AtSpeedVmax_st","0","1","1","1","1",""
"PB_PLL_DSP_C3_2_PG_AtSpeedVmax_st","0","1","1","1","1",""
"PB_PLL_DSP_C3_3_PG_AtSpeedVmax_st","0","1","1","1","1",""
"PB_PLL_DSP_C3_6_PG_AtSpeedVmax_st","0","1","1","1","1",""
"PB_PLL_DSP_T0_F_PG_AtSpeedVmax_st","0","1","1","1","1",""
"PB_PLL_DSP_T0_T_PG_AtSpeedVmax_st","0","1","1","1","1",""
"PB_PLL_ROM_PG_AtSpeedVmax_st","0","1","1","1","1",""
"PB_PLL_RTA_AA_1_PG_AtSpeedVmax_st","0","1","1","1","1",""
"PB_PLL_RTA_G0_1_PG_AtSpeedVmax_st","0","1","1","1","1",""
"PB_PLL_RTA_G1_1_PG_AtSpeedVmax_st","0","1","1","1","1",""
"PB_PLL_RTA_G2_1_PG_AtSpeedVmax_st","0","1","1","1","1",""
"PB_PLL_RTA_G3_1_PG_AtSpeedVmax_st","0","1","1","1","1",""
"PB_PLL_RTA_G4_1_PG_AtSpeedVmax_st","0","1","1","1","1",""
"PB_PLL_RTA_G5_1_PG_AtSpeedVmax_st","0","1","1","1","1",""
"PB_PLL_RTA_G6_1_PG_AtSpeedVmax_st","0","1","1","1","1",""
"PB_PLL_RTA_G7_1_PG_AtSpeedVmax_st","0","1","1","1","1",""
"PB_PLL_RTA_M0_1_PG_AtSpeedVmax_st","0","1","1","1","1",""
"PB_PLL_RTA_T0_F_PG_AtSpeedVmax_st","0","1","1","1","1",""
"PB_PLL_S1R_AA_1_PG_AtSpeedVmax_st","0","1","1","1","1",""
"PB_PLL_S1R_G0_1_PG_AtSpeedVmax_st","0","1","1","1","1",""
"PB_PLL_S1R_G1_1_PG_AtSpeedVmax_st","0","1","1","1","1",""
"PB_PLL_S1R_G2_1_PG_AtSpeedVmax_st","0","1","1","1","1",""
"PB_PLL_S1R_G3_1_PG_AtSpeedVmax_st","0","1","1","1","1",""
"PB_PLL_S1R_G4_1_PG_AtSpeedVmax_st","0","1","1","1","1",""
"PB_PLL_S1R_G5_1_PG_AtSpeedVmax_st","0","1","1","1","1",""
"PB_PLL_S1R_G6_1_PG_AtSpeedVmax_st","0","1","1","1","1",""
"PB_PLL_S1R_G7_1_PG_AtSpeedVmax_st","0","1","1","1","1",""
"PB_PLL_S1R_T0_1_PG_AtSpeedVmax_st","0","1","1","1","1",""
"PB_PLL_S2A_C3_2_PG_AtSpeedVmax_st","0","1","1","1","1",""
"PB_PLL_S4A_AA_1_PG_AtSpeedVmax_st","0","1","1","1","1",""
"PB_PLL_S4A_AA_2_PG_AtSpeedVmax_st","0","1","1","1","1",""
"PB_PLL_S4A_G0_1_PG_AtSpeedVmax_st","0","1","1","1","1",""
"PB_PLL_S4A_G0_2_PG_AtSpeedVmax_st","0","1","1","1","1",""
"PB_PLL_S4A_G1_1_PG_AtSpeedVmax_st","0","1","1","1","1",""
"PB_PLL_S4A_G1_2_PG_AtSpeedVmax_st","0","1","1","1","1",""
"PB_PLL_S4A_G2_1_PG_AtSpeedVmax_st","0","1","1","1","1",""
"PB_PLL_S4A_G2_2_PG_AtSpeedVmax_st","0","1","1","1","1",""
"PB_PLL_S4A_G3_1_PG_AtSpeedVmax_st","0","1","1","1","1",""
"PB_PLL_S4A_G3_2_PG_AtSpeedVmax_st","0","1","1","1","1",""
"PB_PLL_S4A_G4_1_PG_AtSpeedVmax_st","0","1","1","1","1",""
"PB_PLL_S4A_G4_2_PG_AtSpeedVmax_st","0","1","1","1","1",""
"PB_PLL_S4A_G5_1_PG_AtSpeedVmax_st","0","1","1","1","1",""
"PB_PLL_S4A_G5_2_PG_AtSpeedVmax_st","0","1","1","1","1",""
"PB_PLL_S4A_G6_1_PG_AtSpeedVmax_st","0","1","1","1","1",""
"PB_PLL_S4A_G6_2_PG_AtSpeedVmax_st","0","1","1","1","1",""
"PB_PLL_S4A_G7_1_PG_AtSpeedVmax_st","0","1","1","1","1",""
"PB_PLL_S4A_G7_2_PG_AtSpeedVmax_st","0","1","1","1","1",""
"PB_PLL_SDP_AA_1_PG_AtSpeedVmax_st","0","1","1","1","1",""
"PB_PLL_SDP_G0_1_PG_AtSpeedVmax_st","0","1","1","1","1",""
"PB_PLL_SDP_G1_1_PG_AtSpeedVmax_st","0","1","1","1","1",""
"PB_PLL_SDP_G2_1_PG_AtSpeedVmax_st","0","1","1","1","1",""
"PB_PLL_SDP_G3_1_PG_AtSpeedVmax_st","0","1","1","1","1",""
"PB_PLL_SDP_G4_1_PG_AtSpeedVmax_st","0","1","1","1","1",""
"PB_PLL_SDP_G5_1_PG_AtSpeedVmax_st","0","1","1","1","1",""
"PB_PLL_SDP_G6_1_PG_AtSpeedVmax_st","0","1","1","1","1",""
"PB_PLL_SDP_G7_1_PG_AtSpeedVmax_st","0","1","1","1","1",""
"PB_PLL_SSP_C1_3_PG_AtSpeedVmax_st","0","1","1","1","1",""
"PB_PLL_SSP_M0_1_PG_AtSpeedVmax_st","0","1","1","1","1",""
"PB_PLL_UHD_AA_3_PG_AtSpeedVmax_st","0","1","1","1","1",""
"PB_PLL_UHD_C1_3_PG_AtSpeedVmax_st","0","1","1","1","1",""
"PB_PLL_UHD_C2_3_PG_AtSpeedVmax_st","0","1","1","1","1",""
"PB_PLL_UHD_C2_4_PG_AtSpeedVmax_st","0","1","1","1","1",""
"PB_PLL_UHD_C3_3_PG_AtSpeedVmax_st","0","1","1","1","1",""
"P_SRCH_1PR_AA_3DO_PG_AtSpeedVmax_st","0","1","1","1","1",""
"P_SRCH_1PR_AA_3PR_PG_AtSpeedVmax_st","0","1","1","1","1",""
"P_SRCH_1PR_C1_3DO_PG_AtSpeedVmax_st","0","1","1","1","1",""
"P_SRCH_1PR_C1_3PR_PG_AtSpeedVmax_st","0","1","1","1","1",""
"P_SRCH_1PR_C3_3DO_PG_AtSpeedVmax_st","0","1","1","1","1",""
"P_SRCH_1PR_C3_3PR_PG_AtSpeedVmax_st","0","1","1","1","1",""
"P_SRCH_1PR_C3_4DO_PG_AtSpeedVmax_st","0","1","1","1","1",""
"P_SRCH_1PR_C3_4PR_PG_AtSpeedVmax_st","0","1","1","1","1",""
"P_SRCH_1PR_T0_1DO_PG_AtSpeedVmax_st","0","1","1","1","1",""
"P_SRCH_1PR_T0_1PR_PG_AtSpeedVmax_st","0","1","1","1","1",""
"P_SRCH_2PR_AA_3DO_PG_AtSpeedVmax_st","0","1","1","1","1",""
"P_SRCH_2PR_AA_3PR_PG_AtSpeedVmax_st","0","1","1","1","1",""
"P_SRCH_2PR_C1_3DO_PG_AtSpeedVmax_st","0","1","1","1","1",""
"P_SRCH_2PR_C1_3PR_PG_AtSpeedVmax_st","0","1","1","1","1",""
"P_SRCH_2PR_C2_2DO_PG_AtSpeedVmax_st","0","1","1","1","1",""
"P_SRCH_2PR_C2_2PR_PG_AtSpeedVmax_st","0","1","1","1","1",""
"P_SRCH_2PR_C3_3DO_PG_AtSpeedVmax_st","0","1","1","1","1",""
"P_SRCH_2PR_C3_3PR_PG_AtSpeedVmax_st","0","1","1","1","1",""
"P_SRCH_2PR_C3_4DO_PG_AtSpeedVmax_st","0","1","1","1","1",""
"P_SRCH_2PR_C3_4PR_PG_AtSpeedVmax_st","0","1","1","1","1",""
"P_SRCH_DSP_AA_3DO_PG_AtSpeedVmax_st","0","1","1","1","1",""
"P_SRCH_DSP_AA_3PR_PG_AtSpeedVmax_st","0","1","1","1","1",""
"P_SRCH_DSP_AA_6DO_PG_AtSpeedVmax_st","0","1","1","1","1",""
"P_SRCH_DSP_AA_6PR_PG_AtSpeedVmax_st","0","1","1","1","1",""
"P_SRCH_DSP_C1_3DO_PG_AtSpeedVmax_st","0","1","1","1","1",""
"P_SRCH_DSP_C1_3PR_PG_AtSpeedVmax_st","0","1","1","1","1",""
"P_SRCH_DSP_C1_6DO_PG_AtSpeedVmax_st","0","1","1","1","1",""
"P_SRCH_DSP_C1_6PR_PG_AtSpeedVmax_st","0","1","1","1","1",""
"P_SRCH_DSP_C2_3DO_PG_AtSpeedVmax_st","0","1","1","1","1",""
"P_SRCH_DSP_C2_3PR_PG_AtSpeedVmax_st","0","1","1","1","1",""
"P_SRCH_DSP_C2_6DO_PG_AtSpeedVmax_st","0","1","1","1","1",""
"P_SRCH_DSP_C2_6PR_PG_AtSpeedVmax_st","0","1","1","1","1",""
"P_SRCH_DSP_C3_2DO_PG_AtSpeedVmax_st","0","1","1","1","1",""
"P_SRCH_DSP_C3_2PR_PG_AtSpeedVmax_st","0","1","1","1","1",""
"P_SRCH_DSP_C3_3DO_PG_AtSpeedVmax_st","0","1","1","1","1",""
"P_SRCH_DSP_C3_3PR_PG_AtSpeedVmax_st","0","1","1","1","1",""
"P_SRCH_DSP_C3_6DO_PG_AtSpeedVmax_st","0","1","1","1","1",""
"P_SRCH_DSP_C3_6PR_PG_AtSpeedVmax_st","0","1","1","1","1",""
"P_SRCH_DSP_T0_FDO_PG_AtSpeedVmax_st","0","1","1","1","1",""
"P_SRCH_DSP_T0_FPR_PG_AtSpeedVmax_st","0","1","1","1","1",""
"P_SRCH_DSP_T0_TDO_PG_AtSpeedVmax_st","0","1","1","1","1",""
"P_SRCH_DSP_T0_TPR_PG_AtSpeedVmax_st","0","1","1","1","1",""
"P_SRCH_RTA_AA_1DO_PG_AtSpeedVmax_st","0","1","1","1","1",""
"P_SRCH_RTA_AA_1PR_PG_AtSpeedVmax_st","0","1","1","1","1",""
"P_SRCH_RTA_G0_1DO_PG_AtSpeedVmax_st","0","1","1","1","1",""
"P_SRCH_RTA_G0_1PR_PG_AtSpeedVmax_st","0","1","1","1","1",""
"P_SRCH_RTA_G1_1DO_PG_AtSpeedVmax_st","0","1","1","1","1",""
"P_SRCH_RTA_G1_1PR_PG_AtSpeedVmax_st","0","1","1","1","1",""
"P_SRCH_RTA_G2_1DO_PG_AtSpeedVmax_st","0","1","1","1","1",""
"P_SRCH_RTA_G2_1PR_PG_AtSpeedVmax_st","0","1","1","1","1",""
"P_SRCH_RTA_G3_1DO_PG_AtSpeedVmax_st","0","1","1","1","1",""
"P_SRCH_RTA_G3_1PR_PG_AtSpeedVmax_st","0","1","1","1","1",""
"P_SRCH_RTA_G4_1DO_PG_AtSpeedVmax_st","0","1","1","1","1",""
"P_SRCH_RTA_G4_1PR_PG_AtSpeedVmax_st","0","1","1","1","1",""
"P_SRCH_RTA_G5_1DO_PG_AtSpeedVmax_st","0","1","1","1","1",""
"P_SRCH_RTA_G5_1PR_PG_AtSpeedVmax_st","0","1","1","1","1",""
"P_SRCH_RTA_G6_1DO_PG_AtSpeedVmax_st","0","1","1","1","1",""
"P_SRCH_RTA_G6_1PR_PG_AtSpeedVmax_st","0","1","1","1","1",""
"P_SRCH_RTA_G7_1DO_PG_AtSpeedVmax_st","0","1","1","1","1",""
"P_SRCH_RTA_G7_1PR_PG_AtSpeedVmax_st","0","1","1","1","1",""
"P_SRCH_RTA_M0_1DO_PG_AtSpeedVmax_st","0","1","1","1","1",""
"P_SRCH_RTA_M0_1PR_PG_AtSpeedVmax_st","0","1","1","1","1",""
"P_SRCH_RTA_T0_FDO_PG_AtSpeedVmax_st","0","1","1","1","1",""
"P_SRCH_RTA_T0_FPR_PG_AtSpeedVmax_st","0","1","1","1","1",""
"P_SRCH_S1R_AA_1PR_PG_AtSpeedVmax_st","0","1","1","1","1",""
"P_SRCH_S1R_G0_1DO_PG_AtSpeedVmax_st","0","1","1","1","1",""
"P_SRCH_S1R_G0_1PR_PG_AtSpeedVmax_st","0","1","1","1","1",""
"P_SRCH_S1R_G1_1DO_PG_AtSpeedVmax_st","0","1","1","1","1",""
"P_SRCH_S1R_G1_1PR_PG_AtSpeedVmax_st","0","1","1","1","1",""
"P_SRCH_S1R_G2_1DO_PG_AtSpeedVmax_st","0","1","1","1","1",""
"P_SRCH_S1R_G2_1PR_PG_AtSpeedVmax_st","0","1","1","1","1",""
"P_SRCH_S1R_G3_1DO_PG_AtSpeedVmax_st","0","1","1","1","1",""
"P_SRCH_S1R_G3_1PR_PG_AtSpeedVmax_st","0","1","1","1","1",""
"P_SRCH_S1R_G4_1DO_PG_AtSpeedVmax_st","0","1","1","1","1",""
"P_SRCH_S1R_G4_1PR_PG_AtSpeedVmax_st","0","1","1","1","1",""
"P_SRCH_S1R_G5_1DO_PG_AtSpeedVmax_st","0","1","1","1","1",""
"P_SRCH_S1R_G5_1PR_PG_AtSpeedVmax_st","0","1","1","1","1",""
"P_SRCH_S1R_G6_1DO_PG_AtSpeedVmax_st","0","1","1","1","1",""
"P_SRCH_S1R_G6_1PR_PG_AtSpeedVmax_st","0","1","1","1","1",""
"P_SRCH_S1R_G7_1DO_PG_AtSpeedVmax_st","0","1","1","1","1",""
"P_SRCH_S1R_G7_1PR_PG_AtSpeedVmax_st","0","1","1","1","1",""
"P_SRCH_S1R_T0_1DO_PG_AtSpeedVmax_st","0","1","1","1","1",""
"P_SRCH_S1R_T0_1PR_PG_AtSpeedVmax_st","0","1","1","1","1",""
"P_SRCH_S2A_C3_2DO_PG_AtSpeedVmax_st","0","1","1","1","1",""
"P_SRCH_S2A_C3_2PR_PG_AtSpeedVmax_st","0","1","1","1","1",""
"P_SRCH_S4A_AA_1DO_PG_AtSpeedVmax_st","0","1","1","1","1",""
"P_SRCH_S4A_AA_1PR_PG_AtSpeedVmax_st","0","1","1","1","1",""
"P_SRCH_S4A_AA_2DO_PG_AtSpeedVmax_st","0","1","1","1","1",""
"P_SRCH_S4A_AA_2PR_PG_AtSpeedVmax_st","0","1","1","1","1",""
"P_SRCH_S4A_G0_1DO_PG_AtSpeedVmax_st","0","1","1","1","1",""
"P_SRCH_S4A_G0_1PR_PG_AtSpeedVmax_st","0","1","1","1","1",""
"P_SRCH_S4A_G0_2DO_PG_AtSpeedVmax_st","0","1","1","1","1",""
"P_SRCH_S4A_G0_2PR_PG_AtSpeedVmax_st","0","1","1","1","1",""
"P_SRCH_S4A_G1_1DO_PG_AtSpeedVmax_st","0","1","1","1","1",""
"P_SRCH_S4A_G1_1PR_PG_AtSpeedVmax_st","0","1","1","1","1",""
"P_SRCH_S4A_G1_2DO_PG_AtSpeedVmax_st","0","1","1","1","1",""
"P_SRCH_S4A_G1_2PR_PG_AtSpeedVmax_st","0","1","1","1","1",""
"P_SRCH_S4A_G2_1DO_PG_AtSpeedVmax_st","0","1","1","1","1",""
"P_SRCH_S4A_G2_1PR_PG_AtSpeedVmax_st","0","1","1","1","1",""
"P_SRCH_S4A_G2_2DO_PG_AtSpeedVmax_st","0","1","1","1","1",""
"P_SRCH_S4A_G2_2PR_PG_AtSpeedVmax_st","0","1","1","1","1",""
"P_SRCH_S4A_G3_1DO_PG_AtSpeedVmax_st","0","1","1","1","1",""
"P_SRCH_S4A_G3_1PR_PG_AtSpeedVmax_st","0","1","1","1","1",""
"P_SRCH_S4A_G3_2DO_PG_AtSpeedVmax_st","0","1","1","1","1",""
"P_SRCH_S4A_G3_2PR_PG_AtSpeedVmax_st","0","1","1","1","1",""
"P_SRCH_S4A_G4_1DO_PG_AtSpeedVmax_st","0","1","1","1","1",""
"P_SRCH_S4A_G4_1PR_PG_AtSpeedVmax_st","0","1","1","1","1",""
"P_SRCH_S4A_G4_2DO_PG_AtSpeedVmax_st","0","1","1","1","1",""
"P_SRCH_S4A_G4_2PR_PG_AtSpeedVmax_st","0","1","1","1","1",""
"P_SRCH_S4A_G5_1DO_PG_AtSpeedVmax_st","0","1","1","1","1",""
"P_SRCH_S4A_G5_1PR_PG_AtSpeedVmax_st","0","1","1","1","1",""
"P_SRCH_S4A_G5_2DO_PG_AtSpeedVmax_st","0","1","1","1","1",""
"P_SRCH_S4A_G5_2PR_PG_AtSpeedVmax_st","0","1","1","1","1",""
"P_SRCH_S4A_G6_1DO_PG_AtSpeedVmax_st","0","1","1","1","1",""
"P_SRCH_S4A_G6_1PR_PG_AtSpeedVmax_st","0","1","1","1","1",""
"P_SRCH_S4A_G6_2DO_PG_AtSpeedVmax_st","0","1","1","1","1",""
"P_SRCH_S4A_G6_2PR_PG_AtSpeedVmax_st","0","1","1","1","1",""
"P_SRCH_S4A_G7_1DO_PG_AtSpeedVmax_st","0","1","1","1","1",""
"P_SRCH_S4A_G7_1PR_PG_AtSpeedVmax_st","0","1","1","1","1",""
"P_SRCH_S4A_G7_2DO_PG_AtSpeedVmax_st","0","1","1","1","1",""
"P_SRCH_S4A_G7_2PR_PG_AtSpeedVmax_st","0","1","1","1","1",""
"P_SRCH_SDP_AA_1DO_PG_AtSpeedVmax_st","0","1","1","1","1",""
"P_SRCH_SDP_AA_1PR_PG_AtSpeedVmax_st","0","1","1","1","1",""
"P_SRCH_SDP_G0_1DO_PG_AtSpeedVmax_st","0","1","1","1","1",""
"P_SRCH_SDP_G0_1PR_PG_AtSpeedVmax_st","0","1","1","1","1",""
"P_SRCH_SDP_G1_1DO_PG_AtSpeedVmax_st","0","1","1","1","1",""
"P_SRCH_SDP_G1_1PR_PG_AtSpeedVmax_st","0","1","1","1","1",""
"P_SRCH_SDP_G2_1DO_PG_AtSpeedVmax_st","0","1","1","1","1",""
"P_SRCH_SDP_G2_1PR_PG_AtSpeedVmax_st","0","1","1","1","1",""
"P_SRCH_SDP_G3_1DO_PG_AtSpeedVmax_st","0","1","1","1","1",""
"P_SRCH_SDP_G3_1PR_PG_AtSpeedVmax_st","0","1","1","1","1",""
"P_SRCH_SDP_G4_1DO_PG_AtSpeedVmax_st","0","1","1","1","1",""
"P_SRCH_SDP_G4_1PR_PG_AtSpeedVmax_st","0","1","1","1","1",""
"P_SRCH_SDP_G5_1DO_PG_AtSpeedVmax_st","0","1","1","1","1",""
"P_SRCH_SDP_G5_1PR_PG_AtSpeedVmax_st","0","1","1","1","1",""
"P_SRCH_SDP_G6_1DO_PG_AtSpeedVmax_st","0","1","1","1","1",""
"P_SRCH_SDP_G6_1PR_PG_AtSpeedVmax_st","0","1","1","1","1",""
"P_SRCH_SDP_G7_1DO_PG_AtSpeedVmax_st","0","1","1","1","1",""
"P_SRCH_SDP_G7_1PR_PG_AtSpeedVmax_st","0","1","1","1","1",""
"P_SRCH_SSP_C1_3DO_PG_AtSpeedVmax_st","0","1","1","1","1",""
"P_SRCH_SSP_C1_3PR_PG_AtSpeedVmax_st","0","1","1","1","1",""
"P_SRCH_SSP_M0_1DO_PG_AtSpeedVmax_st","0","1","1","1","1",""
"P_SRCH_SSP_M0_1PR_PG_AtSpeedVmax_st","0","1","1","1","1",""
"P_SRCH_UHD_AA_3DO_PG_AtSpeedVmax_st","0","1","1","1","1",""
"P_SRCH_UHD_AA_3PR_PG_AtSpeedVmax_st","0","1","1","1","1",""
"P_SRCH_UHD_C1_3DO_PG_AtSpeedVmax_st","0","1","1","1","1",""
"P_SRCH_UHD_C1_3PR_PG_AtSpeedVmax_st","0","1","1","1","1",""
"P_SRCH_UHD_C2_3DO_PG_AtSpeedVmax_st","0","1","1","1","1",""
"P_SRCH_UHD_C2_3PR_PG_AtSpeedVmax_st","0","1","1","1","1",""
"P_SRCH_UHD_C2_4DO_PG_AtSpeedVmax_st","0","1","1","1","1",""
"P_SRCH_UHD_C2_4PR_PG_AtSpeedVmax_st","0","1","1","1","1",""
"P_SRCH_UHD_C3_3DO_PG_AtSpeedVmax_st","0","1","1","1","1",""
"P_SRCH_UHD_C3_3PR_PG_AtSpeedVmax_st","0","1","1","1","1",""
"TRANS_P01_PG_1_AtSpeedVmax_st","0","1","1","1","1",""
"TRANS_P01_PG_AtSpeedVmax_st","0","1","1","1","1",""
"TRANS_P03_PG_AtSpeedVmax_st","0","1","1","1","1",""
"TRANS_P04_PG_AtSpeedVmax_st","0","1","1","1","1",""
"TRANS_P10_C1_PG_AtSpeedVmax_st","0","1","1","1","1",""
"TRANS_SRCH_P01_C1_PG_AtSpeedVmax_st","0","1","1","1","1",""
"TRANS_SRCH_P03_C1_PG_AtSpeedVmax_st","0","1","1","1","1",""
"TRANS_SRCH_P04_C1_PG_AtSpeedVmax_st","0","1","1","1","1",""
"TRANS_SRCH_P06_C1_PG_AtSpeedVmax_st","0","1","1","1","1",""
"TRANS_SRCH_P10_C1_PG_AtSpeedVmax_st","0","1","1","1","1",""
"ProgramVIDSpeeds","1","1","1","1","1",""
"VerifyProgramVIDSpeeds_st","1","1","1","1","1",""
"VIDSpeedProg_st","1","1","1","1","1",""
"SampleDieProg_st","1","1","1","1","1",""
"ElevatedCTProg_st","1","1","1","1","1",""
"SupplyShortsPost_st","1","1","1","1","1",""
"DC_Leakage_zz_fpc1","0","0","0","0","0",""
"DC_Leakage_zz_fpc1_pu","0","0","0","0","0",""
"Cres_Pins_st","1","1","1","1","1",""
"BBT_Status","0","0","0","0","0",""
"TFTOutlier_st","1","0","1","0","0",""
"VIDSpeedOutOfSpace_st","1","1","1","1","1",""
"TFTFmaxProg_st","0","0","0","0","0",""
"T_CTCS_MAX_READ","1","1","1","1","1",""
"T_CTCS_MIN_READ","1","1","1","1","1",""
"T_TD_MAX_READ","1","1","1","1","1",""
"T_TD_MIN_READ","1","1","1","1","1",""
"IddqVnom_burnin_bin1","1","1","0","0","0",""
"IddqVnom_burnin_bin2","1","1","0","0","0",""
"IddqVnom_burnin_bin3","1","1","0","0","0",""
"IddqVnom_burnin_bin4","1","1","0","0","0",""
"IddqVnom_burnin_bin5","1","1","0","0","0",""
"leak_iddq_fail","1","1","0","0","0",""
"MEMORYREPAIRED","0","0","1","1","0",""
"DTC1_TS1_DEG_BLOWN_INITIAL","1","1","1","1","1",""
"DTC1_TS1_DEG_INITIAL","1","1","1","1","1",""
"DTC1_TS2_DEG_BLOWN_INITIAL","1","1","1","1","1",""
"DTC1_TS2_DEG_INITIAL","1","1","1","1","1",""
"DTC1_TS_DEG_TD_BLOWN_INITIAL","1","1","1","1","1",""
"DTC1_TS_DEG_TD_INITIAL","1","1","1","1","1",""
"DTC2_TS1_DEG_BLOWN_FINAL","1","1","1","1","1",""
"DTC2_TS1_DEG_BLOWN_INITIAL","1","1","1","1","1",""
"DTC2_TS1_DEG_FINAL","1","1","1","1","1",""
"DTC2_TS1_DEG_INITIAL","1","1","1","1","1",""
"DTC2_TS2_DEG_BLOWN_FINAL","1","1","1","1","1",""
"DTC2_TS2_DEG_BLOWN_INITIAL","1","1","1","1","1",""
"DTC2_TS2_DEG_FINAL","1","1","1","1","1",""
"DTC2_TS2_DEG_INITIAL","1","1","1","1","1",""
"DTC2_TS_DEG_TD_BLOWN_FINAL","1","1","1","1","1",""
"DTC2_TS_DEG_TD_BLOWN_INITIAL","1","1","1","1","1",""
"DTC2_TS_DEG_TD_FINAL","1","1","1","1","1",""
"DTC2_TS_DEG_TD_INITIAL","1","1","1","1","1",""
"DTC_DEG_OUT_OF_RANGE","1","1","1","1","1",""
"DTC_TS1_BLOWN_CYCLE","1","1","1","1","1",""
"DTC_TS1_BLOWN_OFFSET","1","1","1","1","1",""
"DTC_TS1_CYCLE","1","1","1","1","1",""
"DTC_TS1_OFFSET","1","1","1","1","1",""
"DTC_TS2_BLOWN_CYCLE","1","1","1","1","1",""
"DTC_TS2_BLOWN_OFFSET","1","1","1","1","1",""
"DTC_TS2_CYCLE","1","1","1","1","1",""
"DTC_TS2_OFFSET","1","1","1","1","1",""
"Sensor1","1","1","1","1","1",""
"Sensor2","1","1","1","1","1",""
"TRANS_P04_C1_PG_FreqSearch_st","0","0","0","0","0",""
"thermdiodea1","1","1","1","1","1",""
