"memInstId","repairType","block","Suite name","Test name"
"1944","74","4"
"1945","74","4"
"1956","74","4"
"1957","74","4"
"2020","74","4"
"2021","74","4"
"2032","74","4"
"2033","74","4"
"1315","74","4"
"1316","74","4"
"1327","74","4"
"1328","74","4"
"1982","74","4"
"1983","74","4"
"1994","74","4"
"1995","74","4"
"837","74","4"
"838","74","4"
"849","74","4"
"850","74","4"
"799","74","4"
"800","74","4"
"811","74","4"
"812","74","4"
"2058","74","4"
"2059","74","4"
"2070","74","4"
"2071","74","4"
"8","74","4"
"9","74","4"
"20","74","4"
"21","74","4"
"40","70","1"
"42","71","4"
"46","71","4"
"51","71","4"
"52","70","1"
"57","70","1"
"62","71","4"
"63","70","1"
"65","70","1"
"66","71","4"
"67","71","4"
"68","71","4"
"71","71","4"
"75","70","1"
"78","70","1"
"81","71","4"
"82","71","4"
"87","71","1"
"90","71","4"
"91","70","1"
"93","71","1"
"97","70","1"
"102","70","1"
"104","71","4"
"109","71","1"
"110","71","1"
"111","71","1"
"113","71","4"
"114","71","4"
"117","71","4"
"120","70","1"
"121","70","1"
"122","70","1"
"126","71","4"
"129","70","1"
"139","70","1"
"140","70","1"
"141","71","4"
"142","71","4"
"145","70","1"
"146","71","4"
"149","70","1"
"150","71","4"
"151","70","1"
"152","70","1"
"153","71","4"
"154","70","1"
"155","70","1"
"159","70","1"
"162","70","1"
"163","71","4"
"164","70","1"
"165","70","1"
"168","70","1"
"180","71","4"
"181","70","1"
"183","70","1"
"191","70","1"
"195","70","1"
"198","70","1"
"199","70","1"
"205","70","1"
"206","70","1"
"207","70","1"
"208","71","4"
"209","70","1"
"211","70","1"
"215","70","1"
"221","71","4"
"222","71","4"
"224","70","1"
"226","70","1"
"227","71","4"
"233","71","4"
"235","70","1"
"238","70","1"
"239","71","1"
"240","71","1"
"242","70","1"
"243","70","1"
"244","71","4"
"245","71","1"
"246","71","1"
"249","71","4"
"250","71","1"
"251","71","4"
"252","70","1"
"253","70","1"
"257","70","1"
"259","70","1"
"260","71","4"
"261","71","1"
"262","70","1"
"263","71","4"
"265","70","1"
"266","71","4"
"270","70","1"
"272","71","1"
"273","70","1"
"276","71","1"
"277","71","4"
"279","70","1"
"280","70","1"
"281","70","1"
"282","70","1"
"285","70","1"
"286","70","1"
"287","70","1"
"290","70","1"
"292","70","1"
"293","70","1"
"295","70","1"
"297","71","1"
"298","71","1"
"299","71","4"
"300","71","4"
"313","70","1"
"316","71","4"
"322","70","1"
"326","71","1"
"330","70","1"
"332","70","1"
"333","71","1"
"335","71","4"
"336","71","4"
"337","70","1"
"338","70","1"
"341","70","1"
"349","71","1"
"350","70","1"
"351","70","1"
"354","70","1"
"358","70","1"
"359","71","4"
"361","70","1"
"362","70","1"
"364","70","1"
"365","70","1"
"367","71","4"
"368","70","1"
"369","71","4"
"371","70","1"
"373","70","1"
"379","70","1"
"380","71","4"
"381","71","4"
"384","70","1"
"386","71","4"
"388","70","1"
"392","71","1"
"393","70","1"
"394","70","1"
"395","70","1"
"398","70","1"
"411","70","1"
"422","70","1"
"425","70","1"
"433","70","1"
"439","71","1"
"441","70","1"
"447","70","1"
"448","70","1"
"450","70","1"
"453","70","1"
"454","70","1"
"456","70","1"
"459","70","1"
"463","71","4"
"468","70","1"
"469","70","1"
"476","70","1"
"479","71","4"
"481","71","4"
"484","70","1"
"485","71","4"
"490","70","1"
"491","70","1"
"494","70","1"
"495","70","1"
"498","70","1"
"503","71","1"
"504","70","1"
"506","70","1"
"507","71","1"
"509","71","1"
"513","71","1"
"519","70","1"
"522","71","1"
"523","70","1"
"525","70","1"
"526","71","4"
"527","71","1"
"529","71","4"
"530","71","4"
"531","70","1"
"532","70","1"
"534","70","1"
"540","70","1"
"544","71","4"
"545","70","1"
"549","70","1"
"550","70","1"
"553","71","4"
"554","70","1"
"555","70","1"
"558","70","1"
"560","70","1"
"561","70","1"
"562","70","1"
"563","70","1"
"565","71","4"
"569","70","1"
"570","70","1"
"572","71","4"
"575","71","4"
"578","70","1"
"584","70","1"
"591","70","1"
"592","70","1"
"593","70","1"
"595","70","1"
"599","70","1"
"602","70","1"
"611","70","1"
"614","70","1"
"616","70","1"
"619","70","1"
"621","71","1"
"622","70","1"
"623","70","1"
"629","71","1"
"634","70","1"
"635","71","1"
"638","70","1"
"642","70","1"
"648","70","1"
"651","71","1"
"652","71","4"
"653","70","1"
"655","71","4"
"659","71","1"
"660","71","4"
"661","71","4"
"663","70","1"
"666","70","1"
"667","70","1"
"672","70","1"
"674","70","1"
"677","70","1"
"679","71","4"
"682","70","1"
"684","70","1"
"687","71","1"
"693","70","1"
"694","70","1"
"696","71","4"
"699","70","1"
"700","70","1"
"702","70","1"
"703","70","1"
"706","70","1"
"710","70","1"
"711","70","1"
"715","70","1"
"717","70","1"
"720","70","1"
"722","70","1"
"728","70","1"
"729","70","1"
"733","70","1"
"741","70","1"
"743","70","1"
"748","70","1"
"752","70","1"
"753","70","1"
"754","70","1"
"755","70","1"
"756","70","1"
"761","70","1"
"774","70","1"
"776","70","1"
"777","70","1"
"780","70","1"
"782","70","1"
"785","70","1"
"786","70","1"
"787","70","1"
"790","70","1"
"1870","74","4"
"1871","74","4"
"1872","71","1"
"1873","71","1"
"1874","71","1"
"1875","74","4"
"1876","71","1"
"1877","74","4"
"1878","74","4"
"1879","71","1"
"1880","71","1"
"1881","71","1"
"1882","71","1"
"1883","74","4"
"1884","71","1"
"1885","71","1"
"1886","71","1"
"1887","71","1"
"1888","71","1"
"1889","71","1"
"1890","74","4"
"1891","74","4"
"1892","71","1"
"1893","74","4"
"1894","71","1"
"1895","74","4"
"1896","71","1"
"1897","71","1"
"1898","71","1"
"1899","74","4"
"1900","71","1"
"1901","74","4"
"1902","71","1"
"1903","74","4"
"1904","71","1"
"1905","71","1"
"1906","74","4"
"1907","74","4"
"1908","74","4"
"1909","71","1"
"1910","74","4"
"1911","71","1"
"1912","71","1"
"1913","74","4"
"1915","71","1"
"1916","71","1"
"1917","71","1"
"1918","74","4"
"1919","74","4"
"1920","71","1"
"1921","74","4"
"1922","74","4"
"1923","71","1"
"1924","74","4"
"1925","74","4"
"1926","71","1"
"1927","74","4"
"1928","74","4"
"1929","74","4"
"1930","74","4"
"1931","71","1"
"1932","74","4"
"1933","74","4"
"1934","74","4"
"1935","71","1"
"1936","74","4"
"1347","71","1"
"1348","71","1"
"1351","71","1"
"1353","71","1"
"1354","71","1"
"1355","71","1"
"1358","70","1"
"1359","71","1"
"1360","71","1"
"1361","70","1"
"1364","71","1"
"1368","71","1"
"1369","71","1"
"1370","70","1"
"1372","71","1"
"1373","71","1"
"1374","71","1"
"1375","71","1"
"1378","71","1"
"1380","71","1"
"1383","71","1"
"1384","71","1"
"1392","71","1"
"1397","71","1"
"1398","70","1"
"1405","71","1"
"1406","70","1"
"1409","70","1"
"1413","71","1"
"1415","71","1"
"1417","71","1"
"1419","71","1"
"1424","71","1"
"1425","71","1"
"1433","71","1"
"1435","71","1"
"1436","71","1"
"1438","71","1"
"1441","71","1"
"1443","71","1"
"1447","71","1"
"1449","71","1"
"1455","71","1"
"1456","71","1"
"1466","71","1"
"1469","71","1"
"1471","71","1"
"1477","71","1"
"1478","71","1"
"1483","71","1"
"1490","70","1"
"1493","71","1"
"1501","70","1"
"1502","71","1"
"1505","71","1"
"1507","71","1"
"1512","70","1"
"1513","71","1"
"1515","71","1"
"1517","71","1"
"1518","71","1"
"1529","71","1"
"1530","71","1"
"1534","71","1"
"1536","70","1"
"1537","71","1"
"1545","71","1"
"1549","71","1"
"1553","71","1"
"1554","70","1"
"1557","70","1"
"1559","71","1"
"1561","70","1"
"1563","71","1"
"1564","71","1"
"1566","71","1"
"1569","70","1"
"1571","71","1"
"1574","71","1"
"1575","70","1"
"1577","71","1"
"1591","71","1"
"1592","71","1"
"1608","71","1"
"1611","71","1"
"1612","71","1"
"1613","71","1"
"1614","71","1"
"1616","71","1"
"1625","71","1"
"1626","71","1"
"1629","70","1"
"1631","70","1"
"1636","71","1"
"1640","70","1"
"1643","70","1"
"1649","71","1"
"1653","71","1"
"1654","71","1"
"1655","70","1"
"1657","71","1"
"1658","70","1"
"1663","71","1"
"1668","70","1"
"1671","71","1"
"1676","71","1"
"1680","71","1"
"1694","71","1"
"1695","71","1"
"1696","71","1"
"1700","71","1"
"1703","71","1"
"1709","71","1"
"1716","71","1"
"1720","71","1"
"1725","70","1"
"1727","71","1"
"1729","71","1"
"1730","71","1"
"1733","70","1"
"1735","71","1"
"1736","71","1"
"1738","70","1"
"1744","70","1"
"1748","71","1"
"1755","71","1"
"1757","70","1"
"1761","71","1"
"1766","70","1"
"1776","70","1"
"1777","71","1"
"1778","70","1"
"1780","71","1"
"1787","70","1"
"1795","71","1"
"1796","70","1"
"1809","70","1"
"1814","70","1"
"1815","70","1"
"1817","71","1"
"1821","70","1"
"1822","71","1"
"1825","71","1"
"1829","70","1"
"1830","70","1"
"1837","71","1"
"1845","70","1"
"1849","70","1"
"1850","71","1"
"1851","71","1"
"1852","70","1"
"1855","70","1"
"876","70","1"
"879","71","1"
"880","70","1"
"881","71","1"
"883","71","1"
"885","70","1"
"894","71","1"
"897","71","1"
"898","70","1"
"900","70","1"
"910","70","1"
"911","70","1"
"913","70","1"
"918","71","1"
"919","70","1"
"920","70","1"
"921","71","1"
"929","71","1"
"931","70","1"
"937","70","1"
"950","71","1"
"959","70","1"
"962","70","1"
"967","70","1"
"971","71","1"
"972","70","1"
"973","71","1"
"984","70","1"
"988","70","1"
"990","71","1"
"991","71","1"
"992","70","1"
"1005","71","1"
"1014","70","1"
"1015","70","1"
"1026","70","1"
"1028","70","1"
"1029","70","1"
"1031","70","1"
"1037","71","1"
"1042","70","1"
"1043","71","1"
"1057","70","1"
"1060","71","1"
"1061","71","1"
"1062","71","1"
"1064","70","1"
"1071","70","1"
"1074","70","1"
"1077","70","1"
"1080","70","1"
"1087","71","1"
"1098","70","1"
"1100","70","1"
"1103","71","1"
"1105","71","1"
"1112","70","1"
"1122","70","1"
"1127","71","1"
"1128","70","1"
"1131","70","1"
"1133","70","1"
"1142","70","1"
"1146","71","1"
"1150","70","1"
"1157","70","1"
"1158","70","1"
"1159","71","1"
"1161","70","1"
"1164","70","1"
"1168","71","1"
"1171","70","1"
"1173","70","1"
"1174","71","1"
"1176","71","1"
"1177","70","1"
"1180","70","1"
"1183","71","1"
"1209","70","1"
"1215","71","1"
"1220","70","1"
"1221","70","1"
"1226","70","1"
"1228","71","1"
"1232","71","1"
"1236","70","1"
"1238","71","1"
"1239","71","1"
"1249","70","1"
"1253","70","1"
"1256","70","1"
"1267","70","1"
"1271","70","1"
"1277","71","1"
"1283","71","1"
"1297","70","1"
"1300","70","1"
"2091","71","1"
"2096","71","1"
"2111","71","1"
"2113","71","1"
"2116","71","1"
"2120","71","1"
"2122","71","1"
"2127","71","1"
"2132","71","1"
"2134","71","1"
"2136","71","1"
"2144","71","1"
"2146","71","1"
"2148","71","1"
"2154","71","1"
"2157","71","1"
"2160","71","1"
"2172","71","1"
"2174","71","1"
"2181","71","1"
"2186","71","1"
"2196","71","1"
"2206","71","1"
"2207","71","1"
"2222","71","1"
"2223","71","1"
"2226","71","1"
"2227","71","1"
"2228","71","1"
"2231","71","1"
"2232","71","1"
"2237","71","1"
"2238","71","1"
"2243","71","1"
"2252","71","1"
"2259","70","1"
"2265","71","1"
"2271","71","1"
"2272","71","1"
"2273","70","1"
"2274","71","1"
"2275","71","1"
"2278","71","1"
"2279","71","1"
"2283","71","1"
"2287","71","1"
"2290","70","1"
"2294","71","1"
"2310","71","1"
"2317","71","1"
"2319","71","1"
"2322","70","1"
"2328","71","1"
"2333","71","1"
"2334","71","1"
"2336","71","1"
"2337","71","1"
"2339","71","1"
"2344","70","1"
"2351","71","1"
"2356","71","1"
"2360","71","1"
"2361","71","1"
"2364","71","1"
"2366","71","1"
"2368","71","1"
"2369","71","1"
"2371","71","1"
"2374","71","1"
"2376","71","1"
"2377","71","1"
"2383","71","1"
"2400","71","1"
"2403","71","1"
"2407","71","1"
"2416","71","1"
"2423","71","1"
"2424","71","1"
"2428","71","1"
"2431","71","1"
"2432","71","1"
"2436","71","1"
"2439","71","1"
"2445","71","1"
"2451","71","1"
"2453","71","1"
"2454","71","1"
"2461","71","1"
"2467","71","1"
"2476","71","1"
"2477","71","1"
"2480","71","1"
"2483","70","1"
"2488","71","1"
"2489","71","1"
"2490","71","1"
"2493","71","1"
"2497","71","1"
"2498","71","1"
"2501","70","1"
"2504","71","1"
"2506","71","1"
"2512","71","1"
"2513","71","1"
"2517","71","1"
"2518","70","1"
"2525","71","1"
"2529","71","1"
"2530","71","1"
"2531","70","1"
"2535","71","1"
"2545","71","1"
"2548","71","1"
"2550","71","1"
"2558","71","1"
"2561","71","1"
"2562","71","1"
"2565","71","1"
"2571","71","1"
"2572","71","1"
"2577","71","1"
"2578","71","1"
"2581","71","1"
"2582","71","1"
"2585","71","1"
"2592","71","1"
"2593","71","1"
"2597","71","1"
"2600","71","1"
"2601","71","1"
"2606","71","1"
"2607","71","1"
"2614","71","1"
"2615","71","1"
"2616","71","1"
"2619","71","1"
"2621","71","1"
"2626","71","1"
"2628","70","1"
"2636","71","1"
"2646","71","1"
"2647","71","1"
"2648","71","1"
"2654","71","1"
"2656","71","1"
"2658","71","1"
"2662","71","1"
"2663","71","1"
"2667","71","1"
"2671","70","1"
"2672","71","1"
"2673","71","1"
"2678","70","1"
"2682","71","1"
"2685","71","1"
"2690","71","1"
"2692","71","1"
"2693","71","1"
"2695","71","1"
"2696","71","1"
"2697","71","1"
"2698","71","1"
"2705","71","1"
"2707","71","1"
"2708","71","1"
"2717","71","1"
"2728","71","1"
"2734","71","1"
"2738","71","1"
"2740","71","1"
"2745","71","1"
"2747","71","1"
"2748","70","1"
"2749","71","1"
"2750","71","1"
"2754","71","1"
"2758","71","1"
"2760","70","1"
"2761","70","1"
"2762","71","1"
"2766","70","1"
"2767","71","1"
"2769","71","1"
"2773","71","1"
"2774","71","1"
"2775","71","1"
"2776","71","1"
"2789","71","1"
"2791","71","1"
"1937","-1","1"
"1938","-1","1"
"1939","-1","1"
"1940","-1","1"
"1941","-1","1"
"1942","-1","1"
"1943","-1","1"
"1946","-1","1"
"1947","-1","1"
"1948","-1","1"
"1949","-1","1"
"1950","-1","1"
"1951","-1","1"
"1952","-1","1"
"1953","-1","1"
"1954","-1","1"
"1955","-1","1"
"1958","-1","1"
"1959","-1","1"
"1960","-1","1"
"1961","-1","1"
"1962","-1","1"
"1963","-1","1"
"1964","-1","1"
"1965","-1","1"
"1966","-1","1"
"1967","-1","1"
"1968","-1","1"
"1969","-1","1"
"1970","-1","1"
"1971","-1","1"
"1972","-1","1"
"1973","-1","1"
"1974","-1","1"
"2013","-1","1"
"2014","-1","1"
"2015","-1","1"
"2016","-1","1"
"2017","-1","1"
"2018","-1","1"
"2019","-1","1"
"2022","-1","1"
"2023","-1","1"
"2024","-1","1"
"2025","-1","1"
"2026","-1","1"
"2027","-1","1"
"2028","-1","1"
"2029","-1","1"
"2030","-1","1"
"2031","-1","1"
"2034","-1","1"
"2035","-1","1"
"2036","-1","1"
"2037","-1","1"
"2038","-1","1"
"2039","-1","1"
"2040","-1","1"
"2041","-1","1"
"2042","-1","1"
"2043","-1","1"
"2044","-1","1"
"2045","-1","1"
"2046","-1","1"
"2047","-1","1"
"2048","-1","1"
"2049","-1","1"
"2050","-1","1"
"1308","-1","1"
"1309","-1","1"
"1310","-1","1"
"1311","-1","1"
"1312","-1","1"
"1313","-1","1"
"1314","-1","1"
"1317","-1","1"
"1318","-1","1"
"1319","-1","1"
"1320","-1","1"
"1321","-1","1"
"1322","-1","1"
"1323","-1","1"
"1324","-1","1"
"1325","-1","1"
"1326","-1","1"
"1329","-1","1"
"1330","-1","1"
"1331","-1","1"
"1332","-1","1"
"1333","-1","1"
"1334","-1","1"
"1335","-1","1"
"1336","-1","1"
"1337","-1","1"
"1338","-1","1"
"1339","-1","1"
"1340","-1","1"
"1341","-1","1"
"1342","-1","1"
"1343","-1","1"
"1344","-1","1"
"1345","-1","1"
"1975","-1","1"
"1976","-1","1"
"1977","-1","1"
"1978","-1","1"
"1979","-1","1"
"1980","-1","1"
"1981","-1","1"
"1984","-1","1"
"1985","-1","1"
"1986","-1","1"
"1987","-1","1"
"1988","-1","1"
"1989","-1","1"
"1990","-1","1"
"1991","-1","1"
"1992","-1","1"
"1993","-1","1"
"1996","-1","1"
"1997","-1","1"
"1998","-1","1"
"1999","-1","1"
"2000","-1","1"
"2001","-1","1"
"2002","-1","1"
"2003","-1","1"
"2004","-1","1"
"2005","-1","1"
"2006","-1","1"
"2007","-1","1"
"2008","-1","1"
"2009","-1","1"
"2010","-1","1"
"2011","-1","1"
"2012","-1","1"
"830","-1","1"
"831","-1","1"
"832","-1","1"
"833","-1","1"
"834","-1","1"
"835","-1","1"
"836","-1","1"
"839","-1","1"
"840","-1","1"
"841","-1","1"
"842","-1","1"
"843","-1","1"
"844","-1","1"
"845","-1","1"
"846","-1","1"
"847","-1","1"
"848","-1","1"
"851","-1","1"
"852","-1","1"
"853","-1","1"
"854","-1","1"
"855","-1","1"
"856","-1","1"
"857","-1","1"
"858","-1","1"
"859","-1","1"
"860","-1","1"
"861","-1","1"
"862","-1","1"
"863","-1","1"
"864","-1","1"
"865","-1","1"
"866","-1","1"
"867","-1","1"
"792","-1","1"
"793","-1","1"
"794","-1","1"
"795","-1","1"
"796","-1","1"
"797","-1","1"
"798","-1","1"
"801","-1","1"
"802","-1","1"
"803","-1","1"
"804","-1","1"
"805","-1","1"
"806","-1","1"
"807","-1","1"
"808","-1","1"
"809","-1","1"
"810","-1","1"
"813","-1","1"
"814","-1","1"
"815","-1","1"
"816","-1","1"
"817","-1","1"
"818","-1","1"
"819","-1","1"
"820","-1","1"
"821","-1","1"
"822","-1","1"
"823","-1","1"
"824","-1","1"
"825","-1","1"
"826","-1","1"
"827","-1","1"
"828","-1","1"
"829","-1","1"
"2051","-1","1"
"2052","-1","1"
"2053","-1","1"
"2054","-1","1"
"2055","-1","1"
"2056","-1","1"
"2057","-1","1"
"2060","-1","1"
"2061","-1","1"
"2062","-1","1"
"2063","-1","1"
"2064","-1","1"
"2065","-1","1"
"2066","-1","1"
"2067","-1","1"
"2068","-1","1"
"2069","-1","1"
"2072","-1","1"
"2073","-1","1"
"2074","-1","1"
"2075","-1","1"
"2076","-1","1"
"2077","-1","1"
"2078","-1","1"
"2079","-1","1"
"2080","-1","1"
"2081","-1","1"
"2082","-1","1"
"2083","-1","1"
"2084","-1","1"
"2085","-1","1"
"2086","-1","1"
"2087","-1","1"
"2088","-1","1"
"1","-1","1"
"2","-1","1"
"3","-1","1"
"4","-1","1"
"5","-1","1"
"6","-1","1"
"7","-1","1"
"10","-1","1"
"11","-1","1"
"12","-1","1"
"13","-1","1"
"14","-1","1"
"15","-1","1"
"16","-1","1"
"17","-1","1"
"18","-1","1"
"19","-1","1"
"22","-1","1"
"23","-1","1"
"24","-1","1"
"25","-1","1"
"26","-1","1"
"27","-1","1"
"28","-1","1"
"29","-1","1"
"30","-1","1"
"31","-1","1"
"32","-1","1"
"33","-1","1"
"34","-1","1"
"35","-1","1"
"36","-1","1"
"37","-1","1"
"38","-1","1"
"41","-1","1"
"44","-1","1"
"48","-1","1"
"55","-1","1"
"58","-1","1"
"64","-1","1"
"73","-1","1"
"76","-1","1"
"83","-1","1"
"84","-1","1"
"86","-1","1"
"89","-1","1"
"94","-1","1"
"95","-1","1"
"103","-1","1"
"107","-1","1"
"115","-1","1"
"116","-1","1"
"128","-1","1"
"130","-1","1"
"133","-1","1"
"136","-1","1"
"143","-1","1"
"144","-1","1"
"158","-1","1"
"172","-1","1"
"188","-1","1"
"196","-1","1"
"197","-1","1"
"200","-1","1"
"216","-1","1"
"217","-1","1"
"218","-1","1"
"219","-1","1"
"228","-1","1"
"237","-1","1"
"247","-1","1"
"256","-1","1"
"264","-1","1"
"268","-1","1"
"283","-1","1"
"289","-1","1"
"307","-1","1"
"308","-1","1"
"312","-1","1"
"319","-1","1"
"320","-1","1"
"321","-1","1"
"334","-1","1"
"339","-1","1"
"340","-1","1"
"346","-1","1"
"355","-1","1"
"366","-1","1"
"370","-1","1"
"374","-1","1"
"378","-1","1"
"382","-1","1"
"391","-1","1"
"396","-1","1"
"400","-1","1"
"401","-1","1"
"403","-1","1"
"408","-1","1"
"409","-1","1"
"416","-1","1"
"417","-1","1"
"419","-1","1"
"420","-1","1"
"427","-1","1"
"430","-1","1"
"432","-1","1"
"436","-1","1"
"440","-1","1"
"442","-1","1"
"445","-1","1"
"449","-1","1"
"455","-1","1"
"462","-1","1"
"464","-1","1"
"472","-1","1"
"482","-1","1"
"497","-1","1"
"505","-1","1"
"512","-1","1"
"515","-1","1"
"518","-1","1"
"520","-1","1"
"521","-1","1"
"536","-1","1"
"541","-1","1"
"542","-1","1"
"543","-1","1"
"547","-1","1"
"556","-1","1"
"557","-1","1"
"564","-1","1"
"567","-1","1"
"568","-1","1"
"576","-1","1"
"579","-1","1"
"580","-1","1"
"582","-1","1"
"583","-1","1"
"586","-1","1"
"588","-1","1"
"589","-1","1"
"600","-1","1"
"601","-1","1"
"607","-1","1"
"615","-1","1"
"617","-1","1"
"618","-1","1"
"626","-1","1"
"639","-1","1"
"640","-1","1"
"641","-1","1"
"645","-1","1"
"664","-1","1"
"669","-1","1"
"678","-1","1"
"683","-1","1"
"688","-1","1"
"689","-1","1"
"690","-1","1"
"695","-1","1"
"698","-1","1"
"709","-1","1"
"724","-1","1"
"730","-1","1"
"737","-1","1"
"744","-1","1"
"745","-1","1"
"746","-1","1"
"747","-1","1"
"750","-1","1"
"751","-1","1"
"757","-1","1"
"766","-1","1"
"767","-1","1"
"772","-1","1"
"773","-1","1"
"778","-1","1"
"788","-1","1"
"789","-1","1"
"1914","-1","1"
"1346","-1","1"
"1349","-1","1"
"1350","-1","1"
"1352","-1","1"
"1356","-1","1"
"1357","-1","1"
"1362","-1","1"
"1363","-1","1"
"1365","-1","1"
"1366","-1","1"
"1367","-1","1"
"1371","-1","1"
"1376","-1","1"
"1377","-1","1"
"1379","-1","1"
"1381","-1","1"
"1382","-1","1"
"1385","-1","1"
"1386","-1","1"
"1387","-1","1"
"1388","-1","1"
"1389","-1","1"
"1390","-1","1"
"1391","-1","1"
"1393","-1","1"
"1394","-1","1"
"1395","-1","1"
"1396","-1","1"
"1399","-1","1"
"1400","-1","1"
"1401","-1","1"
"1402","-1","1"
"1403","-1","1"
"1404","-1","1"
"1407","-1","1"
"1408","-1","1"
"1410","-1","1"
"1411","-1","1"
"1412","-1","1"
"1414","-1","1"
"1416","-1","1"
"1418","-1","1"
"1420","-1","1"
"1421","-1","1"
"1422","-1","1"
"1423","-1","1"
"1426","-1","1"
"1427","-1","1"
"1428","-1","1"
"1429","-1","1"
"1430","-1","1"
"1431","-1","1"
"1432","-1","1"
"1434","-1","1"
"1437","-1","1"
"1439","-1","1"
"1440","-1","1"
"1442","-1","1"
"1444","-1","1"
"1445","-1","1"
"1446","-1","1"
"1448","-1","1"
"1450","-1","1"
"1451","-1","1"
"1452","-1","1"
"1453","-1","1"
"1454","-1","1"
"1457","-1","1"
"1458","-1","1"
"1459","-1","1"
"1460","-1","1"
"1461","-1","1"
"1462","-1","1"
"1463","-1","1"
"1464","-1","1"
"1465","-1","1"
"1467","-1","1"
"1468","-1","1"
"1470","-1","1"
"1472","-1","1"
"1473","-1","1"
"1474","-1","1"
"1475","-1","1"
"1476","-1","1"
"1479","-1","1"
"1480","-1","1"
"1481","-1","1"
"1482","-1","1"
"1484","-1","1"
"1485","-1","1"
"1486","-1","1"
"1487","-1","1"
"1488","-1","1"
"1489","-1","1"
"1491","-1","1"
"1492","-1","1"
"1494","-1","1"
"1495","-1","1"
"1496","-1","1"
"1497","-1","1"
"1498","-1","1"
"1499","-1","1"
"1500","-1","1"
"1503","-1","1"
"1504","-1","1"
"1506","-1","1"
"1508","-1","1"
"1509","-1","1"
"1510","-1","1"
"1511","-1","1"
"1514","-1","1"
"1516","-1","1"
"1519","-1","1"
"1520","-1","1"
"1521","-1","1"
"1522","-1","1"
"1523","-1","1"
"1524","-1","1"
"1525","-1","1"
"1526","-1","1"
"1527","-1","1"
"1528","-1","1"
"1531","-1","1"
"1532","-1","1"
"1533","-1","1"
"1535","-1","1"
"1538","-1","1"
"1539","-1","1"
"1540","-1","1"
"1541","-1","1"
"1542","-1","1"
"1543","-1","1"
"1544","-1","1"
"1546","-1","1"
"1547","-1","1"
"1548","-1","1"
"1550","-1","1"
"1551","-1","1"
"1552","-1","1"
"1555","-1","1"
"1556","-1","1"
"1558","-1","1"
"1560","-1","1"
"1562","-1","1"
"1565","-1","1"
"1567","-1","1"
"1568","-1","1"
"1570","-1","1"
"1572","-1","1"
"1573","-1","1"
"1576","-1","1"
"1578","-1","1"
"1579","-1","1"
"1580","-1","1"
"1581","-1","1"
"1582","-1","1"
"1583","-1","1"
"1584","-1","1"
"1585","-1","1"
"1586","-1","1"
"1587","-1","1"
"1588","-1","1"
"1589","-1","1"
"1590","-1","1"
"1593","-1","1"
"1595","-1","1"
"1596","-1","1"
"1597","-1","1"
"1598","-1","1"
"1599","-1","1"
"1600","-1","1"
"1601","-1","1"
"1602","-1","1"
"1603","-1","1"
"1604","-1","1"
"1605","-1","1"
"1606","-1","1"
"1607","-1","1"
"1609","-1","1"
"1610","-1","1"
"1615","-1","1"
"1617","-1","1"
"1618","-1","1"
"1619","-1","1"
"1620","-1","1"
"1621","-1","1"
"1622","-1","1"
"1623","-1","1"
"1624","-1","1"
"1627","-1","1"
"1628","-1","1"
"1630","-1","1"
"1632","-1","1"
"1633","-1","1"
"1634","-1","1"
"1635","-1","1"
"1637","-1","1"
"1638","-1","1"
"1639","-1","1"
"1641","-1","1"
"1642","-1","1"
"1644","-1","1"
"1645","-1","1"
"1646","-1","1"
"1647","-1","1"
"1648","-1","1"
"1650","-1","1"
"1651","-1","1"
"1652","-1","1"
"1656","-1","1"
"1659","-1","1"
"1660","-1","1"
"1661","-1","1"
"1662","-1","1"
"1664","-1","1"
"1665","-1","1"
"1666","-1","1"
"1667","-1","1"
"1669","-1","1"
"1672","-1","1"
"1673","-1","1"
"1674","-1","1"
"1675","-1","1"
"1677","-1","1"
"1678","-1","1"
"1679","-1","1"
"1681","-1","1"
"1682","-1","1"
"1683","-1","1"
"1684","-1","1"
"1685","-1","1"
"1686","-1","1"
"1687","-1","1"
"1688","-1","1"
"1689","-1","1"
"1690","-1","1"
"1691","-1","1"
"1692","-1","1"
"1693","-1","1"
"1697","-1","1"
"1698","-1","1"
"1699","-1","1"
"1701","-1","1"
"1702","-1","1"
"1704","-1","1"
"1705","-1","1"
"1706","-1","1"
"1707","-1","1"
"1708","-1","1"
"1710","-1","1"
"1711","-1","1"
"1712","-1","1"
"1713","-1","1"
"1714","-1","1"
"1715","-1","1"
"1717","-1","1"
"1718","-1","1"
"1719","-1","1"
"1721","-1","1"
"1722","-1","1"
"1723","-1","1"
"1724","-1","1"
"1726","-1","1"
"1728","-1","1"
"1731","-1","1"
"1732","-1","1"
"1734","-1","1"
"1737","-1","1"
"1739","-1","1"
"1740","-1","1"
"1741","-1","1"
"1742","-1","1"
"1743","-1","1"
"1745","-1","1"
"1746","-1","1"
"1747","-1","1"
"1749","-1","1"
"1750","-1","1"
"1751","-1","1"
"1752","-1","1"
"1753","-1","1"
"1754","-1","1"
"1756","-1","1"
"1758","-1","1"
"1759","-1","1"
"1760","-1","1"
"1762","-1","1"
"1763","-1","1"
"1764","-1","1"
"1765","-1","1"
"1767","-1","1"
"1768","-1","1"
"1769","-1","1"
"1770","-1","1"
"1771","-1","1"
"1772","-1","1"
"1773","-1","1"
"1774","-1","1"
"1775","-1","1"
"1779","-1","1"
"1781","-1","1"
"1782","-1","1"
"1783","-1","1"
"1784","-1","1"
"1785","-1","1"
"1786","-1","1"
"1788","-1","1"
"1789","-1","1"
"1790","-1","1"
"1791","-1","1"
"1792","-1","1"
"1793","-1","1"
"1794","-1","1"
"1797","-1","1"
"1798","-1","1"
"1799","-1","1"
"1800","-1","1"
"1801","-1","1"
"1802","-1","1"
"1803","-1","1"
"1804","-1","1"
"1805","-1","1"
"1806","-1","1"
"1807","-1","1"
"1808","-1","1"
"1810","-1","1"
"1811","-1","1"
"1812","-1","1"
"1813","-1","1"
"1816","-1","1"
"1818","-1","1"
"1819","-1","1"
"1820","-1","1"
"1823","-1","1"
"1824","-1","1"
"1826","-1","1"
"1827","-1","1"
"1828","-1","1"
"1831","-1","1"
"1832","-1","1"
"1833","-1","1"
"1834","-1","1"
"1835","-1","1"
"1836","-1","1"
"1838","-1","1"
"1839","-1","1"
"1840","-1","1"
"1841","-1","1"
"1842","-1","1"
"1843","-1","1"
"1844","-1","1"
"1846","-1","1"
"1847","-1","1"
"1848","-1","1"
"1853","-1","1"
"1854","-1","1"
"1856","-1","1"
"1857","-1","1"
"1858","-1","1"
"1859","-1","1"
"1860","-1","1"
"1861","-1","1"
"1862","-1","1"
"1863","-1","1"
"1864","-1","1"
"1865","-1","1"
"1866","-1","1"
"1867","-1","1"
"1868","-1","1"
"1869","-1","1"
"870","-1","1"
"871","-1","1"
"872","-1","1"
"877","-1","1"
"878","-1","1"
"882","-1","1"
"889","-1","1"
"891","-1","1"
"893","-1","1"
"895","-1","1"
"906","-1","1"
"912","-1","1"
"914","-1","1"
"923","-1","1"
"924","-1","1"
"928","-1","1"
"930","-1","1"
"941","-1","1"
"944","-1","1"
"945","-1","1"
"946","-1","1"
"948","-1","1"
"952","-1","1"
"953","-1","1"
"969","-1","1"
"975","-1","1"
"976","-1","1"
"978","-1","1"
"983","-1","1"
"985","-1","1"
"993","-1","1"
"997","-1","1"
"1010","-1","1"
"1019","-1","1"
"1020","-1","1"
"1021","-1","1"
"1023","-1","1"
"1032","-1","1"
"1033","-1","1"
"1036","-1","1"
"1039","-1","1"
"1047","-1","1"
"1049","-1","1"
"1050","-1","1"
"1051","-1","1"
"1063","-1","1"
"1067","-1","1"
"1070","-1","1"
"1076","-1","1"
"1081","-1","1"
"1082","-1","1"
"1083","-1","1"
"1085","-1","1"
"1089","-1","1"
"1097","-1","1"
"1107","-1","1"
"1108","-1","1"
"1109","-1","1"
"1113","-1","1"
"1114","-1","1"
"1118","-1","1"
"1123","-1","1"
"1126","-1","1"
"1129","-1","1"
"1130","-1","1"
"1134","-1","1"
"1135","-1","1"
"1144","-1","1"
"1149","-1","1"
"1151","-1","1"
"1152","-1","1"
"1155","-1","1"
"1163","-1","1"
"1169","-1","1"
"1170","-1","1"
"1172","-1","1"
"1175","-1","1"
"1181","-1","1"
"1184","-1","1"
"1191","-1","1"
"1193","-1","1"
"1198","-1","1"
"1202","-1","1"
"1205","-1","1"
"1206","-1","1"
"1211","-1","1"
"1216","-1","1"
"1218","-1","1"
"1223","-1","1"
"1224","-1","1"
"1229","-1","1"
"1231","-1","1"
"1235","-1","1"
"1240","-1","1"
"1241","-1","1"
"1243","-1","1"
"1245","-1","1"
"1247","-1","1"
"1248","-1","1"
"1250","-1","1"
"1251","-1","1"
"1252","-1","1"
"1254","-1","1"
"1255","-1","1"
"1257","-1","1"
"1259","-1","1"
"1261","-1","1"
"1263","-1","1"
"1265","-1","1"
"1266","-1","1"
"1268","-1","1"
"1269","-1","1"
"1270","-1","1"
"1273","-1","1"
"1274","-1","1"
"1275","-1","1"
"1276","-1","1"
"1278","-1","1"
"1280","-1","1"
"1282","-1","1"
"1284","-1","1"
"1286","-1","1"
"1288","-1","1"
"1289","-1","1"
"1290","-1","1"
"1292","-1","1"
"1293","-1","1"
"1294","-1","1"
"1295","-1","1"
"1296","-1","1"
"1298","-1","1"
"1299","-1","1"
"1301","-1","1"
"1302","-1","1"
"1303","-1","1"
"1304","-1","1"
"1305","-1","1"
"1306","-1","1"
"1307","-1","1"
"2089","-1","1"
"2092","-1","1"
"2093","-1","1"
"2094","-1","1"
"2095","-1","1"
"2097","-1","1"
"2098","-1","1"
"2100","-1","1"
"2101","-1","1"
"2102","-1","1"
"2103","-1","1"
"2104","-1","1"
"2105","-1","1"
"2108","-1","1"
"2109","-1","1"
"2110","-1","1"
"2112","-1","1"
"2114","-1","1"
"2115","-1","1"
"2117","-1","1"
"2118","-1","1"
"2119","-1","1"
"2121","-1","1"
"2123","-1","1"
"2124","-1","1"
"2125","-1","1"
"2129","-1","1"
"2130","-1","1"
"2133","-1","1"
"2135","-1","1"
"2137","-1","1"
"2138","-1","1"
"2139","-1","1"
"2140","-1","1"
"2141","-1","1"
"2143","-1","1"
"2145","-1","1"
"2147","-1","1"
"2149","-1","1"
"2150","-1","1"
"2151","-1","1"
"2152","-1","1"
"2153","-1","1"
"2156","-1","1"
"2158","-1","1"
"2159","-1","1"
"2161","-1","1"
"2162","-1","1"
"2163","-1","1"
"2164","-1","1"
"2165","-1","1"
"2166","-1","1"
"2167","-1","1"
"2168","-1","1"
"2169","-1","1"
"2170","-1","1"
"2171","-1","1"
"2175","-1","1"
"2177","-1","1"
"2178","-1","1"
"2179","-1","1"
"2183","-1","1"
"2184","-1","1"
"2185","-1","1"
"2187","-1","1"
"2188","-1","1"
"2189","-1","1"
"2190","-1","1"
"2191","-1","1"
"2192","-1","1"
"2193","-1","1"
"2194","-1","1"
"2195","-1","1"
"2197","-1","1"
"2198","-1","1"
"2200","-1","1"
"2201","-1","1"
"2202","-1","1"
"2203","-1","1"
"2204","-1","1"
"2208","-1","1"
"2211","-1","1"
"2213","-1","1"
"2215","-1","1"
"2216","-1","1"
"2218","-1","1"
"2220","-1","1"
"2221","-1","1"
"2225","-1","1"
"2229","-1","1"
"2230","-1","1"
"2233","-1","1"
"2234","-1","1"
"2235","-1","1"
"2236","-1","1"
"2239","-1","1"
"2240","-1","1"
"2241","-1","1"
"2242","-1","1"
"2244","-1","1"
"2246","-1","1"
"2247","-1","1"
"2248","-1","1"
"2249","-1","1"
"2250","-1","1"
"2251","-1","1"
"2253","-1","1"
"2254","-1","1"
"2255","-1","1"
"2256","-1","1"
"2258","-1","1"
"2260","-1","1"
"2261","-1","1"
"2263","-1","1"
"2264","-1","1"
"2266","-1","1"
"2267","-1","1"
"2269","-1","1"
"2277","-1","1"
"2280","-1","1"
"2281","-1","1"
"2285","-1","1"
"2286","-1","1"
"2288","-1","1"
"2289","-1","1"
"2291","-1","1"
"2292","-1","1"
"2295","-1","1"
"2296","-1","1"
"2297","-1","1"
"2300","-1","1"
"2301","-1","1"
"2302","-1","1"
"2303","-1","1"
"2305","-1","1"
"2307","-1","1"
"2308","-1","1"
"2309","-1","1"
"2311","-1","1"
"2312","-1","1"
"2314","-1","1"
"2315","-1","1"
"2316","-1","1"
"2318","-1","1"
"2320","-1","1"
"2321","-1","1"
"2326","-1","1"
"2327","-1","1"
"2329","-1","1"
"2330","-1","1"
"2332","-1","1"
"2338","-1","1"
"2340","-1","1"
"2341","-1","1"
"2342","-1","1"
"2343","-1","1"
"2346","-1","1"
"2348","-1","1"
"2349","-1","1"
"2350","-1","1"
"2352","-1","1"
"2353","-1","1"
"2354","-1","1"
"2358","-1","1"
"2359","-1","1"
"2362","-1","1"
"2363","-1","1"
"2365","-1","1"
"2367","-1","1"
"2370","-1","1"
"2372","-1","1"
"2378","-1","1"
"2380","-1","1"
"2381","-1","1"
"2388","-1","1"
"2389","-1","1"
"2391","-1","1"
"2393","-1","1"
"2397","-1","1"
"2399","-1","1"
"2402","-1","1"
"2404","-1","1"
"2405","-1","1"
"2408","-1","1"
"2411","-1","1"
"2412","-1","1"
"2413","-1","1"
"2414","-1","1"
"2415","-1","1"
"2418","-1","1"
"2419","-1","1"
"2421","-1","1"
"2422","-1","1"
"2425","-1","1"
"2426","-1","1"
"2427","-1","1"
"2430","-1","1"
"2433","-1","1"
"2434","-1","1"
"2438","-1","1"
"2441","-1","1"
"2442","-1","1"
"2444","-1","1"
"2446","-1","1"
"2447","-1","1"
"2449","-1","1"
"2450","-1","1"
"2452","-1","1"
"2456","-1","1"
"2457","-1","1"
"2458","-1","1"
"2460","-1","1"
"2463","-1","1"
"2464","-1","1"
"2465","-1","1"
"2466","-1","1"
"2468","-1","1"
"2470","-1","1"
"2475","-1","1"
"2479","-1","1"
"2481","-1","1"
"2482","-1","1"
"2484","-1","1"
"2485","-1","1"
"2487","-1","1"
"2491","-1","1"
"2494","-1","1"
"2495","-1","1"
"2496","-1","1"
"2499","-1","1"
"2500","-1","1"
"2502","-1","1"
"2503","-1","1"
"2508","-1","1"
"2510","-1","1"
"2511","-1","1"
"2515","-1","1"
"2519","-1","1"
"2524","-1","1"
"2526","-1","1"
"2528","-1","1"
"2533","-1","1"
"2534","-1","1"
"2536","-1","1"
"2537","-1","1"
"2538","-1","1"
"2540","-1","1"
"2541","-1","1"
"2543","-1","1"
"2544","-1","1"
"2546","-1","1"
"2547","-1","1"
"2553","-1","1"
"2554","-1","1"
"2555","-1","1"
"2559","-1","1"
"2560","-1","1"
"2563","-1","1"
"2564","-1","1"
"2568","-1","1"
"2576","-1","1"
"2579","-1","1"
"2580","-1","1"
"2584","-1","1"
"2587","-1","1"
"2588","-1","1"
"2589","-1","1"
"2590","-1","1"
"2594","-1","1"
"2595","-1","1"
"2596","-1","1"
"2598","-1","1"
"2599","-1","1"
"2604","-1","1"
"2605","-1","1"
"2610","-1","1"
"2611","-1","1"
"2612","-1","1"
"2617","-1","1"
"2618","-1","1"
"2622","-1","1"
"2623","-1","1"
"2624","-1","1"
"2625","-1","1"
"2629","-1","1"
"2630","-1","1"
"2632","-1","1"
"2633","-1","1"
"2635","-1","1"
"2638","-1","1"
"2639","-1","1"
"2641","-1","1"
"2643","-1","1"
"2649","-1","1"
"2651","-1","1"
"2653","-1","1"
"2657","-1","1"
"2659","-1","1"
"2661","-1","1"
"2665","-1","1"
"2666","-1","1"
"2668","-1","1"
"2669","-1","1"
"2670","-1","1"
"2674","-1","1"
"2675","-1","1"
"2676","-1","1"
"2677","-1","1"
"2679","-1","1"
"2680","-1","1"
"2681","-1","1"
"2683","-1","1"
"2684","-1","1"
"2686","-1","1"
"2688","-1","1"
"2694","-1","1"
"2699","-1","1"
"2700","-1","1"
"2702","-1","1"
"2703","-1","1"
"2704","-1","1"
"2706","-1","1"
"2711","-1","1"
"2712","-1","1"
"2713","-1","1"
"2716","-1","1"
"2718","-1","1"
"2720","-1","1"
"2721","-1","1"
"2722","-1","1"
"2723","-1","1"
"2725","-1","1"
"2726","-1","1"
"2727","-1","1"
"2729","-1","1"
"2731","-1","1"
"2733","-1","1"
"2735","-1","1"
"2736","-1","1"
"2739","-1","1"
"2741","-1","1"
"2742","-1","1"
"2743","-1","1"
"2744","-1","1"
"2746","-1","1"
"2752","-1","1"
"2753","-1","1"
"2755","-1","1"
"2756","-1","1"
"2757","-1","1"
"2759","-1","1"
"2763","-1","1"
"2765","-1","1"
"2768","-1","1"
"2770","-1","1"
"2771","-1","1"
"2772","-1","1"
"2777","-1","1"
"2778","-1","1"
"2779","-1","1"
"2780","-1","1"
"2781","-1","1"
"2782","-1","1"
"2783","-1","1"
"2784","-1","1"
"2785","-1","1"
"2786","-1","1"
"2787","-1","1"
"2788","-1","1"
"2790","-1","1"
"2792","-1","1"
"2793","-1","1"
"2794","-1","1"
"2795","-1","1"
"39","-2","1"
"43","-2","1"
"45","-2","1"
"47","-2","1"
"49","-2","1"
"50","-2","1"
"53","-2","1"
"54","-2","1"
"56","-2","1"
"59","-2","1"
"60","-2","1"
"61","-2","1"
"69","-2","1"
"70","-2","1"
"72","-2","1"
"74","-2","1"
"77","-2","1"
"79","-2","1"
"80","-2","1"
"85","-2","1"
"88","-2","1"
"92","-2","1"
"96","-2","1"
"98","-2","1"
"99","-2","1"
"100","-2","1"
"101","-2","1"
"105","-2","1"
"106","-2","1"
"108","-2","1"
"112","-2","1"
"118","-2","1"
"119","-2","1"
"123","-2","1"
"124","-2","1"
"125","-2","1"
"127","-2","1"
"131","-2","1"
"132","-2","1"
"134","-2","1"
"135","-2","1"
"137","-2","1"
"138","-2","1"
"147","-2","1"
"148","-2","1"
"156","-2","1"
"157","-2","1"
"160","-2","1"
"161","-2","1"
"166","-2","1"
"167","-2","1"
"169","-2","1"
"170","-2","1"
"171","-2","1"
"173","-2","1"
"174","-2","1"
"175","-2","1"
"176","-2","1"
"177","-2","1"
"178","-2","1"
"179","-2","1"
"182","-2","1"
"184","-2","1"
"185","-2","1"
"186","-2","1"
"187","-2","1"
"189","-2","1"
"190","-2","1"
"192","-2","1"
"193","-2","1"
"194","-2","1"
"201","-2","1"
"202","-2","1"
"203","-2","1"
"204","-2","1"
"210","-2","1"
"212","-2","1"
"213","-2","1"
"214","-2","1"
"220","-2","1"
"223","-2","1"
"225","-2","1"
"229","-2","1"
"230","-2","1"
"231","-2","1"
"232","-2","1"
"234","-2","1"
"236","-2","1"
"241","-2","1"
"248","-2","1"
"254","-2","1"
"255","-2","1"
"258","-2","1"
"267","-2","1"
"269","-2","1"
"271","-2","1"
"274","-2","1"
"275","-2","1"
"278","-2","1"
"284","-2","1"
"288","-2","1"
"291","-2","1"
"294","-2","1"
"296","-2","1"
"301","-2","1"
"302","-2","1"
"303","-2","1"
"304","-2","1"
"305","-2","1"
"306","-2","1"
"309","-2","1"
"310","-2","1"
"311","-2","1"
"314","-2","1"
"315","-2","1"
"317","-2","1"
"318","-2","1"
"323","-2","1"
"324","-2","1"
"325","-2","1"
"327","-2","1"
"328","-2","1"
"329","-2","1"
"331","-2","1"
"342","-2","1"
"343","-2","1"
"344","-2","1"
"345","-2","1"
"347","-2","1"
"348","-2","1"
"352","-2","1"
"353","-2","1"
"356","-2","1"
"357","-2","1"
"360","-2","1"
"363","-2","1"
"372","-2","1"
"375","-2","1"
"376","-2","1"
"377","-2","1"
"383","-2","1"
"385","-2","1"
"387","-2","1"
"389","-2","1"
"390","-2","1"
"397","-2","1"
"399","-2","1"
"402","-2","1"
"404","-2","1"
"405","-2","1"
"406","-2","1"
"407","-2","1"
"410","-2","1"
"412","-2","1"
"413","-2","1"
"414","-2","1"
"415","-2","1"
"418","-2","1"
"421","-2","1"
"423","-2","1"
"424","-2","1"
"426","-2","1"
"428","-2","1"
"429","-2","1"
"431","-2","1"
"434","-2","1"
"435","-2","1"
"437","-2","1"
"438","-2","1"
"443","-2","1"
"444","-2","1"
"446","-2","1"
"451","-2","1"
"452","-2","1"
"457","-2","1"
"458","-2","1"
"460","-2","1"
"461","-2","1"
"465","-2","1"
"466","-2","1"
"467","-2","1"
"470","-2","1"
"471","-2","1"
"473","-2","1"
"474","-2","1"
"475","-2","1"
"477","-2","1"
"478","-2","1"
"480","-2","1"
"483","-2","1"
"486","-2","1"
"487","-2","1"
"488","-2","1"
"489","-2","1"
"492","-2","1"
"493","-2","1"
"496","-2","1"
"499","-2","1"
"500","-2","1"
"501","-2","1"
"502","-2","1"
"508","-2","1"
"510","-2","1"
"511","-2","1"
"514","-2","1"
"516","-2","1"
"517","-2","1"
"524","-2","1"
"528","-2","1"
"533","-2","1"
"535","-2","1"
"537","-2","1"
"538","-2","1"
"539","-2","1"
"546","-2","1"
"548","-2","1"
"551","-2","1"
"552","-2","1"
"559","-2","1"
"566","-2","1"
"571","-2","1"
"573","-2","1"
"574","-2","1"
"577","-2","1"
"581","-2","1"
"585","-2","1"
"587","-2","1"
"590","-2","1"
"594","-2","1"
"596","-2","1"
"597","-2","1"
"598","-2","1"
"603","-2","1"
"604","-2","1"
"605","-2","1"
"606","-2","1"
"608","-2","1"
"609","-2","1"
"610","-2","1"
"612","-2","1"
"613","-2","1"
"620","-2","1"
"624","-2","1"
"625","-2","1"
"627","-2","1"
"628","-2","1"
"630","-2","1"
"631","-2","1"
"632","-2","1"
"633","-2","1"
"636","-2","1"
"637","-2","1"
"643","-2","1"
"644","-2","1"
"646","-2","1"
"647","-2","1"
"649","-2","1"
"650","-2","1"
"654","-2","1"
"656","-2","1"
"657","-2","1"
"658","-2","1"
"662","-2","1"
"665","-2","1"
"668","-2","1"
"670","-2","1"
"671","-2","1"
"673","-2","1"
"675","-2","1"
"676","-2","1"
"680","-2","1"
"681","-2","1"
"685","-2","1"
"686","-2","1"
"691","-2","1"
"692","-2","1"
"697","-2","1"
"701","-2","1"
"704","-2","1"
"705","-2","1"
"707","-2","1"
"708","-2","1"
"712","-2","1"
"713","-2","1"
"714","-2","1"
"716","-2","1"
"718","-2","1"
"719","-2","1"
"721","-2","1"
"723","-2","1"
"725","-2","1"
"726","-2","1"
"727","-2","1"
"731","-2","1"
"732","-2","1"
"734","-2","1"
"735","-2","1"
"736","-2","1"
"738","-2","1"
"739","-2","1"
"740","-2","1"
"742","-2","1"
"749","-2","1"
"758","-2","1"
"759","-2","1"
"760","-2","1"
"762","-2","1"
"763","-2","1"
"764","-2","1"
"765","-2","1"
"768","-2","1"
"769","-2","1"
"770","-2","1"
"771","-2","1"
"775","-2","1"
"779","-2","1"
"781","-2","1"
"783","-2","1"
"784","-2","1"
"791","-2","1"
"1594","-2","1"
"1670","-2","1"
"868","-2","1"
"869","-2","1"
"873","-2","1"
"874","-2","1"
"875","-2","1"
"884","-2","1"
"886","-2","1"
"887","-2","1"
"888","-2","1"
"890","-2","1"
"892","-2","1"
"896","-2","1"
"899","-2","1"
"901","-2","1"
"902","-2","1"
"903","-2","1"
"904","-2","1"
"905","-2","1"
"907","-2","1"
"908","-2","1"
"909","-2","1"
"915","-2","1"
"916","-2","1"
"917","-2","1"
"922","-2","1"
"925","-2","1"
"926","-2","1"
"927","-2","1"
"932","-2","1"
"933","-2","1"
"934","-2","1"
"935","-2","1"
"936","-2","1"
"938","-2","1"
"939","-2","1"
"940","-2","1"
"942","-2","1"
"943","-2","1"
"947","-2","1"
"949","-2","1"
"951","-2","1"
"954","-2","1"
"955","-2","1"
"956","-2","1"
"957","-2","1"
"958","-2","1"
"960","-2","1"
"961","-2","1"
"963","-2","1"
"964","-2","1"
"965","-2","1"
"966","-2","1"
"968","-2","1"
"970","-2","1"
"974","-2","1"
"977","-2","1"
"979","-2","1"
"980","-2","1"
"981","-2","1"
"982","-2","1"
"986","-2","1"
"987","-2","1"
"989","-2","1"
"994","-2","1"
"995","-2","1"
"996","-2","1"
"998","-2","1"
"999","-2","1"
"1000","-2","1"
"1001","-2","1"
"1002","-2","1"
"1003","-2","1"
"1004","-2","1"
"1006","-2","1"
"1007","-2","1"
"1008","-2","1"
"1009","-2","1"
"1011","-2","1"
"1012","-2","1"
"1013","-2","1"
"1016","-2","1"
"1017","-2","1"
"1018","-2","1"
"1022","-2","1"
"1024","-2","1"
"1025","-2","1"
"1027","-2","1"
"1030","-2","1"
"1034","-2","1"
"1035","-2","1"
"1038","-2","1"
"1040","-2","1"
"1041","-2","1"
"1044","-2","1"
"1045","-2","1"
"1046","-2","1"
"1048","-2","1"
"1052","-2","1"
"1053","-2","1"
"1054","-2","1"
"1055","-2","1"
"1056","-2","1"
"1058","-2","1"
"1059","-2","1"
"1065","-2","1"
"1066","-2","1"
"1068","-2","1"
"1069","-2","1"
"1072","-2","1"
"1073","-2","1"
"1075","-2","1"
"1078","-2","1"
"1079","-2","1"
"1084","-2","1"
"1086","-2","1"
"1088","-2","1"
"1090","-2","1"
"1091","-2","1"
"1092","-2","1"
"1093","-2","1"
"1094","-2","1"
"1095","-2","1"
"1096","-2","1"
"1099","-2","1"
"1101","-2","1"
"1102","-2","1"
"1104","-2","1"
"1106","-2","1"
"1110","-2","1"
"1111","-2","1"
"1115","-2","1"
"1116","-2","1"
"1117","-2","1"
"1119","-2","1"
"1120","-2","1"
"1121","-2","1"
"1124","-2","1"
"1125","-2","1"
"1132","-2","1"
"1136","-2","1"
"1137","-2","1"
"1138","-2","1"
"1139","-2","1"
"1140","-2","1"
"1141","-2","1"
"1143","-2","1"
"1145","-2","1"
"1147","-2","1"
"1148","-2","1"
"1153","-2","1"
"1154","-2","1"
"1156","-2","1"
"1160","-2","1"
"1162","-2","1"
"1165","-2","1"
"1166","-2","1"
"1167","-2","1"
"1178","-2","1"
"1179","-2","1"
"1182","-2","1"
"1185","-2","1"
"1186","-2","1"
"1187","-2","1"
"1188","-2","1"
"1189","-2","1"
"1190","-2","1"
"1192","-2","1"
"1194","-2","1"
"1195","-2","1"
"1196","-2","1"
"1197","-2","1"
"1199","-2","1"
"1200","-2","1"
"1201","-2","1"
"1203","-2","1"
"1204","-2","1"
"1207","-2","1"
"1208","-2","1"
"1210","-2","1"
"1212","-2","1"
"1213","-2","1"
"1214","-2","1"
"1217","-2","1"
"1219","-2","1"
"1222","-2","1"
"1225","-2","1"
"1227","-2","1"
"1230","-2","1"
"1233","-2","1"
"1234","-2","1"
"1237","-2","1"
"1242","-2","1"
"1244","-2","1"
"1246","-2","1"
"1258","-2","1"
"1260","-2","1"
"1262","-2","1"
"1264","-2","1"
"1272","-2","1"
"1279","-2","1"
"1281","-2","1"
"1285","-2","1"
"1287","-2","1"
"1291","-2","1"
"2090","-2","1"
"2099","-2","1"
"2106","-2","1"
"2107","-2","1"
"2126","-2","1"
"2128","-2","1"
"2131","-2","1"
"2142","-2","1"
"2155","-2","1"
"2173","-2","1"
"2176","-2","1"
"2180","-2","1"
"2182","-2","1"
"2199","-2","1"
"2205","-2","1"
"2209","-2","1"
"2210","-2","1"
"2212","-2","1"
"2214","-2","1"
"2217","-2","1"
"2219","-2","1"
"2224","-2","1"
"2245","-2","1"
"2257","-2","1"
"2262","-2","1"
"2268","-2","1"
"2270","-2","1"
"2276","-2","1"
"2282","-2","1"
"2284","-2","1"
"2293","-2","1"
"2298","-2","1"
"2299","-2","1"
"2304","-2","1"
"2306","-2","1"
"2313","-2","1"
"2323","-2","1"
"2324","-2","1"
"2325","-2","1"
"2331","-2","1"
"2335","-2","1"
"2345","-2","1"
"2347","-2","1"
"2355","-2","1"
"2357","-2","1"
"2373","-2","1"
"2375","-2","1"
"2379","-2","1"
"2382","-2","1"
"2384","-2","1"
"2385","-2","1"
"2386","-2","1"
"2387","-2","1"
"2390","-2","1"
"2392","-2","1"
"2394","-2","1"
"2395","-2","1"
"2396","-2","1"
"2398","-2","1"
"2401","-2","1"
"2406","-2","1"
"2409","-2","1"
"2410","-2","1"
"2417","-2","1"
"2420","-2","1"
"2429","-2","1"
"2435","-2","1"
"2437","-2","1"
"2440","-2","1"
"2443","-2","1"
"2448","-2","1"
"2455","-2","1"
"2459","-2","1"
"2462","-2","1"
"2469","-2","1"
"2471","-2","1"
"2472","-2","1"
"2473","-2","1"
"2474","-2","1"
"2478","-2","1"
"2486","-2","1"
"2492","-2","1"
"2505","-2","1"
"2507","-2","1"
"2509","-2","1"
"2514","-2","1"
"2516","-2","1"
"2520","-2","1"
"2521","-2","1"
"2522","-2","1"
"2523","-2","1"
"2527","-2","1"
"2532","-2","1"
"2539","-2","1"
"2542","-2","1"
"2549","-2","1"
"2551","-2","1"
"2552","-2","1"
"2556","-2","1"
"2557","-2","1"
"2566","-2","1"
"2567","-2","1"
"2569","-2","1"
"2570","-2","1"
"2573","-2","1"
"2574","-2","1"
"2575","-2","1"
"2583","-2","1"
"2586","-2","1"
"2591","-2","1"
"2602","-2","1"
"2603","-2","1"
"2608","-2","1"
"2609","-2","1"
"2613","-2","1"
"2620","-2","1"
"2627","-2","1"
"2631","-2","1"
"2634","-2","1"
"2637","-2","1"
"2640","-2","1"
"2642","-2","1"
"2644","-2","1"
"2645","-2","1"
"2650","-2","1"
"2652","-2","1"
"2655","-2","1"
"2660","-2","1"
"2664","-2","1"
"2687","-2","1"
"2689","-2","1"
"2691","-2","1"
"2701","-2","1"
"2709","-2","1"
"2710","-2","1"
"2714","-2","1"
"2715","-2","1"
"2719","-2","1"
"2724","-2","1"
"2730","-2","1"
"2732","-2","1"
"2737","-2","1"
"2751","-2","1"
"2764","-2","1"
