CheckIndex,CheckType,CheckDescription
0,set_pass OR set_fail,ERROR: These testsuite flags CAN break Category binning.
1,"InTestflow AND Bypassed AND NOT Bang (""!"") AND TT=1",ERROR: Major problem here.  Causes Bin 13.
2,InTestflow AND NOT InCategories,"ERROR: All Testsuites in this file use Category binning. (no stop bin or multi bin ""downstream"")."
3,NOT InTestflow AND TT=1,"WARNING: This testsuite MUST be in your flow (TT=1) even if bypassed, but it's not. Why?"
4,InTestflow AND TT=0,"WARNING: Potential test escape.  If this testsuite fails, you will not know."
5,InTestflow AND NOT InTestTypes,"WARNING: Defaults to ""1"" but you should probably add it to TestTypes to be explicit."
--------------------------------------
node_id,Suite,FailedChecks,BinSource,Bypassed?,TestTypeValue : FT_RPC_HT,"Bang? (""!"")",set_pass?,set_fail?,InTestflow?,InCategories?,InTestTypes?
2454,PB_PLL_DSP_COLD_AtSpeedVmax_st,5,cat,,,Y,,,Y,Y,
1032,LED_SPI_PG_AtSpeedVmin_st,4,cat,,0,Y,,,Y,Y,Y
749,SetupBrdgVmin,"2,5",cat,,,,,,Y,,
877,LED_DDR_PG_AtSpeedVmin_st,4,cat,,0,Y,,,Y,Y,Y
3330,LED_DDR_DATAPHY_I_B_PG_FreqSearch_st,4,cat,Y,0,Y,,,Y,Y,Y
509,CHAIN_SRCH_P00_PG_FuncVmin_st,4,cat,Y,0,,,,Y,Y,Y
3236,LED_PHY_PCIE_PG_VminSearch_st,4,cat,Y,0,Y,,,Y,Y,Y
1072,Shmoo_ARM_SLo_1,"2,5",cat,Y,,,,,Y,,
,DTC2_TS2_DEG_FINAL,3,cat,Y,1,,,,,Y,Y
866,LED_INTC_PG_AtSpeedVmin_st,4,cat,,0,Y,,,Y,Y,Y
2709,LED_PLLCTRL_PG_AtSpeedVmax_st,4,cat,Y,0,Y,,,Y,Y,Y
1676,P_SRCH_S4A_G5_2DO_PG_AtSpeedVmin_st,4,cat,Y,0,Y,,,Y,Y,Y
1775,P_SRCH_UHD_AA_3PR_PG_AtSpeedVmin_st,4,cat,Y,0,Y,,,Y,Y,Y
55,SupplyShortsPre2_st_old,"2,5",cat,Y,,,,,Y,,
704,SAF_SRCH_P07_PG_FuncVmin_st,4,cat,Y,0,,,,Y,Y,Y
2609,LED_PA_PG_AtSpeedVmax_cold_st,4,cat,,0,Y,,,Y,Y,Y
3228,binSrch_RTA_M0_1DO_PG_VminSearch_st,4,cat,Y,0,Y,,,Y,Y,Y
226,PB_PLL_S1R_Gx_COLD_AtSpeedVmax_st,5,cat,,,Y,,,Y,Y,
,DTC_TS2_BLOWN_OFFSET,3,cat,,1,Y,,,,Y,Y
1556,P_SRCH_S1R_G3_1DO_PG_AtSpeedVmin_st,4,cat,Y,0,Y,,,Y,Y,Y
1023,LED_QMSS_PG_AtSpeedVmin_st,4,cat,,0,Y,,,Y,Y,Y
58,DieIDPreRead_Shortn_st,"2,5",cat,Y,,,,,Y,,
910,LED_PHY_AIF_PG_AtSpeedVmin_st,4,cat,,0,Y,,,Y,Y,Y
1727,P_SRCH_SDP_G2_1PR_PG_AtSpeedVmin_st,4,cat,Y,0,Y,,,Y,Y,Y
1625,P_SRCH_S4A_G1_1PR_PG_AtSpeedVmin_st,4,cat,Y,0,Y,,,Y,Y,Y
1020,LED_PSC_PG_AtSpeedVmin_st,4,cat,,0,Y,,,Y,Y,Y
3322,TRANS_P09_C2_PG_FreqSearch_st,4,cat,Y,0,Y,,,Y,Y,Y
976,LED_MSMC_PG_AtSpeedVmin_st,4,cat,,0,Y,,,Y,Y,Y
707,SAF_SRCH_P10_PG_FuncVmin_st,4,cat,Y,0,,,,Y,Y,Y
2717,LED_TCP_PG_AtSpeedVmax_st,4,cat,Y,0,Y,,,Y,Y,Y
1391,P_SRCH_2PR_C1_3DO_PG_AtSpeedVmin_st,4,cat,Y,0,Y,,,Y,Y,Y
3422,TFTOutlierScreen_eng,"2,5",cat,,,,,,Y,,
1421,P_SRCH_DSP_AA_6DO_PG_AtSpeedVmin_st,4,cat,Y,0,Y,,,Y,Y,Y
1883,TRANS_SRCH_P04_CB_PG_AtSpeedVmin_st,4,cat,Y,0,Y,,,Y,Y,Y
1685,P_SRCH_S4A_G6_1PR_PG_AtSpeedVmin_st,4,cat,Y,0,Y,,,Y,Y,Y
1827,P_SRCH_RTA_T0_FDO_PG_AtSpeedVmin_st,4,cat,Y,0,Y,,,Y,Y,Y
3365,CTCS_SearchFmax,"2,5",cat,,,,,,Y,,
97,XtrIdriveTest_CORE_HVT,"2,5",cat,Y,,,,,Y,,
1757,P_SRCH_SDP_G7_1PR_PG_AtSpeedVmin_st,4,cat,Y,0,Y,,,Y,Y,Y
2118,PB_PLL_S1R_COLD_AtSpeedVskewPhi_st,5,cat,,,Y,,,Y,Y,
2326,LED_PHY_PCIE_PG_AtSpeedVmax_st,4,cat,,0,Y,,,Y,Y,Y
3415,TRANS_P06_C1_PG_FreqSearch_st_eng,"2,5",cat,,,,,,Y,,
,DTC2_TS1_DEG_INITIAL,3,cat,,1,,,,,Y,Y
2612,LED_USB_PG_AtSpeedVmax_cold_st,4,cat,,0,Y,,,Y,Y,Y
,thermdiodea1,3,cat,,1,Y,,,,Y,Y
1688,P_SRCH_S4A_G6_2DO_PG_AtSpeedVmin_st,4,cat,Y,0,Y,,,Y,Y,Y
3269,binSrch_LED_GEM_XM_AG_PG_VminSearch_st,4,cat,,0,Y,,,Y,Y,Y
93,CTCS_Thermal,"2,5",cat,,,,,,Y,,
1715,P_SRCH_SDP_G0_1PR_PG_AtSpeedVmin_st,4,cat,Y,0,Y,,,Y,Y,Y
177,SAF_SRCH_P01_PG_FuncVmaxFT_st,4,cat,Y,0,Y,,,Y,Y,Y
1547,P_SRCH_S1R_G1_1PR_PG_AtSpeedVmin_st,4,cat,Y,0,Y,,,Y,Y,Y
,SampleDieProg_st,3,cat,,1,Y,,,,Y,Y
1448,P_SRCH_DSP_C2_6PR_PG_AtSpeedVmin_st,4,cat,Y,0,Y,,,Y,Y,Y
2466,PB_PLL_SSP_COLD_AtSpeedVmax_st,5,cat,,,Y,,,Y,Y,
521,CHAIN_SRCH_P07_PG_FuncVmin_st,4,cat,Y,0,,,,Y,Y,Y
3388,TRANS_P03_C1_PG_VminSearch_st_eng,"2,5",cat,,,,,,Y,,
3213,binSrch_HAFTAA_RTA_PG_VminSearch_st,4,cat,Y,0,Y,,,Y,Y,Y
1400,P_SRCH_2PR_C2_2PR_PG_AtSpeedVmin_st,4,cat,Y,0,Y,,,Y,Y,Y
1544,P_SRCH_S1R_G1_1DO_PG_AtSpeedVmin_st,4,cat,Y,0,Y,,,Y,Y,Y
2009,TRANS_SRCH_P07_CA_PG_AtSpeedVmin_st,4,cat,Y,0,Y,,,Y,Y,Y
22,CTCS_End_Of_Lot_st,"2,5",cat,,,,,,Y,,
3272,binSrch_LED_ARM_AA_PG_VminSearch_st,4,cat,,0,Y,,,Y,Y,Y
958,LED_MPU_PG_AtSpeedVmin_cold_st,4,cat,,0,Y,,,Y,Y,Y
150,FuseChainAddr_st,"2,5",cat,Y,,,,,Y,,
700,SAF_SRCH_P02_PG_FuncVmin_st,4,cat,Y,0,,,,Y,Y,Y
,T_CTCS_MIN_READ,3,cat,,1,Y,,,,Y,Y
3285,ALL_XX_MC_PG_VminSearch_st,4,cat,Y,0,Y,,,Y,Y,Y
1071,Shmoo_ARM_Core_1,"2,5",cat,Y,,,,,Y,,
3344,TRANS_P03_C1_PG_FreqSearch_st,4,cat,,0,Y,,,Y,Y,Y
1057,LED_VCP_PG_AtSpeedVmin_st,4,cat,,0,Y,,,Y,Y,Y
1748,P_SRCH_SDP_G6_1DO_PG_AtSpeedVmin_st,4,cat,Y,0,Y,,,Y,Y,Y
967,LED_GEM_PG_AtSpeedVmin_cold_st,4,cat,,0,Y,,,Y,Y,Y
985,LED_FFTC_PG_AtSpeedVmin_st,4,cat,,0,Y,,,Y,Y,Y
1913,TRANS_SRCH_P09_C3_PG_AtSpeedVmin_st,4,cat,Y,0,Y,,,Y,Y,Y
1430,P_SRCH_DSP_C1_3PR_PG_AtSpeedVmin_st,4,cat,Y,0,Y,,,Y,Y,Y
1640,P_SRCH_S4A_G2_2DO_PG_AtSpeedVmin_st,4,cat,Y,0,Y,,,Y,Y,Y
1502,P_SRCH_RTA_G3_1PR_PG_AtSpeedVmin_st,4,cat,Y,0,Y,,,Y,Y,Y
165,CHAIN_SRCH_P00_PG_FuncVmaxFT_st,4,cat,Y,0,Y,,,Y,Y,Y
1385,P_SRCH_2PR_AA_3DO_PG_AtSpeedVmin_st,4,cat,Y,0,Y,,,Y,Y,Y
185,SAF_SRCH_P09_PG_FuncVmaxFT_st,4,cat,Y,0,Y,,,Y,Y,Y
1601,P_SRCH_S4A_AA_1PR_PG_AtSpeedVmin_st,4,cat,Y,0,Y,,,Y,Y,Y
2694,LED_SRCH_GEM_PG_AtSpeedVmax_st,4,cat,Y,0,Y,,,Y,Y,Y
3226,LED_MSMC_AG_PG_VminSearch_st,4,cat,Y,0,Y,,,Y,Y,Y
,IddqVnom_burnin_bin4,3,cat,Y,1,Y,,,,Y,Y
3257,HAFTAA_RTA_PG_VminSearch_st,4,cat,,0,Y,,,Y,Y,Y
982,LED_EDMA_PG_AtSpeedVmin_st,4,cat,,0,Y,,,Y,Y,Y
3405,S1R_T0_1DO_PG_FreqSearch_st_eng2,"2,5",cat,,,,,,Y,,
3361,TFTOutlierScreen_pg2,"2,5",cat,,,,,,Y,,
1766,P_SRCH_SSP_M0_1DO_PG_AtSpeedVmin_st,4,cat,Y,0,Y,,,Y,Y,Y
,VIDSpeedOutOfSpace_st,3,cat,Y,1,Y,,,,Y,Y
3359,TRANS_P10_C1_PG_FreqSearch_st,4,cat,,0,Y,,,Y,Y,Y
1661,P_SRCH_S4A_G4_1PR_PG_AtSpeedVmin_st,4,cat,Y,0,Y,,,Y,Y,Y
2687,LED_AIF_PG_AtSpeedVmax_st,4,cat,Y,0,Y,,,Y,Y,Y
3332,LED_DDR_DATAPHY_E_B_PG_FreqSearch_st,4,cat,Y,0,Y,,,Y,Y,Y
1475,P_SRCH_RTA_AA_1DO_PG_AtSpeedVmin_st,4,cat,Y,0,Y,,,Y,Y,Y
162,CTCS_START_FuncVmax,"2,5",cat,,,,,,Y,,
1631,P_SRCH_S4A_G1_2PR_PG_AtSpeedVmin_st,4,cat,Y,0,Y,,,Y,Y,Y
2692,LED_GPIO_PG_AtSpeedVmax_st,4,cat,Y,0,Y,,,Y,Y,Y
988,LED_GEM_PG_AtSpeedVmin_st,4,cat,,0,Y,,,Y,Y,Y
705,SAF_SRCH_P08_PG_FuncVmin_st,4,cat,Y,0,,,,Y,Y,Y
1451,P_SRCH_DSP_C3_2DO_PG_AtSpeedVmin_st,4,cat,Y,0,Y,,,Y,Y,Y
1679,P_SRCH_S4A_G5_2PR_PG_AtSpeedVmin_st,4,cat,Y,0,Y,,,Y,Y,Y
1442,P_SRCH_DSP_C2_3PR_PG_AtSpeedVmin_st,4,cat,Y,0,Y,,,Y,Y,Y
1484,P_SRCH_RTA_G0_1PR_PG_AtSpeedVmin_st,4,cat,Y,0,Y,,,Y,Y,Y
2335,Shmoo_PHY_VUSR_max,"2,5",cat,Y,,,,,Y,,
3399,LED_GEM_L2_AG_PG_FreqSearch_st_eng,"2,5",cat,,,,,,Y,,
1496,P_SRCH_RTA_G2_1PR_PG_AtSpeedVmin_st,4,cat,Y,0,Y,,,Y,Y,Y
1847,TRANS_P05_PG_1_AtSpeedVmin_st,5,cat,,,,,,Y,Y,
874,LED_PCIE_PG_AtSpeedVmin_cold_st,4,cat,,0,Y,,,Y,Y,Y
151,EfuseRunAutoload_st,"2,5",cat,Y,,,,,Y,,
3277,C3DSPA_PG_VminSearch_st,4,cat,Y,0,Y,,,Y,Y,Y
99,XtrIdriveTest_CORE_LVT,"2,5",cat,Y,,,,,Y,,
1042,LED_SRCH_MSMC_PG_AtSpeedVmin_st,4,cat,Y,0,Y,,,Y,Y,Y
3323,SRCH_P04_C1_PG_FreqSearch_st,5,cat,Y,,Y,,,Y,Y,
2441,Shmoo_TRANS_P10_C1_max,"2,5",cat,Y,,,,,Y,,
3218,binSrch_LED_BCP_AG_PG_VminSearch_st,4,cat,Y,0,Y,,,Y,Y,Y
1742,P_SRCH_SDP_G5_1DO_PG_AtSpeedVmin_st,4,cat,Y,0,Y,,,Y,Y,Y
1481,P_SRCH_RTA_G0_1DO_PG_AtSpeedVmin_st,4,cat,Y,0,Y,,,Y,Y,Y
506,CTCS_START_Vmin,"2,5",cat,,,,,,Y,,
96,NULLDUT_1,"2,5",cat,Y,,,,,Y,,
1466,P_SRCH_DSP_C3_6PR_PG_AtSpeedVmin_st,4,cat,Y,0,Y,,,Y,Y,Y
1607,P_SRCH_S4A_AA_2PR_PG_AtSpeedVmin_st,4,cat,Y,0,Y,,,Y,Y,Y
703,SAF_SRCH_P06_PG_FuncVmin_st,4,cat,Y,0,,,,Y,Y,Y
1478,P_SRCH_RTA_AA_1PR_PG_AtSpeedVmin_st,4,cat,Y,0,Y,,,Y,Y,Y
3384,RTA_T0_FDO_PG_VminSearch_st_eng,"2,5",cat,Y,,,,,Y,,
1811,P_SRCH_DSP_T0_FPR_PG_AtSpeedVmin_st,4,cat,Y,0,Y,,,Y,Y,Y
1772,P_SRCH_UHD_AA_3DO_PG_AtSpeedVmin_st,4,cat,Y,0,Y,,,Y,Y,Y
141,IddqVmax_IqC08Ful_______KP20_000_st_CCE,"2,5",cat,Y,,,,,Y,,
1001,LED_ALLCORES_PG_AtSpeedVmin_st,4,cat,,0,Y,,,Y,Y,Y
2688,LED_DDR_PG_AtSpeedVmax_st,4,cat,Y,0,Y,,,Y,Y,Y
913,LED_PHY_SGMII_PG_AtSpeedVmin_st,4,cat,,0,Y,,,Y,Y,Y
1670,P_SRCH_S4A_G5_1DO_PG_AtSpeedVmin_st,4,cat,Y,0,Y,,,Y,Y,Y
1694,P_SRCH_S4A_G7_1DO_PG_AtSpeedVmin_st,4,cat,Y,0,Y,,,Y,Y,Y
2012,TRANS_SRCH_P08_C3_PG_AtSpeedVmin_st,4,cat,Y,0,Y,,,Y,Y,Y
3309,S1R_G0_1DO_PG_FreqSearch_st,4,cat,,0,Y,,,Y,Y,Y
154,SRc0PowerTest,"2,5",cat,,,,,,Y,,
52,DieIDPreRead_SupplyShort_st_1,"2,5",cat,Y,,,,,Y,,
,IddqVnom_burnin_bin3,3,cat,Y,1,,,,,Y,Y
3368,CTCS_START_Search_eng,"2,5",cat,,,,,,Y,,
1799,P_SRCH_UHD_C3_3PR_PG_AtSpeedVmin_st,4,cat,Y,0,Y,,,Y,Y,Y
2015,TRANS_SRCH_P08_C6_PG_AtSpeedVmin_st,4,cat,Y,0,Y,,,Y,Y,Y
1889,TRANS_SRCH_P06_C1_PG_AtSpeedVmin_st,4,cat,Y,0,Y,,,Y,Y,Y
138,IddqVmax_IqC08Ful_______KP20_000_st_PM1_FUNC,"2,5",cat,Y,,,,,Y,,
1059,LED_OTHERS_10_PG_AtSpeedVmin_st,4,cat,Y,0,Y,,,Y,Y,Y
1364,P_SRCH_1PR_C1_3PR_PG_AtSpeedVmin_st,4,cat,Y,0,Y,,,Y,Y,Y
21,CTCS_Auto_Tune_PID_st,5,cat,Y,,Y,,,Y,Y,
1862,TRANS_SRCH_P01_C1_PG_AtSpeedVmin_st,4,cat,Y,0,Y,,,Y,Y,Y
2419,LED_DATPHY_DDR_PG_AtSpeedVmax_st,4,cat,,0,Y,,,Y,Y,Y
100,XtrIdriveTest_1P5V_DUT,"2,5",cat,Y,,,,,Y,,
1763,P_SRCH_SSP_C1_3PR_PG_AtSpeedVmin_st,4,cat,Y,0,Y,,,Y,Y,Y
1565,P_SRCH_S1R_G4_1PR_PG_AtSpeedVmin_st,4,cat,Y,0,Y,,,Y,Y,Y
3425,CTCS_SearchFmax_eng,"2,5",cat,,,,,,Y,,
2695,LED_SRCH_MSMC_PG_AtSpeedVmax_st,4,cat,Y,0,Y,,,Y,Y,Y
698,SAF_SRCH_P00_PG_FuncVmin_st,4,cat,Y,0,,,,Y,Y,Y
2006,TRANS_SRCH_P06_CA_PG_AtSpeedVmin_st,4,cat,Y,0,Y,,,Y,Y,Y
181,SAF_SRCH_P05_PG_FuncVmaxFT_st,4,cat,Y,0,Y,,,Y,Y,Y
1532,P_SRCH_RTA_M0_1PR_PG_AtSpeedVmin_st,4,cat,Y,0,Y,,,Y,Y,Y
1002,LED_ATDF_PG_AtSpeedVmin_st,4,cat,Y,0,Y,,,Y,Y,Y
2042,SpeedSortVert_TRANS_5,"2,5",cat,,,,,,Y,,
3324,LED_PHY_AIF_PG_FreqSearch_st,4,cat,Y,0,Y,,,Y,Y,Y
1103,PB_PLL_RTA_Gx_COLD_AtSpeedVmin_st,5,cat,,,Y,,,Y,Y,
2030,SpeedSortVert_TRANS_3,"2,5",cat,,,,,,Y,,
1415,P_SRCH_DSP_AA_3DO_PG_AtSpeedVmin_st,4,cat,Y,0,Y,,,Y,Y,Y
3316,TRANS_P05_C3_PG_FreqSearch_st,4,cat,,0,Y,,,Y,Y,Y
1835,SpeedSortVert_TRANS_1,"2,5",cat,,,,,,Y,,
3232,LED_PHY_AIF_PG_VminSearch_st,4,cat,Y,0,Y,,,Y,Y,Y
1898,TRANS_SRCH_P07_C3_PG_AtSpeedVmin_st,4,cat,Y,0,Y,,,Y,Y,Y
1664,P_SRCH_S4A_G4_2DO_PG_AtSpeedVmin_st,4,cat,Y,0,Y,,,Y,Y,Y
2543,Shmoo_PHY_USB_max,"2,5",cat,Y,,,,,Y,,
3398,LED_EDMA_AG_PG_FreqSearch_st_eng,"2,5",cat,Y,,,,,Y,,
1553,P_SRCH_S1R_G2_1PR_PG_AtSpeedVmin_st,4,cat,Y,0,Y,,,Y,Y,Y
1115,PB_PLL_SDP_COLD_AtSpeedVmin_st,5,cat,,,Y,,,Y,Y,
1712,P_SRCH_SDP_G0_1DO_PG_AtSpeedVmin_st,4,cat,Y,0,Y,,,Y,Y,Y
2700,LED_XGE_PG_AtSpeedVmax_st,4,cat,Y,0,Y,,,Y,Y,Y
1520,P_SRCH_RTA_G6_1PR_PG_AtSpeedVmin_st,4,cat,Y,0,Y,,,Y,Y,Y
475,BRDG_SRCH_FULCHP_PG_FuncVmax_st,5,cat,,,Y,,,Y,Y,
3263,SAF_P00_P10_PG_VminSearch_st,4,cat,,0,Y,,,Y,Y,Y
1493,P_SRCH_RTA_G2_1DO_PG_AtSpeedVmin_st,4,cat,Y,0,Y,,,Y,Y,Y
702,SAF_SRCH_P05_PG_FuncVmin_st,4,cat,Y,0,,,,Y,Y,Y
1054,LED_USIM_PG_AtSpeedVmin_st,4,cat,,0,Y,,,Y,Y,Y
1979,TRANS_SRCH_P03_C6_PG_AtSpeedVmin_st,4,cat,Y,0,Y,,,Y,Y,Y
3414,TRANS_P04_C3_PG_FreqSearch_st_eng,"2,5",cat,,,,,,Y,,
13,UpdateGuardBand,"2,5",cat,,,,,,Y,,
1970,TRANS_SRCH_P03_C1_PG_AtSpeedVmin_st,4,cat,Y,0,Y,,,Y,Y,Y
1424,P_SRCH_DSP_AA_6PR_PG_AtSpeedVmin_st,4,cat,Y,0,Y,,,Y,Y,Y
2061,TRANS_SRCH_P10_C6_PG_AtSpeedVmin_st,4,cat,Y,0,Y,,,Y,Y,Y
1397,P_SRCH_2PR_C2_2DO_PG_AtSpeedVmin_st,4,cat,Y,0,Y,,,Y,Y,Y
504,CTCS_FuncVmax,"2,5",cat,,,,,,Y,,
2544,LED_PHY_USB_PG_AtSpeedVmax_st,4,cat,,0,Y,,,Y,Y,Y
1571,P_SRCH_S1R_G5_1PR_PG_AtSpeedVmin_st,4,cat,Y,0,Y,,,Y,Y,Y
919,LED_DDR_PG_AtSpeedVminDDR3L_st,4,cat,,0,Y,,,Y,Y,Y
998,LED_SRSS_PG_AtSpeedVmin_st,4,cat,,0,Y,,,Y,Y,Y
1646,P_SRCH_S4A_G3_1DO_PG_AtSpeedVmin_st,4,cat,Y,0,Y,,,Y,Y,Y
,Sensor2,3,cat,,1,Y,,,,Y,Y
1005,LED_BCR_PG_AtSpeedVmin_st,4,cat,,0,Y,,,Y,Y,Y
3242,binSrch_ALL_XX_MC_PG_VminSearch_st,4,cat,Y,0,Y,,,Y,Y,Y
1790,P_SRCH_UHD_C2_4DO_PG_AtSpeedVmin_st,4,cat,Y,0,Y,,,Y,Y,Y
855,LED_USB_PG_AtSpeedVmin_cold_st,4,cat,,0,Y,,,Y,Y,Y
1796,P_SRCH_UHD_C3_3DO_PG_AtSpeedVmin_st,4,cat,Y,0,Y,,,Y,Y,Y
,DTC2_TS1_DEG_BLOWN_INITIAL,3,cat,Y,1,Y,,,,Y,Y
1382,P_SRCH_1PR_T0_1PR_PG_AtSpeedVmin_st,4,cat,Y,0,Y,,,Y,Y,Y
1961,TRANS_SRCH_P02_C8_PG_AtSpeedVmin_st,4,cat,Y,0,Y,,,Y,Y,Y
1523,P_SRCH_RTA_G7_1DO_PG_AtSpeedVmin_st,4,cat,Y,0,Y,,,Y,Y,Y
122,IddqVmin1_IqC08Ful_______KP20_001_st_CCE,"2,5",cat,,,,,,Y,,
1427,P_SRCH_DSP_C1_3DO_PG_AtSpeedVmin_st,4,cat,Y,0,Y,,,Y,Y,Y
2340,LED_PHY_XGE_PG_AtSpeedVmax_st,4,cat,,0,Y,,,Y,Y,Y
1658,P_SRCH_S4A_G4_1DO_PG_AtSpeedVmin_st,4,cat,Y,0,Y,,,Y,Y,Y
1082,Shmoo_ARM_SLo,"2,5",cat,Y,,,,,Y,,
2697,LED_UART_PG_AtSpeedVmax_st,4,cat,Y,0,Y,,,Y,Y,Y
3382,S1R_T0_1DO_PG_VminSearch_st_eng,"2,5",cat,Y,,,,,Y,,
3419,TRANS_P10_CPU_PG_FreqSearch_st_eng2,"2,5",cat,Y,,,,,Y,,
1038,LED_SRCH_GEM_PG_AtSpeedVmin_st,4,cat,Y,0,Y,,,Y,Y,Y
1667,P_SRCH_S4A_G4_2PR_PG_AtSpeedVmin_st,4,cat,Y,0,Y,,,Y,Y,Y
836,CTCS_START_AtSpeedVmin,"2,5",cat,,,,,,Y,,
1991,TRANS_SRCH_P04_C4_PG_AtSpeedVmin_st,4,cat,Y,0,Y,,,Y,Y,Y
2003,TRANS_SRCH_P06_C8_PG_AtSpeedVmin_st,4,cat,Y,0,Y,,,Y,Y,Y
3198,CTCS_VskewVmax,"2,5",cat,,,,,,Y,,
3341,TRANS_P01_C1_PG_FreqSearch_st,4,cat,,0,Y,,,Y,Y,Y
,leak_iddq_fail,3,cat,,1,Y,,,,Y,Y
496,PB_PLL_RTA_T0_F_COLD_AtSpeedVmax_st,5,cat,,,Y,,,Y,Y,
2702,LED_ATDF_PG_AtSpeedVmax_st,4,cat,Y,0,Y,,,Y,Y,Y
1592,P_SRCH_S2A_C3_2DO_PG_AtSpeedVmin_st,4,cat,Y,0,Y,,,Y,Y,Y
3250,HAFTAA_C3DSPA_PG_VminSearch_st,4,cat,,0,Y,,,Y,Y,Y
1649,P_SRCH_S4A_G3_1PR_PG_AtSpeedVmin_st,4,cat,Y,0,Y,,,Y,Y,Y
1472,P_SRCH_DSP_T0_TPR_PG_AtSpeedVmin_st,4,cat,Y,0,Y,,,Y,Y,Y
173,CHAIN_SRCH_P08_PG_FuncVmaxFT_st,4,cat,Y,0,Y,,,Y,Y,Y
3407,TRANS_P05_C3_PG_FreqSearch_st_eng,"2,5",cat,,,,,,Y,,
,T_CTCS_MAX_READ,3,cat,,1,,,,,Y,Y
1508,P_SRCH_RTA_G4_1PR_PG_AtSpeedVmin_st,4,cat,Y,0,Y,,,Y,Y,Y
3383,S1R_T0_1DO_PG_VminSearch_st_eng2,"2,5",cat,,,,,,Y,,
3378,RTA_PG_VminSearchESDA_st_eng,"2,5",cat,,,,,,Y,,
1014,LED_I2C_PG_AtSpeedVmin_st,4,cat,,0,Y,,,Y,Y,Y
3403,S1R_G0_1DO_PG_FreqSearch_st_eng,"2,5",cat,,,,,,Y,,
513,CHAIN_SRCH_P02_PG_FuncVmin_st,4,cat,Y,0,,,,Y,Y,Y
885,LED_SGMII_PG_AtSpeedVmin_st,4,cat,Y,0,Y,,,Y,Y,Y
3280,OTHER_PG_VminSearch_st,4,cat,Y,0,Y,,,Y,Y,Y
71,DieIDPreRead_Open_st,"2,5",cat,Y,,,,,Y,,
3379,ALL_XX_MC_PG_VminSearch_st_eng,"2,5",cat,,,,,,Y,,
,DTC2_TS2_DEG_BLOWN_INITIAL,3,cat,,1,,,,,Y,Y
1886,TRANS_SRCH_P05_C6_PG_AtSpeedVmin_st,4,cat,Y,0,Y,,,Y,Y,Y
,DTC1_TS2_DEG_BLOWN_INITIAL,3,cat,,1,Y,,,,Y,Y
2713,LED_SGMII_PG_AtSpeedVmax_st,4,cat,Y,0,Y,,,Y,Y,Y
2534,LED_INTC_PG_AtSpeedVmax_st,4,cat,,0,Y,,,Y,Y,Y
3397,LED_BCP_AG_PG_FreqSearch_st_eng2,"2,5",cat,,,,,,Y,,
932,SpeedSortVert_LED,"2,5",cat,,,,,,Y,,
964,LED_FFTC_PG_AtSpeedVmin_cold_st,4,cat,,0,Y,,,Y,Y,Y
2066,CTCS_AtSpeedVmin,"2,5",cat,,,,,,Y,,
1367,P_SRCH_1PR_C3_3DO_PG_AtSpeedVmin_st,4,cat,Y,0,Y,,,Y,Y,Y
2051,SpeedSortVert_TRANS_4,"2,5",cat,,,,,,Y,,
2703,LED_BCP_PG_AtSpeedVmax_st,4,cat,Y,0,Y,,,Y,Y,Y
3260,CHAIN_P00_P10_PG_VminSearch_st,4,cat,,0,Y,,,Y,Y,Y
174,CHAIN_SRCH_P09_PG_FuncVmaxFT_st,4,cat,Y,0,Y,,,Y,Y,Y
3224,LED_GEM_XM_AG_PG_VminSearch_st,4,cat,Y,0,Y,,,Y,Y,Y
1613,P_SRCH_S4A_G0_1PR_PG_AtSpeedVmin_st,4,cat,Y,0,Y,,,Y,Y,Y
1106,PB_PLL_S1R_Gx_COLD_AtSpeedVmin_st,5,cat,,,Y,,,Y,Y,
1706,P_SRCH_SDP_AA_1DO_PG_AtSpeedVmin_st,4,cat,Y,0,Y,,,Y,Y,Y
1045,LED_TCP_PG_AtSpeedVmin_st,4,cat,,0,Y,,,Y,Y,Y
3225,binSrch_LED_MSMC_AG_PG_VminSearch_st,4,cat,Y,0,Y,,,Y,Y,Y
,SRc0Power_st,3,cat,,1,Y,,,,Y,Y
3381,LED_ARM_AA_PG_VminSearch_st_eng2,"2,5",cat,,,,,,Y,,
1511,P_SRCH_RTA_G5_1DO_PG_AtSpeedVmin_st,4,cat,Y,0,Y,,,Y,Y,Y
2451,PB_PLL_2PR_COLD_AtSpeedVmax_st,5,cat,,,Y,,,Y,Y,
2712,LED_SEC_PG_AtSpeedVmax_st,4,cat,Y,0,Y,,,Y,Y,Y
1604,P_SRCH_S4A_AA_2DO_PG_AtSpeedVmin_st,4,cat,Y,0,Y,,,Y,Y,Y
,DTC_TS1_BLOWN_CYCLE,3,cat,Y,1,Y,,,,Y,Y
1379,P_SRCH_1PR_T0_1DO_PG_AtSpeedVmin_st,4,cat,Y,0,Y,,,Y,Y,Y
511,CHAIN_SRCH_P01_PG_FuncVmin_st,4,cat,Y,0,,,,Y,Y,Y
2540,LED_SRSS_PG_AtSpeedVmax_st,4,cat,,0,Y,,,Y,Y,Y
1112,PB_PLL_S4A_AA_Gx_COLD_AtSpeedVmin_st,5,cat,,,Y,,,Y,Y,
103,XtrVtTest,"2,5",cat,Y,,,,,Y,,
1418,P_SRCH_DSP_AA_3PR_PG_AtSpeedVmin_st,4,cat,Y,0,Y,,,Y,Y,Y
810,SAF_SRCH_P03_PG_FuncVmin_st,4,cat,,0,,,,Y,Y,Y
3229,RTA_M0_1DO_PG_VminSearch_st,4,cat,Y,0,Y,,,Y,Y,Y
1895,TRANS_SRCH_P06_C6_PG_AtSpeedVmin_st,4,cat,Y,0,Y,,,Y,Y,Y
140,IddqVmax_IqC08Ful_______KP20_000_st_end_FUNC,"2,5",cat,Y,,,,,Y,,
3284,RTA_PG_VminSearchESDA_st,"2,4",cat,Y,0,,,,Y,,Y
3290,CTCS_START_SearchFmax,"2,5",cat,,,,,,Y,,
3234,LED_PHY_SRIO_PG_VminSearch_st,4,cat,Y,0,Y,,,Y,Y,Y
,DTC1_TS2_DEG_INITIAL,3,cat,Y,1,Y,,,,Y,Y
1026,LED_SEC_PG_AtSpeedVmin_st,4,cat,,0,Y,,,Y,Y,Y
1097,PB_PLL_2PR_COLD_AtSpeedVmin_st,5,cat,,,Y,,,Y,Y,
,DTC2_TS_DEG_TD_BLOWN_FINAL,3,cat,,1,Y,,,,Y,Y
3410,TRANS_P01_C1_PG_FreqSearch_st_eng,"2,5",cat,,,,,,Y,,
,DTC_TS2_BLOWN_CYCLE,3,cat,,1,,,,,Y,Y
1754,P_SRCH_SDP_G7_1DO_PG_AtSpeedVmin_st,4,cat,Y,0,Y,,,Y,Y,Y
3420,TRANS_P10_CPU_PG_FreqSearch_st_0p6_eng,"2,5",cat,,,,,,Y,,
,DTC1_TS_DEG_TD_BLOWN_INITIAL,3,cat,,1,,,,,Y,Y
1029,LED_SM2_PG_AtSpeedVmin_st,4,cat,,0,Y,,,Y,Y,Y
1769,P_SRCH_SSP_M0_1PR_PG_AtSpeedVmin_st,4,cat,Y,0,Y,,,Y,Y,Y
186,SAF_SRCH_P10_PG_FuncVmaxFT_st,4,cat,Y,0,Y,,,Y,Y,Y
3371,HAFTAA_RTA_PG_VminSearch_st_eng,"2,5",cat,,,,,,Y,,
1051,LED_UART_PG_AtSpeedVmin_st,4,cat,,0,Y,,,Y,Y,Y
2715,LED_SPI_PG_AtSpeedVmax_st,4,cat,Y,0,Y,,,Y,Y,Y
104,ODP_IcapTest_st,"2,5",cat,Y,,,,,Y,,
2708,LED_PCIE_PG_AtSpeedVmax_st,4,cat,Y,0,Y,,,Y,Y,Y
1538,P_SRCH_S1R_G0_1DO_PG_AtSpeedVmin_st,4,cat,Y,0,Y,,,Y,Y,Y
,DTC_TS2_CYCLE,3,cat,Y,1,Y,,,,Y,Y
,DTC2_TS_DEG_TD_FINAL,3,cat,Y,1,Y,,,,Y,Y
184,SAF_SRCH_P08_PG_FuncVmaxFT_st,4,cat,Y,0,Y,,,Y,Y,Y
1017,LED_PLLCTRL_PG_AtSpeedVmin_st,4,cat,,0,Y,,,Y,Y,Y
1058,LED_OTHERS_01_PG_AtSpeedVmin_st,4,cat,Y,0,Y,,,Y,Y,Y
1622,P_SRCH_S4A_G1_1DO_PG_AtSpeedVmin_st,4,cat,Y,0,Y,,,Y,Y,Y
865,Shmoo_INTC_Vmin,"2,5",cat,Y,,,,,Y,,
804,CHAIN_SRCH_P03_PG_FuncVmin_st,4,cat,,0,,,,Y,Y,Y
3334,LED_DDR_ACPHY_I_B_PG_FreqSearch_st,4,cat,Y,0,Y,,,Y,Y,Y
1724,P_SRCH_SDP_G2_1DO_PG_AtSpeedVmin_st,4,cat,Y,0,Y,,,Y,Y,Y
3373,SAF_P00_P10_PG_VminSearch_st_eng,"2,5",cat,,,,,,Y,,
979,LED_MPU_PG_AtSpeedVmin_st,4,cat,,0,Y,,,Y,Y,Y
1100,PB_PLL_DSP_COLD_AtSpeedVmin_st,5,cat,,,Y,,,Y,Y,
1559,P_SRCH_S1R_G3_1PR_PG_AtSpeedVmin_st,4,cat,Y,0,Y,,,Y,Y,Y
2621,LED_ARM_PG_AtSpeedVmax_st,4,cat,,0,Y,,,Y,Y,Y
701,SAF_SRCH_P04_PG_FuncVmin_st,4,cat,Y,0,,,,Y,Y,Y
,DTC2_TS_DEG_TD_INITIAL,3,cat,Y,1,Y,,,,Y,Y
844,Shmoo_PHY_XGE_min,"2,5",cat,Y,,,,,Y,,
,DTC2_TS1_DEG_FINAL,3,cat,Y,1,Y,,,,Y,Y
1703,P_SRCH_S4A_G7_2PR_PG_AtSpeedVmin_st,4,cat,Y,0,Y,,,Y,Y,Y
3401,LED_GEM_XM_AG_PG_FreqSearch_st_eng2,"2,5",cat,,,,,,Y,,
127,IddqVnom_IqC08Ful_______KP20_000_st_CCE,"2,5",cat,,,,,,Y,,
3241,binSrch_RTA_PG_VminSearch_st,4,cat,Y,0,Y,,,Y,Y,Y
2354,LED_DATPHY_DDR_1p05,5,cat,,,Y,,,Y,Y,
1463,P_SRCH_DSP_C3_6DO_PG_AtSpeedVmin_st,4,cat,Y,0,Y,,,Y,Y,Y
1086,LED_SRCH_ARM_PG_AtSpeedVmin_st,4,cat,Y,0,Y,,,Y,Y,Y
1081,Shmoo_ARM_Core,"2,5",cat,Y,,,,,Y,,
1580,P_SRCH_S1R_G7_1DO_PG_AtSpeedVmin_st,4,cat,Y,0,Y,,,Y,Y,Y
525,CHAIN_SRCH_P09_PG_FuncVmin_st,4,cat,Y,0,,,,Y,Y,Y
121,IddqVmin1_IqC08Ful_______KP20_001_st_end_FUNC,"1,2",cat,Y,1,,,,Y,,Y
1784,P_SRCH_UHD_C2_3DO_PG_AtSpeedVmin_st,4,cat,Y,0,Y,,,Y,Y,Y
3430,VerifyProgramVIDSpeeds,"2,5",cat,,,,,,Y,,
1730,P_SRCH_SDP_G3_1DO_PG_AtSpeedVmin_st,4,cat,Y,0,Y,,,Y,Y,Y
,IddqVnom_burnin_bin1,3,cat,Y,1,Y,,,,Y,Y
973,LED_GPIO_PG_AtSpeedVmin_st,4,cat,,0,Y,,,Y,Y,Y
2083,PB_PLL_RTA_T0_F_COLD_AtSpeedVskewPhi_st,5,cat,,,Y,,,Y,Y,
970,LED_RAC_PG_AtSpeedVmin_cold_st,4,cat,,0,Y,,,Y,Y,Y
1373,P_SRCH_1PR_C3_4DO_PG_AtSpeedVmin_st,4,cat,Y,0,Y,,,Y,Y,Y
2721,LED_USIM_PG_AtSpeedVmax_st,4,cat,Y,0,Y,,,Y,Y,Y
1568,P_SRCH_S1R_G5_1DO_PG_AtSpeedVmin_st,4,cat,Y,0,Y,,,Y,Y,Y
3305,LED_GEM_XM_AG_PG_FreqSearch_st,4,cat,,0,Y,,,Y,Y,Y
884,LED_AIF_PG_AtSpeedVmin_st,4,cat,,0,Y,,,Y,Y,Y
1643,P_SRCH_S4A_G2_2PR_PG_AtSpeedVmin_st,4,cat,Y,0,Y,,,Y,Y,Y
1637,P_SRCH_S4A_G2_1PR_PG_AtSpeedVmin_st,4,cat,Y,0,Y,,,Y,Y,Y
3411,TRANS_P03_C1_PG_FreqSearch_st_eng,"2,5",cat,,,,,,Y,,
1406,P_SRCH_2PR_C3_3PR_PG_AtSpeedVmin_st,4,cat,Y,0,Y,,,Y,Y,Y
892,LED_XGE_PG_AtSpeedVmin_st,4,cat,Y,0,Y,,,Y,Y,Y
1376,P_SRCH_1PR_C3_4PR_PG_AtSpeedVmin_st,4,cat,Y,0,Y,,,Y,Y,Y
3394,LED_MSMC_AG_PG_FreqSearch_st_eng,"2,5",cat,Y,,,,,Y,,
3347,TRANS_P04_C1_PG_FreqSearch_st,"2,4",cat,,0,,,,Y,,Y
2045,Shmoo_TRANS_P10_C1_1_min,"2,5",cat,Y,,,,,Y,,
3231,S1R_T0_1DO_PG_VminSearch_st,4,cat,Y,0,Y,,,Y,Y,Y
1550,P_SRCH_S1R_G2_1DO_PG_AtSpeedVmin_st,4,cat,Y,0,Y,,,Y,Y,Y
995,LED_TAC_PG_AtSpeedVmin_st,4,cat,,0,Y,,,Y,Y,Y
3294,LED_MSMC_AG_PG_FreqSearch_st,4,cat,Y,0,Y,,,Y,Y,Y
1721,P_SRCH_SDP_G1_1PR_PG_AtSpeedVmin_st,4,cat,Y,0,Y,,,Y,Y,Y
3377,RTA_PG_VminSearch_st_eng,"2,5",cat,,,,,,Y,,
1976,TRANS_SRCH_P03_C3_PG_AtSpeedVmin_st,4,cat,Y,0,Y,,,Y,Y,Y
3215,DDRDATAPHY_E_A_PG_VminSearch_st,4,cat,Y,0,Y,,,Y,Y,Y
1487,P_SRCH_RTA_G1_1DO_PG_AtSpeedVmin_st,4,cat,Y,0,Y,,,Y,Y,Y
3331,LED_DDR_DATAPHY_E_A_PG_FreqSearch_st,4,cat,Y,0,Y,,,Y,Y,Y
1070,SpeedSortVert_LED_100ns_65,"2,5",cat,,,,,,Y,,
3251,HAFTAA_C3DSPA_PG_VminSearch_st_new_search,"2,5",cat,Y,,,,,Y,,
2463,PB_PLL_SDP_COLD_AtSpeedVmax_st,5,cat,,,Y,,,Y,Y,
2457,PB_PLL_DSP_T0_F_COLD_AtSpeedVmax_st,5,cat,,,Y,,,Y,Y,
1109,PB_PLL_S2A_COLD_AtSpeedVmin_st,5,cat,,,Y,,,Y,Y,
,IddqVnom_burnin_bin5,3,cat,,1,Y,,,,Y,Y
,IddqVnom_burnin_bin2,3,cat,,1,Y,,,,Y,Y
1760,P_SRCH_SSP_C1_3DO_PG_AtSpeedVmin_st,4,cat,Y,0,Y,,,Y,Y,Y
1958,TRANS_SRCH_P02_C4_PG_AtSpeedVmin_st,4,cat,Y,0,Y,,,Y,Y,Y
1844,TRANS_P04_PG_1_AtSpeedVmin_st,5,cat,,,,,,Y,Y,
2627,LED_I2C_PG_AtSpeedVmax_st,4,cat,,0,Y,,,Y,Y,Y
1652,P_SRCH_S4A_G3_2DO_PG_AtSpeedVmin_st,4,cat,Y,0,Y,,,Y,Y,Y
2716,LED_SRCH_ARM_PG_AtSpeedVmax_st,4,cat,Y,0,Y,,,Y,Y,Y
2076,CTCS_START_VskewVmax,"2,5",cat,,,,,,Y,,
1619,P_SRCH_S4A_G0_2PR_PG_AtSpeedVmin_st,4,cat,Y,0,Y,,,Y,Y,Y
,TFTOutlier_st,3,cat,,1,Y,,,,Y,Y
519,CHAIN_SRCH_P06_PG_FuncVmin_st,4,cat,Y,0,,,,Y,Y,Y
3214,binSrch_DDRDATAPHY_E_A_PG_VminSearch_st,4,cat,Y,0,Y,,,Y,Y,Y
1793,P_SRCH_UHD_C2_4PR_PG_AtSpeedVmin_st,4,cat,Y,0,Y,,,Y,Y,Y
2332,LED_PHY_SRIO_PG_AtSpeedVmax_st,4,cat,,0,Y,,,Y,Y,Y
3217,binSrch_SAF_P00_P10_PG_VminSearch_st,4,cat,Y,0,Y,,,Y,Y,Y
2705,LED_BOOT_PG_AtSpeedVmax_st,4,cat,Y,0,Y,,,Y,Y,Y
102,XtrIdriveTest_SRAM,"2,5",cat,Y,,,,,Y,,
144,IddqVmax_IqC08Ful_______KP20_001_st_PM1_MEAS,"2,5",cat,Y,,,,,Y,,
3417,TRANS_P10_C1_PG_FreqSearch_st_eng,"2,5",cat,,,,,,Y,,
1700,P_SRCH_S4A_G7_2DO_PG_AtSpeedVmin_st,4,cat,Y,0,Y,,,Y,Y,Y
3328,LED_PHY_VUSR_PG_FreqSearch_st,4,cat,Y,0,Y,,,Y,Y,Y
1091,SpeedSortVert_PBIST_NON_T0,"2,5",cat,,,,,,Y,,
,DTC2_TS_DEG_TD_BLOWN_INITIAL,3,cat,,1,Y,,,,Y,Y
991,LED_RAC_PG_AtSpeedVmin_st,4,cat,,0,Y,,,Y,Y,Y
1121,PB_PLL_UHD_COLD_AtSpeedVmin_st,5,cat,,,Y,,,Y,Y,
2706,LED_MPU_PG_AtSpeedVmax_st,4,cat,Y,0,Y,,,Y,Y,Y
799,BRDG_FULCHP_PG_FuncVmin_st,5,cat,,,,,,Y,Y,
1967,TRANS_SRCH_P02_CB_PG_AtSpeedVmin_st,4,cat,Y,0,Y,,,Y,Y,Y
3389,CTCS_SearchVmin_eng,"2,5",cat,,,,,,Y,,
1433,P_SRCH_DSP_C1_6DO_PG_AtSpeedVmin_st,4,cat,Y,0,Y,,,Y,Y,Y
3376,OTHER_PG_VminSearch_st_eng,"2,5",cat,,,,,,Y,,
1814,PB_PLL_DSP_T0_F_COLD_AtSpeedVmin_st,5,cat,,,Y,,,Y,Y,
3360,TRANS_P10_CPU_PG_FreqSearch_st,4,cat,Y,0,Y,,,Y,Y,Y
1634,P_SRCH_S4A_G2_1DO_PG_AtSpeedVmin_st,4,cat,Y,0,Y,,,Y,Y,Y
163,SPT_VMAX_DOWN_HT,"2,5",cat,,,,,,Y,,
3244,binSrch_LED_PHY_SGMII_PG_VminSearch_st,4,cat,Y,0,Y,,,Y,Y,Y
1490,P_SRCH_RTA_G1_1PR_PG_AtSpeedVmin_st,4,cat,Y,0,Y,,,Y,Y,Y
916,LED_PHY_SRIO_PG_AtSpeedVmin_st,4,cat,,0,Y,,,Y,Y,Y
3418,TRANS_P10_CPU_PG_FreqSearch_st_eng,"2,5",cat,,,,,,Y,,
,DTC_TS1_OFFSET,3,cat,Y,1,Y,,,,Y,Y
3235,LED_PHY_XGE_PG_VminSearch_st,4,cat,Y,0,Y,,,Y,Y,Y
3372,CHAIN_P00_P10_PG_VminSearch_st_eng,"2,5",cat,,,,,,Y,,
3325,LED_PHY_PCIE_PG_FreqSearch_st,4,cat,Y,0,Y,,,Y,Y,Y
1529,P_SRCH_RTA_M0_1DO_PG_AtSpeedVmin_st,4,cat,Y,0,Y,,,Y,Y,Y
2460,PB_PLL_S2A_COLD_AtSpeedVmax_st,5,cat,,,Y,,,Y,Y,
95,ODP_RingOscTest_st,"2,5",cat,Y,,,,,Y,,
,DTC2_TS2_DEG_INITIAL,3,cat,Y,1,,,,,Y,Y
1880,TRANS_SRCH_P04_C8_PG_AtSpeedVmin_st,4,cat,Y,0,Y,,,Y,Y,Y
2696,LED_TIMER_PG_AtSpeedVmax_st,4,cat,Y,0,Y,,,Y,Y,Y
848,Shmoo_PHY_VUSR_min,"2,5",cat,Y,,,,,Y,,
2336,LED_PHY_VUSR_PG_AtSpeedVmax_st,4,cat,,0,Y,,,Y,Y,Y
501,SPT_VMAX_RESTORE_HT,"2,5",cat,,,,,,Y,,
1586,P_SRCH_S1R_T0_1DO_PG_AtSpeedVmin_st,4,cat,Y,0,Y,,,Y,Y,Y
3362,TFTOutlierScreen,"2,5",cat,,,,,,Y,,
2033,Shmoo_TRANS_P10_C1_min,"2,5",cat,Y,,,,,Y,,
3227,LED_ARM_AA_PG_VminSearch_st,4,cat,Y,0,Y,,,Y,Y,Y
3246,binSrch_LED_PHY_PCIE_PG_VminSearch_st,4,cat,Y,0,Y,,,Y,Y,Y
1460,P_SRCH_DSP_C3_3PR_PG_AtSpeedVmin_st,4,cat,Y,0,Y,,,Y,Y,Y
891,LED_VUSR_PG_AtSpeedVmin_st,4,cat,,0,Y,,,Y,Y,Y
3221,LED_GEM_AG_PG_VminSearch_st,4,cat,Y,0,Y,,,Y,Y,Y
178,SAF_SRCH_P02_PG_FuncVmaxFT_st,4,cat,Y,0,Y,,,Y,Y,Y
2689,LED_EDMA_PG_AtSpeedVmax_st,4,cat,Y,0,Y,,,Y,Y,Y
2323,LED_PHY_AIF_PG_AtSpeedVmax_st,4,cat,,0,Y,,,Y,Y,Y
1409,P_SRCH_2PR_C3_4DO_PG_AtSpeedVmin_st,4,cat,Y,0,Y,,,Y,Y,Y
1445,P_SRCH_DSP_C2_6DO_PG_AtSpeedVmin_st,4,cat,Y,0,Y,,,Y,Y,Y
20,CTCS_Init_st,"2,5",cat,,,,,,Y,,
3370,HAFTAA_OTHER_PG_VminSearch_st_eng,"2,5",cat,,,,,,Y,,
899,LED_ACPHY_DDR_PG_AtSpeedVmin_st,4,cat,,0,Y,,,Y,Y,Y
1080,SpeedSortVert_LED_100ns,"2,5",cat,,,,,,Y,,
1868,TRANS_SRCH_P01_C3_PG_AtSpeedVmin_st,4,cat,Y,0,Y,,,Y,Y,Y
1691,P_SRCH_S4A_G6_2PR_PG_AtSpeedVmin_st,4,cat,Y,0,Y,,,Y,Y,Y
179,SAF_SRCH_P03_PG_FuncVmaxFT_st,4,cat,Y,0,Y,,,Y,Y,Y
1574,P_SRCH_S1R_G6_1DO_PG_AtSpeedVmin_st,4,cat,Y,0,Y,,,Y,Y,Y
1973,TRANS_SRCH_P03_C2_PG_AtSpeedVmin_st,4,cat,Y,0,Y,,,Y,Y,Y
1955,TRANS_SRCH_P02_C3_PG_AtSpeedVmin_st,4,cat,Y,0,Y,,,Y,Y,Y
1535,P_SRCH_S1R_AA_1PR_PG_AtSpeedVmin_st,4,cat,Y,0,Y,,,Y,Y,Y
3416,TRANS_P07_C3_PG_FreqSearch_st_eng,"2,5",cat,,,,,,Y,,
961,LED_EDMA_PG_AtSpeedVmin_cold_st,4,cat,,0,Y,,,Y,Y,Y
3438,BBT_Status,"2,5",cat,Y,,,,,Y,,
1964,TRANS_SRCH_P02_CA_PG_AtSpeedVmin_st,4,cat,Y,0,Y,,,Y,Y,Y
166,CHAIN_SRCH_P01_PG_FuncVmaxFT_st,4,cat,Y,0,Y,,,Y,Y,Y
2704,LED_BCR_PG_AtSpeedVmax_st,4,cat,Y,0,Y,,,Y,Y,Y
1808,P_SRCH_DSP_T0_FDO_PG_AtSpeedVmin_st,4,cat,Y,0,Y,,,Y,Y,Y
1817,PB_PLL_RTA_T0_F_COLD_AtSpeedVmin_st,5,cat,,,Y,,,Y,Y,
1904,TRANS_SRCH_P07_C6_PG_AtSpeedVmin_st,4,cat,Y,0,Y,,,Y,Y,Y
2698,LED_VCP_PG_AtSpeedVmax_st,4,cat,Y,0,Y,,,Y,Y,Y
,DTC1_TS1_DEG_BLOWN_INITIAL,3,cat,Y,1,Y,,,,Y,Y
171,CHAIN_SRCH_P06_PG_FuncVmaxFT_st,4,cat,Y,0,Y,,,Y,Y,Y
3402,RTA_M0_1DO_PG_FreqSearch_st_eng,"2,5",cat,Y,,,,,Y,,
117,IddqVmin1_IqC08Ful_______KP20_000_st_CCE,"2,5",cat,,,,,,Y,,
478,BRDG_FULCHP_PG_FuncVmax_st,5,cat,,,Y,,,Y,Y,
2054,Shmoo_TRANS_P10_PG_min,"2,5",cat,Y,,,,,Y,,
1499,P_SRCH_RTA_G3_1DO_PG_AtSpeedVmin_st,4,cat,Y,0,Y,,,Y,Y,Y
1830,P_SRCH_RTA_T0_FPR_PG_AtSpeedVmin_st,4,cat,Y,0,Y,,,Y,Y,Y
62,DieIDPreRead_Shortp_st,"2,5",cat,Y,,,,,Y,,
3396,LED_BCP_AG_PG_FreqSearch_st_eng,"2,5",cat,,,,,,Y,,
3326,LED_PHY_SGMII_PG_FreqSearch_st,4,cat,Y,0,Y,,,Y,Y,Y
2384,LED_DATPHY_DDR_1p1_9,5,cat,,,Y,,,Y,Y,
2381,LED_DATPHY_DDR_1p1_8,5,cat,,,Y,,,Y,Y,
2372,LED_DATPHY_DDR_1p1_5,5,cat,,,Y,,,Y,Y,
2369,LED_DATPHY_DDR_1p1_4,5,cat,,,Y,,,Y,Y,
2378,LED_DATPHY_DDR_1p1_7,5,cat,,,Y,,,Y,Y,
2375,LED_DATPHY_DDR_1p1_6,5,cat,,,Y,,,Y,Y,
2360,LED_DATPHY_DDR_1p1_1,5,cat,,,Y,,,Y,Y,
2357,LED_DATPHY_DDR_1p1_0,5,cat,,,Y,,,Y,Y,
2366,LED_DATPHY_DDR_1p1_3,5,cat,,,Y,,,Y,Y,
2363,LED_DATPHY_DDR_1p1_2,5,cat,,,Y,,,Y,Y,
3212,binSrch_HAFTAA_OTHER_PG_VminSearch_st,4,cat,Y,0,Y,,,Y,Y,Y
1673,P_SRCH_S4A_G5_1PR_PG_AtSpeedVmin_st,4,cat,Y,0,Y,,,Y,Y,Y
,DTC1_TS1_DEG_INITIAL,3,cat,Y,1,Y,,,,Y,Y
3298,LED_BCP_AG_PG_FreqSearch_st,4,cat,,0,Y,,,Y,Y,Y
1060,LED_OTHERS_11_PG_AtSpeedVmin_st,4,cat,Y,0,Y,,,Y,Y,Y
2351,LED_TRACER_PG_AtSpeedVmax_st,4,cat,,0,Y,,,Y,Y,Y
2537,LED_TAC_PG_AtSpeedVmax_st,4,cat,,0,Y,,,Y,Y,Y
1454,P_SRCH_DSP_C3_2PR_PG_AtSpeedVmin_st,4,cat,Y,0,Y,,,Y,Y,Y
49,DieIDPreRead_SupplyShort_st,"2,5",cat,Y,,,,,Y,,
1394,P_SRCH_2PR_C1_3PR_PG_AtSpeedVmin_st,4,cat,Y,0,Y,,,Y,Y,Y
888,LED_SRIO_PG_AtSpeedVmin_st,4,cat,,0,Y,,,Y,Y,Y
935,LED_BOOT_PG_AtSpeedVmin_cold_st,4,cat,,0,Y,,,Y,Y,Y
2448,PB_PLL_1PR_COLD_AtSpeedVmax_st,5,cat,,,Y,,,Y,Y,
2633,LED_SRIO_PG_AtSpeedVmax_st,4,cat,,0,Y,,,Y,Y,Y
852,LED_PA_PG_AtSpeedVmin_cold_st,4,cat,,0,Y,,,Y,Y,Y
1595,P_SRCH_S2A_C3_2PR_PG_AtSpeedVmin_st,4,cat,Y,0,Y,,,Y,Y,Y
3240,binSrch_OTHER_PG_VminSearch_st,4,cat,Y,0,Y,,,Y,Y,Y
706,SAF_SRCH_P09_PG_FuncVmin_st,4,cat,Y,0,,,,Y,Y,Y
1403,P_SRCH_2PR_C3_3DO_PG_AtSpeedVmin_st,4,cat,Y,0,Y,,,Y,Y,Y
1577,P_SRCH_S1R_G6_1PR_PG_AtSpeedVmin_st,4,cat,Y,0,Y,,,Y,Y,Y
840,Shmoo_PHY_USB_min,"2,5",cat,Y,,,,,Y,,
2412,LED_DATPHY_DDR_1p2_8,5,cat,,,Y,,,Y,Y,
2415,LED_DATPHY_DDR_1p2_9,5,cat,,,Y,,,Y,Y,
2394,LED_DATPHY_DDR_1p2_2,5,cat,,,Y,,,Y,Y,
2397,LED_DATPHY_DDR_1p2_3,5,cat,,,Y,,,Y,Y,
2388,LED_DATPHY_DDR_1p2_0,5,cat,,,Y,,,Y,Y,
2391,LED_DATPHY_DDR_1p2_1,5,cat,,,Y,,,Y,Y,
2406,LED_DATPHY_DDR_1p2_6,5,cat,,,Y,,,Y,Y,
2409,LED_DATPHY_DDR_1p2_7,5,cat,,,Y,,,Y,Y,
2400,LED_DATPHY_DDR_1p2_4,5,cat,,,Y,,,Y,Y,
2403,LED_DATPHY_DDR_1p2_5,5,cat,,,Y,,,Y,Y,
2618,LED_USB_PG_AtSpeedVmax_st,4,cat,,0,Y,,,Y,Y,Y
1736,P_SRCH_SDP_G4_1DO_PG_AtSpeedVmin_st,4,cat,Y,0,Y,,,Y,Y,Y
,Sensor1,3,cat,Y,1,Y,,,,Y,Y
1610,P_SRCH_S4A_G0_1DO_PG_AtSpeedVmin_st,4,cat,Y,0,Y,,,Y,Y,Y
1436,P_SRCH_DSP_C1_6PR_PG_AtSpeedVmin_st,4,cat,Y,0,Y,,,Y,Y,Y
904,LED_DATPHY_DDR_PG_AtSpeedVmin_st,4,cat,,0,Y,,,Y,Y,Y
3338,LED_PHY_XGE_PG_FreqSearch_st,4,cat,Y,0,Y,,,Y,Y,Y
2000,TRANS_SRCH_P06_C2_PG_AtSpeedVmin_st,4,cat,Y,0,Y,,,Y,Y,Y
19,Loadboard_eeprom_check,"2,5",cat,,,,,,Y,,
3380,LED_ARM_AA_PG_VminSearch_st_eng,"2,5",cat,Y,,,,,Y,,
1877,TRANS_SRCH_P04_C6_PG_AtSpeedVmin_st,4,cat,Y,0,Y,,,Y,Y,Y
98,XtrIdriveTest_CORE_SVT,"2,5",cat,Y,,,,,Y,,
3293,LED_ARM_AA_PG_FreqSearch_st,4,cat,,0,Y,,,Y,Y,Y
699,SAF_SRCH_P01_PG_FuncVmin_st,4,cat,Y,0,,,,Y,Y,Y
3327,LED_PHY_SRIO_PG_FreqSearch_st,4,cat,Y,0,Y,,,Y,Y,Y
3295,LED_GEM_AG_PG_FreqSearch_st,4,cat,Y,0,Y,,,Y,Y,Y
,DTC_TS2_OFFSET,3,cat,Y,1,Y,,,,Y,Y
2699,LED_VUSR_PG_AtSpeedVmax_st,4,cat,Y,0,Y,,,Y,Y,Y
2691,LED_FFTC_PG_AtSpeedVmax_st,4,cat,Y,0,Y,,,Y,Y,Y
2701,LED_ALLCORES_PG_AtSpeedVmax_st,4,cat,Y,0,Y,,,Y,Y,Y
3196,SPT_VMAX_RESTORE_CT_HT,"2,5",cat,,,,,,Y,,
1583,P_SRCH_S1R_G7_1PR_PG_AtSpeedVmin_st,4,cat,Y,0,Y,,,Y,Y,Y
1035,LED_SRCH_BCP_PG_AtSpeedVmin_st,4,cat,Y,0,Y,,,Y,Y,Y
3306,RTA_M0_1DO_PG_FreqSearch_st,4,cat,Y,0,Y,,,Y,Y,Y
3386,binSrch_LED_GEM_XM_AG_PG_VminSearch_st_eng,"2,5",cat,,,,,,Y,,
3409,TRANS_P09_C2_PG_FreqSearch_st_eng,"2,5",cat,,,,,,Y,,
107,ReadVIDSpeeds,"2,5",cat,,,,,,Y,,
3243,binSrch_LED_PHY_AIF_PG_VminSearch_st,4,cat,Y,0,Y,,,Y,Y,Y
1910,TRANS_SRCH_P09_C2_PG_AtSpeedVmin_st,4,cat,Y,0,Y,,,Y,Y,Y
3333,LED_DDR_ACPHY_I_A_PG_FreqSearch_st,4,cat,Y,0,Y,,,Y,Y,Y
1952,TRANS_SRCH_P02_C2_PG_AtSpeedVmin_st,4,cat,Y,0,Y,,,Y,Y,Y
,DTC_DEG_OUT_OF_RANGE,3,cat,,1,,,,,Y,Y
1682,P_SRCH_S4A_G6_1DO_PG_AtSpeedVmin_st,4,cat,Y,0,Y,,,Y,Y,Y
135,IddqVnom_IqC08Ful_______KP20_001_st_end_FUNC,"0,1,2",cat,Y,1,,Y,,Y,,Y
126,IddqVnom_IqC08Ful_______KP20_000_st_end_FUNC,"0,1,2",cat,Y,1,,Y,,Y,,Y
1778,P_SRCH_UHD_C1_3DO_PG_AtSpeedVmin_st,4,cat,Y,0,Y,,,Y,Y,Y
3374,binSrch_LED_ARM_AA_PG_VminSearch_st_eng,"2,5",cat,,,,,,Y,,
1655,P_SRCH_S4A_G3_2PR_PG_AtSpeedVmin_st,4,cat,Y,0,Y,,,Y,Y,Y
1865,TRANS_SRCH_P01_C2_PG_AtSpeedVmin_st,4,cat,Y,0,Y,,,Y,Y,Y
3387,binSrch_LED_BCP_AG_PG_VminSearch_st_eng,"2,5",cat,,,,,,Y,,
3310,S1R_T0_1DO_PG_FreqSearch_st,4,cat,Y,0,Y,,,Y,Y,Y
1439,P_SRCH_DSP_C2_3DO_PG_AtSpeedVmin_st,4,cat,Y,0,Y,,,Y,Y,Y
1871,TRANS_SRCH_P01_C4_PG_AtSpeedVmin_st,4,cat,Y,0,Y,,,Y,Y,Y
167,CHAIN_SRCH_P02_PG_FuncVmaxFT_st,4,cat,Y,0,Y,,,Y,Y,Y
1370,P_SRCH_1PR_C3_3PR_PG_AtSpeedVmin_st,4,cat,Y,0,Y,,,Y,Y,Y
1589,P_SRCH_S1R_T0_1PR_PG_AtSpeedVmin_st,4,cat,Y,0,Y,,,Y,Y,Y
2438,TRANS_P04_PG_1_AtSpeedVmax_st,5,cat,,,Y,,,Y,Y,
3299,LED_EDMA_AG_PG_FreqSearch_st,4,cat,Y,0,Y,,,Y,Y,Y
1526,P_SRCH_RTA_G7_1PR_PG_AtSpeedVmin_st,4,cat,Y,0,Y,,,Y,Y,Y
,DTC2_TS1_DEG_BLOWN_FINAL,3,cat,Y,1,Y,,,,Y,Y
,adaptiveRepairPatterns_st,3,cat,,1,Y,,,,Y,Y
515,CHAIN_SRCH_P04_PG_FuncVmin_st,4,cat,Y,0,,,,Y,Y,Y
1892,TRANS_SRCH_P06_C3_PG_AtSpeedVmin_st,4,cat,Y,0,Y,,,Y,Y,Y
871,LED_DDR_PG_AtSpeedVmin_cold_st,4,cat,,0,Y,,,Y,Y,Y
3266,BRDG_FULCHP_VminSearch_st,"2,5",cat,,,,,,Y,,
1988,TRANS_SRCH_P04_C3_PG_AtSpeedVmin_st,4,cat,Y,0,Y,,,Y,Y,Y
3223,LED_GEM_L2_AG_PG_VminSearch_st,4,cat,Y,0,Y,,,Y,Y,Y
3233,LED_PHY_SGMII_PG_VminSearch_st,4,cat,Y,0,Y,,,Y,Y,Y
1358,P_SRCH_1PR_AA_3PR_PG_AtSpeedVmin_st,4,cat,Y,0,Y,,,Y,Y,Y
2720,LED_OTHERS_11_PG_AtSpeedVmax_st,4,cat,Y,0,Y,,,Y,Y,Y
146,IddqVmax_IqC08Ful_______KP20_001_st_CCE,"2,5",cat,Y,,,,,Y,,
,ElevatedCTProg_st,3,cat,Y,1,,,,,Y,Y
1787,P_SRCH_UHD_C2_3PR_PG_AtSpeedVmin_st,4,cat,Y,0,Y,,,Y,Y,Y
1562,P_SRCH_S1R_G4_1DO_PG_AtSpeedVmin_st,4,cat,Y,0,Y,,,Y,Y,Y
108,PreReadSrc0,"2,5",cat,,,,,,Y,,
3448,DC_Leakage_zz_fpc1_pu,4,cat,Y,0,,,,Y,Y,Y
1901,TRANS_SRCH_P07_C4_PG_AtSpeedVmin_st,4,cat,Y,0,Y,,,Y,Y,Y
955,LED_MSMC_PG_AtSpeedVmin_cold_st,4,cat,,0,Y,,,Y,Y,Y
2707,LED_MSMC_PG_AtSpeedVmax_st,4,cat,Y,0,Y,,,Y,Y,Y
180,SAF_SRCH_P04_PG_FuncVmaxFT_st,4,cat,Y,0,Y,,,Y,Y,Y
1355,P_SRCH_1PR_AA_3DO_PG_AtSpeedVmin_st,4,cat,Y,0,Y,,,Y,Y,Y
2022,SpeedSortVert_PBIST_NON_T0_1,"2,5",cat,,,,,,Y,,
2615,LED_PA_PG_AtSpeedVmax_st,4,cat,,0,Y,,,Y,Y,Y
902,Shmoo_DATPHY_Vmin_Core,"2,5",cat,Y,,,,,Y,,
,DTC1_TS_DEG_TD_INITIAL,3,cat,,1,Y,,,,Y,Y
3385,TRANS_P10_CPU_PG_VminSearch_st_eng,"2,5",cat,,,,,,Y,,
3421,TFTOutlierScreen_pg2_eng,"2,5",cat,,,,,,Y,,
1011,LED_GEMROM_PG_AtSpeedVmin_st,5,cat,,,Y,,,Y,Y,
898,Shmoo_ACPHY_Vmin,"2,5",cat,Y,,,,,Y,,
,DTC2_TS2_DEG_BLOWN_FINAL,3,cat,Y,1,,,,,Y,Y
1874,TRANS_SRCH_P02_C6_PG_AtSpeedVmin_st,4,cat,Y,0,Y,,,Y,Y,Y
1922,TRANS_SRCH_P06_C3_PG_1_AtSpeedVmin_st,4,cat,Y,0,Y,,,Y,Y,Y
925,LED_DATPHY_DDR_PG_AtSpeedVminDDR3L_st,4,cat,,0,Y,,,Y,Y,Y
338,PB_PLL_RTA_Gx_COLD_AtSpeedVmax_st,5,cat,,,Y,,,Y,Y,
1616,P_SRCH_S4A_G0_2DO_PG_AtSpeedVmin_st,4,cat,Y,0,Y,,,Y,Y,Y
3431,storeFmaxTFT,"2,5",cat,,,,,,Y,,
1921,SpeedSortVert_TRANS_2,"2,5",cat,,,,,,Y,,
3273,binSrch_LED_PHY_XGE_PG_VminSearch_st,4,cat,Y,0,Y,,,Y,Y,Y
169,CHAIN_SRCH_P04_PG_FuncVmaxFT_st,4,cat,Y,0,Y,,,Y,Y,Y
1718,P_SRCH_SDP_G1_1DO_PG_AtSpeedVmin_st,4,cat,Y,0,Y,,,Y,Y,Y
3239,binSrch_C3DSPA_PG_VminSearch_st,4,cat,Y,0,Y,,,Y,Y,Y
3413,TRANS_P04_C1_PG_FreqSearch_st_eng,"2,5",cat,,,,,,Y,,
1075,LED_ARM_65_PG_AtSpeedVmin_st,5,cat,,,Y,,,Y,Y,
2630,LED_PSC_PG_AtSpeedVmax_st,4,cat,,0,Y,,,Y,Y,Y
182,SAF_SRCH_P06_PG_FuncVmaxFT_st,4,cat,Y,0,Y,,,Y,Y,Y
3400,LED_GEM_XM_AG_PG_FreqSearch_st_eng,"2,5",cat,,,,,,Y,,
81,SupplyOpensTest_st,4,cat,Y,0,,,,Y,Y,Y
1709,P_SRCH_SDP_AA_1PR_PG_AtSpeedVmin_st,4,cat,Y,0,Y,,,Y,Y,Y
2329,LED_PHY_SGMII_PG_AtSpeedVmax_st,4,cat,,0,Y,,,Y,Y,Y
2046,TRANS_P10_C1_PG_1_AtSpeedVmin_st,5,cat,,,,,,Y,Y,
168,CHAIN_SRCH_P03_PG_FuncVmaxFT_st,4,cat,Y,0,Y,,,Y,Y,Y
1412,P_SRCH_2PR_C3_4PR_PG_AtSpeedVmin_st,4,cat,Y,0,Y,,,Y,Y,Y
136,IddqVnom_IqC08Ful_______KP20_001_st_CCE,"2,5",cat,,,,,,Y,,
3283,RTA_PG_VminSearch_st,4,cat,Y,0,Y,,,Y,Y,Y
3434,EndOfFlowThaw,"2,5",cat,,,,,,Y,,
3219,LED_BCP_AG_PG_VminSearch_st,4,cat,Y,0,Y,,,Y,Y,Y
2531,LED_ACPHY_DDR_PG_AtSpeedVmax_st,4,cat,,0,Y,,,Y,Y,Y
795,BRDG_SRCH_FULCHP_PG_FuncVmin_st,5,cat,Y,,Y,,,Y,Y,
2719,LED_OTHERS_10_PG_AtSpeedVmax_st,4,cat,Y,0,Y,,,Y,Y,Y
2445,TRANS_P10_C1_PG_1_AtSpeedVmax_st,5,cat,,,Y,,,Y,Y,
1514,P_SRCH_RTA_G5_1PR_PG_AtSpeedVmin_st,4,cat,Y,0,Y,,,Y,Y,Y
170,CHAIN_SRCH_P05_PG_FuncVmaxFT_st,4,cat,Y,0,Y,,,Y,Y,Y
3404,S1R_T0_1DO_PG_FreqSearch_st_eng,"2,5",cat,,,,,,Y,,
1118,PB_PLL_SSP_COLD_AtSpeedVmin_st,5,cat,,,Y,,,Y,Y,
1697,P_SRCH_S4A_G7_1PR_PG_AtSpeedVmin_st,4,cat,Y,0,Y,,,Y,Y,Y
938,LED_TRACER_PG_AtSpeedVmin_cold_st,4,cat,,0,Y,,,Y,Y,Y
3313,TRANS_P02_C2_PG_FreqSearch_st,4,cat,,0,Y,,,Y,Y,Y
3302,LED_GEM_L2_AG_PG_FreqSearch_st,4,cat,,0,Y,,,Y,Y,Y
1982,TRANS_SRCH_P04_C1_PG_AtSpeedVmin_st,4,cat,Y,0,Y,,,Y,Y,Y
3393,LED_ARM_AA_PG_FreqSearch_st_eng2,"2,5",cat,,,,,,Y,,
2037,TRANS_SRCH_P10_C1_PG_AtSpeedVmin_st,4,cat,Y,0,Y,,,Y,Y,Y
903,Shmoo_DATPHY_Vmin_DDRClk,"2,5",cat,Y,,,,,Y,,
1751,P_SRCH_SDP_G6_1PR_PG_AtSpeedVmin_st,4,cat,Y,0,Y,,,Y,Y,Y
85,CTCS_START_Thermal,"2,5",cat,,,,,,Y,,
,DTC_TS1_CYCLE,3,cat,,1,Y,,,,Y,Y
523,CHAIN_SRCH_P08_PG_FuncVmin_st,4,cat,Y,0,,,,Y,Y,Y
3274,binSrch_LED_PHY_VUSR_PG_VminSearch_st,4,cat,Y,0,Y,,,Y,Y,Y
3369,HAFTAA_C3DSPA_PG_VminSearch_st_eng,"2,5",cat,,,,,,Y,,
834,CTCS_Vmin,"2,5",cat,,,,,,Y,,
175,CHAIN_SRCH_P10_PG_FuncVmaxFT_st,4,cat,Y,0,Y,,,Y,Y,Y
3216,binSrch_CHAIN_P00_P10_PG_VminSearch_st,4,cat,Y,0,Y,,,Y,Y,Y
,VerifyProgramVIDSpeeds_st,3,cat,Y,1,Y,,,,Y,Y
145,IddqVmax_IqC08Ful_______KP20_001_st_end_FUNC,"2,5",cat,Y,,,,,Y,,
3222,binSrch_LED_GEM_L2_AG_PG_VminSearch_st,4,cat,Y,0,Y,,,Y,Y,Y
3375,C3DSPA_PG_VminSearch_st_eng,"2,5",cat,,,,,,Y,,
922,LED_ACPHY_DDR_PG_AtSpeedVminDDR3L_st,4,cat,,0,Y,,,Y,Y,Y
1907,TRANS_SRCH_P08_C4_PG_AtSpeedVmin_st,4,cat,Y,0,Y,,,Y,Y,Y
172,CHAIN_SRCH_P07_PG_FuncVmaxFT_st,4,cat,Y,0,Y,,,Y,Y,Y
1505,P_SRCH_RTA_G4_1DO_PG_AtSpeedVmin_st,4,cat,Y,0,Y,,,Y,Y,Y
1781,P_SRCH_UHD_C1_3PR_PG_AtSpeedVmin_st,4,cat,Y,0,Y,,,Y,Y,Y
3329,LED_DDR_DATAPHY_I_A_PG_FreqSearch_st,4,cat,Y,0,Y,,,Y,Y,Y
1541,P_SRCH_S1R_G0_1PR_PG_AtSpeedVmin_st,4,cat,Y,0,Y,,,Y,Y,Y
2339,Shmoo_PHY_XGE_max,"2,5",cat,Y,,,,,Y,,
1598,P_SRCH_S4A_AA_1DO_PG_AtSpeedVmin_st,4,cat,Y,0,Y,,,Y,Y,Y
1997,TRANS_SRCH_P05_C4_PG_AtSpeedVmin_st,4,cat,Y,0,Y,,,Y,Y,Y
183,SAF_SRCH_P07_PG_FuncVmaxFT_st,4,cat,Y,0,Y,,,Y,Y,Y
3220,binSrch_LED_GEM_AG_PG_VminSearch_st,4,cat,Y,0,Y,,,Y,Y,Y
2718,LED_OTHERS_01_PG_AtSpeedVmax_st,4,cat,Y,0,Y,,,Y,Y,Y
3230,binSrch_S1R_T0_1DO_PG_VminSearch_st,4,cat,Y,0,Y,,,Y,Y,Y
2077,SPT_VMAX_DOWN_CT_HT,"2,5",cat,,,,,,Y,,
1048,LED_TIMER_PG_AtSpeedVmin_st,4,cat,,0,Y,,,Y,Y,Y
3391,CTCS_START_SearchFmax_eng,"2,5",cat,,,,,,Y,,
,VIDSpeedProg_st,3,cat,,1,,,,,Y,Y
1916,TRANS_SRCH_P09_C6_PG_AtSpeedVmin_st,4,cat,Y,0,Y,,,Y,Y,Y
3287,CTCS_SearchVmin,"2,5",cat,,,,,,Y,,
159,AdaptiveRepair,"2,5",cat,,,,,,Y,,
3392,LED_ARM_AA_PG_FreqSearch_st_eng,"2,5",cat,,,,,,Y,,
1361,P_SRCH_1PR_C1_3DO_PG_AtSpeedVmin_st,4,cat,Y,0,Y,,,Y,Y,Y
1094,PB_PLL_1PR_COLD_AtSpeedVmin_st,5,cat,,,Y,,,Y,Y,
1745,P_SRCH_SDP_G5_1PR_PG_AtSpeedVmin_st,4,cat,Y,0,Y,,,Y,Y,Y
3254,HAFTAA_OTHER_PG_VminSearch_st,4,cat,,0,Y,,,Y,Y,Y
2690,LED_EMIF_PG_AtSpeedVmax_st,4,cat,Y,0,Y,,,Y,Y,Y
3412,TRANS_P03_C1_PG_FreqSearch_st_eng2,"2,5",cat,,,,,,Y,,
1994,TRANS_SRCH_P05_C3_PG_AtSpeedVmin_st,4,cat,Y,0,Y,,,Y,Y,Y
1805,SpeedSortVert_PBIST_T0,"2,5",cat,,,,,,Y,,
527,CHAIN_SRCH_P10_PG_FuncVmin_st,4,cat,Y,0,,,,Y,Y,Y
1008,LED_EMIF_PG_AtSpeedVmin_st,4,cat,,0,Y,,,Y,Y,Y
3395,LED_GEM_AG_PG_FreqSearch_st_eng,"2,5",cat,Y,,,,,Y,,
1469,P_SRCH_DSP_T0_TDO_PG_AtSpeedVmin_st,4,cat,Y,0,Y,,,Y,Y,Y
101,XtrIdriveTest_1P8V_DUT,"2,5",cat,Y,,,,,Y,,
2693,LED_SRCH_BCP_PG_AtSpeedVmax_st,4,cat,Y,0,Y,,,Y,Y,Y
1350,PB_PLL_RTA_M0_1_PG_AtSpeedVmin_PB1_st,4,cat,,0,Y,,,Y,Y,Y
3350,TRANS_P04_C3_PG_FreqSearch_st,4,cat,,0,Y,,,Y,Y,Y
2624,LED_GEM_PG_AtSpeedVmax_st,4,cat,,0,Y,,,Y,Y,Y
116,IddqVmin1_IqC08Ful_______KP20_000_st_end_FUNC,"0,1,2",cat,Y,1,,Y,,Y,,Y
3211,binSrch_HAFTAA_C3DSPA_PG_VminSearch_st,4,cat,Y,0,Y,,,Y,Y,Y
1739,P_SRCH_SDP_G4_1PR_PG_AtSpeedVmin_st,4,cat,Y,0,Y,,,Y,Y,Y
2714,LED_SM2_PG_AtSpeedVmax_st,4,cat,Y,0,Y,,,Y,Y,Y
880,LED_PCIE_PG_AtSpeedVmin_st,4,cat,,0,Y,,,Y,Y,Y
3356,TRANS_P07_C3_PG_FreqSearch_st,4,cat,Y,0,Y,,,Y,Y,Y
1517,P_SRCH_RTA_G6_1DO_PG_AtSpeedVmin_st,4,cat,Y,0,Y,,,Y,Y,Y
3408,TRANS_P08_C3_PG_FreqSearch_st_eng,"2,5",cat,,,,,,Y,,
3406,TRANS_P02_C2_PG_FreqSearch_st_eng,"2,5",cat,,,,,,Y,,
3245,binSrch_LED_PHY_SRIO_PG_VminSearch_st,4,cat,Y,0,Y,,,Y,Y,Y
3237,LED_PHY_VUSR_PG_VminSearch_st,4,cat,Y,0,Y,,,Y,Y,Y
,DTC_TS1_BLOWN_OFFSET,3,cat,Y,1,Y,,,,Y,Y
176,SAF_SRCH_P00_PG_FuncVmaxFT_st,4,cat,Y,0,Y,,,Y,Y,Y
2058,TRANS_SRCH_P10_C2_PG_AtSpeedVmin_st,4,cat,Y,0,Y,,,Y,Y,Y
1628,P_SRCH_S4A_G1_2DO_PG_AtSpeedVmin_st,4,cat,Y,0,Y,,,Y,Y,Y
3353,TRANS_P06_C1_PG_FreqSearch_st,4,cat,,0,Y,,,Y,Y,Y
3209,CTCS_START_Search,"2,5",cat,,,,,,Y,,
1457,P_SRCH_DSP_C3_3DO_PG_AtSpeedVmin_st,4,cat,Y,0,Y,,,Y,Y,Y
2710,LED_QMSS_PG_AtSpeedVmax_st,4,cat,Y,0,Y,,,Y,Y,Y
3447,DC_Leakage_zz_fpc1,4,cat,Y,0,,,,Y,Y,Y
1388,P_SRCH_2PR_AA_3PR_PG_AtSpeedVmin_st,4,cat,Y,0,Y,,,Y,Y,Y
3319,TRANS_P08_C3_PG_FreqSearch_st,4,cat,,0,Y,,,Y,Y,Y
907,LED_PHY_PCIE_PG_AtSpeedVmin_st,4,cat,,0,Y,,,Y,Y,Y
952,LED_GPIO_PG_AtSpeedVmin_cold_st,4,cat,,0,Y,,,Y,Y,Y
517,CHAIN_SRCH_P05_PG_FuncVmin_st,4,cat,Y,0,,,,Y,Y,Y
143,IddqVmax_IqC08Ful_______KP20_001_st_PM1_FUNC,"2,5",cat,Y,,,,,Y,,
2711,LED_RAC_PG_AtSpeedVmax_st,4,cat,Y,0,Y,,,Y,Y,Y
1733,P_SRCH_SDP_G3_1PR_PG_AtSpeedVmin_st,4,cat,Y,0,Y,,,Y,Y,Y
2469,PB_PLL_UHD_COLD_AtSpeedVmax_st,5,cat,,,Y,,,Y,Y,
1985,TRANS_SRCH_P04_C2_PG_AtSpeedVmin_st,4,cat,Y,0,Y,,,Y,Y,Y
139,IddqVmax_IqC08Ful_______KP20_000_st_PM1_MEAS,"2,5",cat,Y,,,,,Y,,
