"FlakyPatternLabel","FlakyPatternCorner","FlakyInsertion","Suite name","Test name"
"SaC16P01c0_____KP20_002","FuncVmax","*","",""
"SaC16P01c0_____KP20_002","FuncVmin","*","",""
"SaC16P01c0_____KP20_002","FuncVminOtlr","*","",""
"SaC16P01c0_____KP11_003","FuncVmax","*","",""
"SaC16P01c0_____KP11_003","FuncVmin","*","",""
"SaC16P01c0_____KP11_003","FuncVminOtlr","*","",""
"SaC16P01c0_____KP11_hot","FuncVmax","*","",""
"SaC16P01c0_____KP11_hot","FuncVmin","*","",""
"SaC16P01c0_____KP11_hot","FuncVminOtlr","*","",""
"TcC16P06c0P33__KP11_000","AtSpeedVmin","*","",""
"TcC16P06c0P33__KP11_000","AtSpeedVmax","*","",""
"TcC16P10c0P11__KP20_000","AtSpeedVmin","*","",""
"TcC16P06c0P33__KP11_001","AtSpeedVmin","*","",""
"TcC16P06c0P33__KP11_001","AtSpeedVmax","*","",""
"TcC16P06c0P33__KP11_002","AtSpeedVmin","*","",""
"TcC16P06c0P33__KP11_002","AtSpeedVmax","*","",""
"TcC16P06c0P33__KP11_003","AtSpeedVmin","*","",""
"TcC16P06c0P33__KP11_003","AtSpeedVmax","*","",""
"TcC16P06c0P63__KP20_000","AtSpeedVmin","*","",""
"TcC16P06c0P63__KP20_000","AtSpeedVmax","*","",""
"TcC16P06c0Paa__KP20_000","AtSpeedVmin","*","",""
"TcC16P07c0Paa__KP20_000","AtSpeedVmin","*","",""
"TcC16P07c0Paa__KP20_000","AtSpeedVmax","*","",""
"TcC16P06c1P33__KP10_000","AtSpeedVmin","*","",""
"TcC16P06c1P33__KP10_000","AtSpeedVmax","*","",""
"TcC16P06c1P33__KP10_001","AtSpeedVmin","*","",""
"TcC16P06c1P33__KP10_001","AtSpeedVmax","*","",""
"TcC16P06c1P33__KP10_002","AtSpeedVmin","*","",""
"TcC16P06c1P33__KP10_002","AtSpeedVmax","*","",""
"TcC16P06c1Paa__KP20_000","AtSpeedVmin","*","",""
"TcC16P06c1Paa__KP20_000","AtSpeedVmax","*","",""
"TcC16P06cdP33__KP10_000","AtSpeedVmin","*","",""
"TcC16P06cdP33__KP10_000","AtSpeedVmax","*","",""
"TcC16P06cdP63__KP20_000","AtSpeedVmin","*","",""
"TcC16P06cdP63__KP20_000","AtSpeedVmax","*","",""
"TcC16P07cdPaa__KP20_000","AtSpeedVmin","*","",""
"TcC16P07cdPaa__KP20_000","AtSpeedVmax","*","",""
"TcC16P09c0P23__KP20_000","AtSpeedVmin","*","",""
"TcC16P09c0P23__KP20_000","AtSpeedVmax","*","",""
"TcC16P09c0P32__KP11_000","AtSpeedVmin","*","",""
"TcC16P09c0P32__KP11_000","AtSpeedVmax","*","",""
"TcC16P09c0P62__KP20_000","AtSpeedVmin","*","",""
"TcC16P09c0P62__KP20_000","AtSpeedVmax","*","",""
"TcC16P09c1P62__KP20_000","AtSpeedVmin","*","",""
"TcC16P09c1P62__KP20_000","AtSpeedVmax","*","",""
"TcC16P09cdP23__KP20_000","AtSpeedVmin","*","",""
"TcC16P09cdP23__KP20_000","AtSpeedVmax","*","",""
"TcC16P09cdP62__KP20_000","AtSpeedVmin","*","",""
"TcC16P09cdP62__KP20_000","AtSpeedVmax","*","",""
"TcC16P10c0P11__KP20_001","AtSpeedVmin","*","",""
"TcC16P10c0P12__KP11_000","AtSpeedVmin","*","",""
"TcC16P10c0P12__KP11_000","AtSpeedVmax","*","",""
"TcC16P10c0P12_0KP20_000","AtSpeedVmin","*","",""
"TcC16P10c0P12_0KP20_000","AtSpeedVmax","*","",""
"TcC16P10c0P12_1KP20_000","AtSpeedVmin","*","",""
"TcC16P10c0P12_1KP20_000","AtSpeedVmax","*","",""
"TcC16P10c0P12_2KP20_000","AtSpeedVmin","*","",""
"TcC16P10c0P12_2KP20_000","AtSpeedVmax","*","",""
"TcC16P10c0P12_3KP20_000","AtSpeedVmin","*","",""
"TcC16P10c0P12_3KP20_000","AtSpeedVmax","*","",""
"TcC16P10c0P16__KP20_000","AtSpeedVmin","*","",""
"TcC16P10c0P21__KP11_000","AtSpeedVmin","*","",""
"TcC16P10c0P21__KP11_000","AtSpeedVmax","*","",""
"TcC16P10c0P21_0KP20_000","AtSpeedVmin","*","",""
"TcC16P10c0P21_0KP20_000","AtSpeedVmax","*","",""
"TcC16P10c0P21_1KP20_000","AtSpeedVmin","*","",""
"TcC16P10c0P21_1KP20_000","AtSpeedVmax","*","",""
"TcC16P10c0P21_2KP20_000","AtSpeedVmin","*","",""
"TcC16P10c0P21_2KP20_000","AtSpeedVmax","*","",""
"TcC16P10c0P21_3KP20_000","AtSpeedVmin","*","",""
"TcC16P10c0P21_3KP20_000","AtSpeedVmax","*","",""
"TcC16P10c0P61__KP20_000","AtSpeedVmin","*","",""
"TcC16P10c1P11__KP20_000","AtSpeedVmin","*","",""
"TcC16P10c1P16__KP20_000","AtSpeedVmin","*","",""
"TcC16P10c1P61__KP20_000","AtSpeedVmin","*","",""
"TcC16P10cdP11__KP20_000","AtSpeedVmin","*","",""
"TcC16P10cdP16__KP20_000","AtSpeedVmin","*","",""
"TcC16P02c0P66__KP20_000","AtSpeedVmin","*","",""
"TcC16P02c0P66__KP20_001","AtSpeedVmin","*","",""
"yekpaf0010a0_ckdg1000_r","AtSpeedVmax","*","",""
"yekpaf0010a0_ckdg1000_r","AtSpeedVmin","*","",""
"yekpaf0021a0_ckdg1000_r","AtSpeedVmax","*","",""
"yekpaf0021a0_ckdg1000_r","AtSpeedVmin","*","",""
"yekpaf0041a0_ckdg1000_r","AtSpeedVmax","*","",""
"yekpaf0041a0_ckdg1000_r","AtSpeedVmin","*","",""
"yekpaf0050a0_ckdg1000_r","AtSpeedVmax","*","",""
"yekpaf0050a0_ckdg1000_r","AtSpeedVmin","*","",""
"yempar0001a2_ckdg1000_r","AtSpeedVmax","*","",""
"yempar0001a2_ckdg1000_r","AtSpeedVmin","*","",""
"yekpaf0020a0_ckdg1000_r","AtSpeedVmax","*","",""
"yekpaf0020a0_ckdg1000_r","AtSpeedVmin","*","",""
"yekpaf0030a0_ckdg1000_r","AtSpeedVmax","*","",""
"yekpaf0030a0_ckdg1000_r","AtSpeedVmin","*","",""
"yekpaf0031a0_ckdg1000_r","AtSpeedVmax","*","",""
"yekpaf0031a0_ckdg1000_r","AtSpeedVmin","*","",""
"yekpaf0040a0_ckdg1000_r","AtSpeedVmax","*","",""
"yekpaf0040a0_ckdg1000_r","AtSpeedVmin","*","",""
"yekpaf0060a0_ckdg1000_r","AtSpeedVmax","*","",""
"yekpaf0060a0_ckdg1000_r","AtSpeedVmin","*","",""
"yekpaf0070a0_ckdg1000_r","AtSpeedVmax","*","",""
"yekpaf0070a0_ckdg1000_r","AtSpeedVmin","*","",""
"yekpaf0090a0_ckdg1000_r","AtSpeedVmax","*","",""
"yekpaf0090a0_ckdg1000_r","AtSpeedVmin","*","",""
"yekpaf0110a0_ckdg1000_r","AtSpeedVmax","*","",""
"yekpaf0110a0_ckdg1000_r","AtSpeedVmin","*","",""
"yekpaf0240a0_ckdg1000_r","AtSpeedVmax","*","",""
"yekpaf0240a0_ckdg1000_r","AtSpeedVmin","*","",""
"yekpaf0242a0_ckdg1000_r","AtSpeedVmax","*","",""
"yekpaf0242a0_ckdg1000_r","AtSpeedVmin","*","",""
"yekpaf0250a0_ckdg1000_r","AtSpeedVmax","*","",""
"yekpaf0250a0_ckdg1000_r","AtSpeedVmin","*","",""
"yekcatf3107az_ckdg1000_r","AtSpeedVmax","*","",""
"yekcatf3107az_ckdg1000_r","AtSpeedVmin","*","",""
"yekcatf7021az_ckda1000_r","AtSpeedVmax","*","",""
"yekcatf7021az_ckda1000_r","AtSpeedVmin","*","",""
"zincacf0051az_ckda1000_r","AtSpeedVmax","*","",""
"zincacf0051az_ckda1000_r","AtSpeedVmin","*","",""
"zincacf0053az_ckda1000_r","AtSpeedVmax","*","",""
"zincacf0053az_ckda1000_r","AtSpeedVmin","*","",""
"zincatf7015az_ckda1000_r","AtSpeedVmax","*","",""
"zincatf7015az_ckda1000_r","AtSpeedVmin","*","",""
"yekcacf0025az_ckda1000_r","AtSpeedVmax","*","",""
"yekcacf0025az_ckda1000_r","AtSpeedVmin","*","",""
"zincacf0050az_ckda1000_r","AtSpeedVmax","*","",""
"zincacf0050az_ckda1000_r","AtSpeedVmin","*","",""
"zincacf0052az_ckda1000_r","AtSpeedVmax","*","",""
"zincacf0052az_ckda1000_r","AtSpeedVmin","*","",""
"zincacf0056az_ckda1000_r","AtSpeedVmax","*","",""
"zincacf0056az_ckda1000_r","AtSpeedVmin","*","",""
"zincacf0058az_ckda1000_r","AtSpeedVmax","*","",""
"zincacf0058az_ckda1000_r","AtSpeedVmin","*","",""
"yekcatf7025az_ckda1000_r","AtSpeedVmax","*","",""
"yekcatf7025az_ckda1000_r","AtSpeedVmin","*","",""
"zincatf7034az_ckda1000_r","AtSpeedVmax","*","",""
"zincatf7034az_ckda1000_r","AtSpeedVmin","*","",""
"yemtdf0060az_ckdg0000_r","AtSpeedVmax","*","",""
"yemtdf0060az_ckdg0000_r","AtSpeedVmin","*","",""
"yemtdr0000az_ckdg0000_r","AtSpeedVmax","*","",""
"yemtdr0000az_ckdg0000_r","AtSpeedVmin","*","",""
"yemtds0064az_ckdg0000_r","AtSpeedVmax","*","",""
"yemtds0064az_ckdg0000_r","AtSpeedVmin","*","",""
"yemter0002az_ckdg0000_r","AtSpeedVmax","*","",""
"yemter0002az_ckdg0000_r","AtSpeedVmin","*","",""
"yemtef0168az_ckdg1000_r","AtSpeedVmax","*","",""
"yemtef0168az_ckdg1000_r","AtSpeedVmin","*","",""
"yemsbr0020a0_ckdg1000_r","AtSpeedVmax","*","",""
"yemsbr0020a0_ckdg1000_r","AtSpeedVmin","*","",""
"yekpdfe0001a0_ckdg1000_r","AtSpeedVminDDR3L","*","",""
"yekpdfe0001b0_ckdg1000_r","AtSpeedVminDDR3L","*","",""
"yekpdre0000a0_ckdg1000_r","AtSpeedVminDDR3L","*","",""
"yekpdre0000b0_ckdg1000_r","AtSpeedVminDDR3L","*","",""
"yekpdre0001a0_ckdg1000_r","AtSpeedVminDDR3L","*","",""
"yekpdre0001b0_ckdg1000_r","AtSpeedVminDDR3L","*","",""
"yekpdre0002a0_ckdg1000_r","AtSpeedVminDDR3L","*","",""
"yekpdre0002b0_ckdg1000_r","AtSpeedVminDDR3L","*","",""
"yekpdrp0000a0_ckdg1000_r","AtSpeedVminDDR3L","*","",""
"yekpdrp0000b0_ckdg1000_r","AtSpeedVminDDR3L","*","",""
"yeksms0083a0_ckdg1000_r","AtSpeedVmax","*","",""
"yeksms0083a0_ckdg1000_r","AtSpeedVmin","*","",""
"yeksms0083c0_ckdg1000_r","AtSpeedVmax","*","",""
"yeksms0083c0_ckdg1000_r","AtSpeedVmin","*","",""
"yeksms0083c4_ckdg1000_r","AtSpeedVmax","*","",""
"yeksms0083c4_ckdg1000_r","AtSpeedVmin","*","",""
"yeksms0083e0_ckdg1000_r","AtSpeedVmax","*","",""
"yeksms0083e0_ckdg1000_r","AtSpeedVmin","*","",""
"yeksms0083e4_ckdg1000_r","AtSpeedVmax","*","",""
"yeksms0083e4_ckdg1000_r","AtSpeedVmin","*","",""
"yeksms0083a4_ckdg1000_r","AtSpeedVmax","*","",""
"yeksms0083a4_ckdg1000_r","AtSpeedVmin","*","",""
"yeksms0083b0_ckdg1000_r","AtSpeedVmax","*","",""
"yeksms0083b0_ckdg1000_r","AtSpeedVmin","*","",""
"yeksms0083b4_ckdg1000_r","AtSpeedVmax","*","",""
"yeksms0083b4_ckdg1000_r","AtSpeedVmin","*","",""
"yeksms0083d0_ckdg1000_r","AtSpeedVmax","*","",""
"yeksms0083d0_ckdg1000_r","AtSpeedVmin","*","",""
"yeksms0083d4_ckdg1000_r","AtSpeedVmax","*","",""
"yeksms0083d4_ckdg1000_r","AtSpeedVmin","*","",""
"yemper0001az_ckdg1000_r","AtSpeedVmax","*","",""
"yemper0001az_ckdg1000_r","AtSpeedVmin","*","",""
"yemaff0021a0_ckdg1000_r","AtSpeedVmax","*","",""
"yemaff0021a0_ckdg1000_r","AtSpeedVmin","*","",""
"yenagdixr0278yz_ckmg0000_r","AtSpeedVmax","*","",""
"yenagdixr0278yz_ckmg0000_r","AtSpeedVmin","*","",""
"yenagrmb2000yz_ckmg0030_r","AtSpeedVmax","*","",""
"yenagrmb2000yz_ckmg0030_r","AtSpeedVmin","*","",""
"yenagrmb2002yz_ckmg0030_r","AtSpeedVmax","*","",""
"yenagrmb2002yz_ckmg0030_r","AtSpeedVmin","*","",""
"yenagrmb2006yz_ckmg0030_r","AtSpeedVmax","*","",""
"yenagrmb2006yz_ckmg0030_r","AtSpeedVmin","*","",""
"yenagse6431yz_ckmg0004_r","AtSpeedVmax","*","",""
"yenagse6431yz_ckmg0004_r","AtSpeedVmin","*","",""
"yenagse6432yz_ckmg0004_r","AtSpeedVmax","*","",""
"yenagse6432yz_ckmg0004_r","AtSpeedVmin","*","",""
"yenagse6433yz_ckmg0004_r","AtSpeedVmax","*","",""
"yenagse6433yz_ckmg0004_r","AtSpeedVmin","*","",""
"yenagse6435yz_ckmg0004_r","AtSpeedVmax","*","",""
"yenagse6435yz_ckmg0004_r","AtSpeedVmin","*","",""
"yenagse6471yz_ckmg0004_r","AtSpeedVmax","*","",""
"yenagse6471yz_ckmg0004_r","AtSpeedVmin","*","",""
"yenagse6473yz_ckmg0004_r","AtSpeedVmax","*","",""
"yenagse6473yz_ckmg0004_r","AtSpeedVmin","*","",""
"yenagse6477yz_ckmg0004_r","AtSpeedVmax","*","",""
"yenagse6477yz_ckmg0004_r","AtSpeedVmin","*","",""
"yenagse6479yz_ckmg0004_r","AtSpeedVmax","*","",""
"yenagse6479yz_ckmg0004_r","AtSpeedVmin","*","",""
"yemcgxm0015yz_ckmg1126_r","AtSpeedVmax","*","",""
"yemcgxm0015yz_ckmg1126_r","AtSpeedVmin","*","",""
"yenageaa9000yz_ckmg0019_r","AtSpeedVmax","*","",""
"yenageaa9000yz_ckmg0019_r","AtSpeedVmin","*","",""
"yenageaa9001yz_ckmg0019_r","AtSpeedVmax","*","",""
"yenageaa9001yz_ckmg0019_r","AtSpeedVmin","*","",""
"yenagrmb2001yz_ckmg0030_r","AtSpeedVmax","*","",""
"yenagrmb2001yz_ckmg0030_r","AtSpeedVmin","*","",""
"yenagrmb2005yz_ckmg0030_r","AtSpeedVmax","*","",""
"yenagrmb2005yz_ckmg0030_r","AtSpeedVmin","*","",""
"yenagrmb2008yz_ckmg0030_r","AtSpeedVmax","*","",""
"yenagrmb2008yz_ckmg0030_r","AtSpeedVmin","*","",""
"yenagse6434yz_ckmg0004_r","AtSpeedVmax","*","",""
"yenagse6434yz_ckmg0004_r","AtSpeedVmin","*","",""
"yenagse6470yz_ckmg0004_r","AtSpeedVmax","*","",""
"yenagse6470yz_ckmg0004_r","AtSpeedVmin","*","",""
"yenagse6472yz_ckmg0004_r","AtSpeedVmax","*","",""
"yenagse6472yz_ckmg0004_r","AtSpeedVmin","*","",""
"yenagse6474yz_ckmg0004_r","AtSpeedVmax","*","",""
"yenagse6474yz_ckmg0004_r","AtSpeedVmin","*","",""
"yenagse6475yz_ckmg0004_r","AtSpeedVmax","*","",""
"yenagse6475yz_ckmg0004_r","AtSpeedVmin","*","",""
"yenagse6476yz_ckmg0004_r","AtSpeedVmax","*","",""
"yenagse6476yz_ckmg0004_r","AtSpeedVmin","*","",""
"yenagse6478yz_ckmg0004_r","AtSpeedVmax","*","",""
"yenagse6478yz_ckmg0004_r","AtSpeedVmin","*","",""
"yenagudir5205yz_ckmg0000_r","AtSpeedVmax","*","",""
"yenagudir5205yz_ckmg0000_r","AtSpeedVmin","*","",""
"yempis1001b0_ckdg1000_r","AtSpeedVmax","*","",""
"yempis1001b0_ckdg1000_r","AtSpeedVmin","*","",""
"yempis1001a0_ckdg1000_r","AtSpeedVmax","*","",""
"yempis1001a0_ckdg1000_r","AtSpeedVmin","*","",""
"yempis1001c0_ckdg1000_r","AtSpeedVmax","*","",""
"yempis1001c0_ckdg1000_r","AtSpeedVmin","*","",""
"zimmmf0401a0_ckdg1000_r","AtSpeedVmax","*","",""
"zimmmf0401a0_ckdg1000_r","AtSpeedVmin","*","",""
"zimmmf0403a0_ckdg1000_r","AtSpeedVmax","*","",""
"zimmmf0403a0_ckdg1000_r","AtSpeedVmin","*","",""
"zimmmf0450a0_ckdg1000_r","AtSpeedVmax","*","",""
"zimmmf0450a0_ckdg1000_r","AtSpeedVmin","*","",""
"zimmmf0601a1_ckdg1000_r","AtSpeedVmax","*","",""
"zimmmf0601a1_ckdg1000_r","AtSpeedVmin","*","",""
"zimmmf0603a3_ckdg1000_r","AtSpeedVmax","*","",""
"zimmmf0603a3_ckdg1000_r","AtSpeedVmin","*","",""
"zimmmf0605a5_ckdg1000_r","AtSpeedVmax","*","",""
"zimmmf0605a5_ckdg1000_r","AtSpeedVmin","*","",""
"zimmmf0607a7_ckdg1000_r","AtSpeedVmax","*","",""
"zimmmf0607a7_ckdg1000_r","AtSpeedVmin","*","",""
"zimmmf0610a0_ckdg1000_r","AtSpeedVmax","*","",""
"zimmmf0610a0_ckdg1000_r","AtSpeedVmin","*","",""
"zimmmf0612a0_ckdg1000_r","AtSpeedVmax","*","",""
"zimmmf0612a0_ckdg1000_r","AtSpeedVmin","*","",""
"yemmmf0614a0_ckdg1000_r","AtSpeedVmax","*","",""
"yemmmf0614a0_ckdg1000_r","AtSpeedVmin","*","",""
"zimmmf0602a2_ckdg1000_r","AtSpeedVmax","*","",""
"zimmmf0602a2_ckdg1000_r","AtSpeedVmin","*","",""
"zimmmf0606a6_ckdg1000_r","AtSpeedVmax","*","",""
"zimmmf0606a6_ckdg1000_r","AtSpeedVmin","*","",""
"zimmmf0613a0_ckdg1000_r","AtSpeedVmax","*","",""
"zimmmf0613a0_ckdg1000_r","AtSpeedVmin","*","",""
"zimmmf0609a0_ckdg1000_r","AtSpeedVmax","*","",""
"zimmmf0609a0_ckdg1000_r","AtSpeedVmin","*","",""
"yemmmf1000a0_ckdg1000_r","AtSpeedVmax","*","",""
"yemmmf1000a0_ckdg1000_r","AtSpeedVmin","*","",""
"yemmmf1060a0_ckdg0000_r","AtSpeedVmax","*","",""
"yemmmf1060a0_ckdg0000_r","AtSpeedVmin","*","",""
"yimmmf0400a0_ckdg1000_r","AtSpeedVmax","*","",""
"yimmmf0400a0_ckdg1000_r","AtSpeedVmin","*","",""
"zimmmf0451a0_ckdg1000_r","AtSpeedVmax","*","",""
"zimmmf0451a0_ckdg1000_r","AtSpeedVmin","*","",""
"zimmmf0600a0_ckdg1000_r","AtSpeedVmax","*","",""
"zimmmf0600a0_ckdg1000_r","AtSpeedVmin","*","",""
"zimmmf0604a4_ckdg1000_r","AtSpeedVmax","*","",""
"zimmmf0604a4_ckdg1000_r","AtSpeedVmin","*","",""
"zimmmf0608a0_ckdg1000_r","AtSpeedVmax","*","",""
"zimmmf0608a0_ckdg1000_r","AtSpeedVmin","*","",""
"zimmmf0611a0_ckdg1000_r","AtSpeedVmax","*","",""
"zimmmf0611a0_ckdg1000_r","AtSpeedVmin","*","",""
"zimmmf0615a0_ckdg1000_r","AtSpeedVmax","*","",""
"zimmmf0615a0_ckdg1000_r","AtSpeedVmin","*","",""
"yemapf0105a0_ckdg1000_r","AtSpeedVmax","*","",""
"yemapf0105a0_ckdg1000_r","AtSpeedVmin","*","",""
"yekapf4200a0_ckdg1000_r","AtSpeedVmax","*","",""
"yekapf4200a0_ckdg1000_r","AtSpeedVmin","*","",""
"yekapf4220a0_ckdg1000_r","AtSpeedVmax","*","",""
"yekapf4220a0_ckdg1000_r","AtSpeedVmin","*","",""
"yekapf4222a0_ckdg1000_r","AtSpeedVmax","*","",""
"yekapf4222a0_ckdg1000_r","AtSpeedVmin","*","",""
"yekapf4221a0_ckdg1000_r","AtSpeedVmax","*","",""
"yekapf4221a0_ckdg1000_r","AtSpeedVmin","*","",""
"yemapf0165a0_ckdg1000_r","AtSpeedVmax","*","",""
"yemapf0165a0_ckdg1000_r","AtSpeedVmin","*","",""
"yemapr0000az_ckdg1000_r","AtSpeedVmax","*","",""
"yemapr0000az_ckdg1000_r","AtSpeedVmin","*","",""
"yemapr0001a0_ckdg1000_r","AtSpeedVmax","*","",""
"yemapr0001a0_ckdg1000_r","AtSpeedVmin","*","",""
"yemapr0003a0_ckdg1000_r","AtSpeedVmax","*","",""
"yemapr0003a0_ckdg1000_r","AtSpeedVmin","*","",""
"yemppf2001a0_ckdg1000_r","AtSpeedVmax","*","",""
"yemppf2001a0_ckdg1000_r","AtSpeedVmin","*","",""
"yemppf2007a0_ckdg1000_r","AtSpeedVmax","*","",""
"yemppf2007a0_ckdg1000_r","AtSpeedVmin","*","",""
"yemppf2007a0_ckda1000_r","AtSpeedVmax","*","",""
"yemppf2007a0_ckda1000_r","AtSpeedVmin","*","",""
"yemppf2050a0_ckdg1000_r","AtSpeedVmax","*","",""
"yemppf2050a0_ckdg1000_r","AtSpeedVmin","*","",""
"yemppf2100a0_ckdg1000_r","AtSpeedVmax","*","",""
"yemppf2100a0_ckdg1000_r","AtSpeedVmin","*","",""
"yemppf2227a0_ckdg1000_r","AtSpeedVmax","*","",""
"yemppf2227a0_ckdg1000_r","AtSpeedVmin","*","",""
"yemppf2227a0_ckda1000_r","AtSpeedVmax","*","",""
"yemppf2227a0_ckda1000_r","AtSpeedVmin","*","",""
"yemppf2109a0_ckdg1000_r","AtSpeedVmax","*","",""
"yemppf2109a0_ckdg1000_r","AtSpeedVmin","*","",""
"yemppm1015a0_ckdg1000_r","AtSpeedVmax","*","",""
"yemppm1015a0_ckdg1000_r","AtSpeedVmin","*","",""
"yemppm1103a0_ckda1000_r","AtSpeedVmax","*","",""
"yemppm1103a0_ckda1000_r","AtSpeedVmin","*","",""
"yemppr0002a0_ckda1000_r","AtSpeedVmax","*","",""
"yemppr0002a0_ckda1000_r","AtSpeedVmin","*","",""
"yemppr0002a0_ckdg1000_r","AtSpeedVmax","*","",""
"yemppr0002a0_ckdg1000_r","AtSpeedVmin","*","",""
"yemppr0004az_ckdg1000_r","AtSpeedVmax","*","",""
"yemppr0004az_ckdg1000_r","AtSpeedVmin","*","",""
"yekpwf4000a0_ckdg1200_r","AtSpeedVmax","*","",""
"yekpwf4000a0_ckdg1200_r","AtSpeedVmin","*","",""
"yekpwf4001a0_ckdg1200_r","AtSpeedVmax","*","",""
"yekpwf4001a0_ckdg1200_r","AtSpeedVmin","*","",""
"yekpwf4002a0_ckdg1200_r","AtSpeedVmax","*","",""
"yekpwf4002a0_ckdg1200_r","AtSpeedVmin","*","",""
"yekpwf4003a0_ckdg1200_r","AtSpeedVmax","*","",""
"yekpwf4003a0_ckdg1200_r","AtSpeedVmin","*","",""
"yekpwf6000a0_ckdg1200_r","AtSpeedVmax","*","",""
"yekpwf6000a0_ckdg1200_r","AtSpeedVmin","*","",""
"yekpwf6001a0_ckdg1200_r","AtSpeedVmax","*","",""
"yekpwf6001a0_ckdg1200_r","AtSpeedVmin","*","",""
"yekpwf6002a0_ckdg1200_r","AtSpeedVmax","*","",""
"yekpwf6002a0_ckdg1200_r","AtSpeedVmin","*","",""
"yekpwf6003a0_ckdg1200_r","AtSpeedVmax","*","",""
"yekpwf6003a0_ckdg1200_r","AtSpeedVmin","*","",""
"yekpwt4000a0_ckdg1200_r","AtSpeedVmax","*","",""
"yekpwt4000a0_ckdg1200_r","AtSpeedVmin","*","",""
"yekpwt4001a0_ckdg1200_r","AtSpeedVmax","*","",""
"yekpwt4001a0_ckdg1200_r","AtSpeedVmin","*","",""
"yekpwt4002a0_ckdg1200_r","AtSpeedVmax","*","",""
"yekpwt4002a0_ckdg1200_r","AtSpeedVmin","*","",""
"yekpwt4003a0_ckdg1200_r","AtSpeedVmax","*","",""
"yekpwt4003a0_ckdg1200_r","AtSpeedVmin","*","",""
"yekpwt6000a0_ckdg1200_r","AtSpeedVmax","*","",""
"yekpwt6000a0_ckdg1200_r","AtSpeedVmin","*","",""
"yekpwt6001a0_ckdg1200_r","AtSpeedVmax","*","",""
"yekpwt6001a0_ckdg1200_r","AtSpeedVmin","*","",""
"yekpwt6002a0_ckdg1200_r","AtSpeedVmax","*","",""
"yekpwt6002a0_ckdg1200_r","AtSpeedVmin","*","",""
"yekpwt6003a0_ckdg1200_r","AtSpeedVmax","*","",""
"yekpwt6003a0_ckdg1200_r","AtSpeedVmin","*","",""
"yekpwp1000a0_ckdg1200_r","AtSpeedVmax","*","",""
"yekpwp1000a0_ckdg1200_r","AtSpeedVmin","*","",""
"yekpwp1001a0_ckdg1200_r","AtSpeedVmax","*","",""
"yekpwp1001a0_ckdg1200_r","AtSpeedVmin","*","",""
"yekpwp1002a0_ckdg1200_r","AtSpeedVmax","*","",""
"yekpwp1002a0_ckdg1200_r","AtSpeedVmin","*","",""
"yekpwp1003a0_ckdg1200_r","AtSpeedVmax","*","",""
"yekpwp1003a0_ckdg1200_r","AtSpeedVmin","*","",""
"yekpwp2000a0_ckdg1200_r","AtSpeedVmax","*","",""
"yekpwp2000a0_ckdg1200_r","AtSpeedVmin","*","",""
"yekpwp2001a0_ckdg1200_r","AtSpeedVmax","*","",""
"yekpwp2001a0_ckdg1200_r","AtSpeedVmin","*","",""
"yekpwp2002a0_ckdg1200_r","AtSpeedVmax","*","",""
"yekpwp2002a0_ckdg1200_r","AtSpeedVmin","*","",""
"yekpwp2003a0_ckdg1200_r","AtSpeedVmax","*","",""
"yekpwp2003a0_ckdg1200_r","AtSpeedVmin","*","",""
"yekpwp3000a0_ckdg1200_r","AtSpeedVmax","*","",""
"yekpwp3000a0_ckdg1200_r","AtSpeedVmin","*","",""
"yekpwp3001a0_ckdg1200_r","AtSpeedVmax","*","",""
"yekpwp3001a0_ckdg1200_r","AtSpeedVmin","*","",""
"yekpwp3002a0_ckdg1200_r","AtSpeedVmax","*","",""
"yekpwp3002a0_ckdg1200_r","AtSpeedVmin","*","",""
"yekpwp3003a0_ckdg1200_r","AtSpeedVmax","*","",""
"yekpwp3003a0_ckdg1200_r","AtSpeedVmin","*","",""
"yekpwp4000a0_ckdg1200_r","AtSpeedVmax","*","",""
"yekpwp4000a0_ckdg1200_r","AtSpeedVmin","*","",""
"yekpwp4001a0_ckdg1200_r","AtSpeedVmax","*","",""
"yekpwp4001a0_ckdg1200_r","AtSpeedVmin","*","",""
"yekpwp4002a0_ckdg1200_r","AtSpeedVmax","*","",""
"yekpwp4002a0_ckdg1200_r","AtSpeedVmin","*","",""
"yekpwp4003a0_ckdg1200_r","AtSpeedVmax","*","",""
"yekpwp4003a0_ckdg1200_r","AtSpeedVmin","*","",""
"yekpwp8000a0_ckdg1200_r","AtSpeedVmax","*","",""
"yekpwp8000a0_ckdg1200_r","AtSpeedVmin","*","",""
"yekpwp8001a0_ckdg1200_r","AtSpeedVmax","*","",""
"yekpwp8001a0_ckdg1200_r","AtSpeedVmin","*","",""
"yekpwp8002a0_ckdg1200_r","AtSpeedVmax","*","",""
"yekpwp8002a0_ckdg1200_r","AtSpeedVmin","*","",""
"yekpwp8003a0_ckdg1200_r","AtSpeedVmax","*","",""
"yekpwp8003a0_ckdg1200_r","AtSpeedVmin","*","",""
"yekpwp8100a0_ckdg1200_r","AtSpeedVmax","*","",""
"yekpwp8100a0_ckdg1200_r","AtSpeedVmin","*","",""
"yekpwp8101a0_ckdg1200_r","AtSpeedVmax","*","",""
"yekpwp8101a0_ckdg1200_r","AtSpeedVmin","*","",""
"yekpwp8102a0_ckdg1200_r","AtSpeedVmax","*","",""
"yekpwp8102a0_ckdg1200_r","AtSpeedVmin","*","",""
"yekpwp8103a0_ckdg1200_r","AtSpeedVmax","*","",""
"yekpwp8103a0_ckdg1200_r","AtSpeedVmin","*","",""
"yekpww6000a0_ckdg1200_r","AtSpeedVmax","*","",""
"yekpww6000a0_ckdg1200_r","AtSpeedVmin","*","",""
"yekpww6001a0_ckdg1200_r","AtSpeedVmax","*","",""
"yekpww6001a0_ckdg1200_r","AtSpeedVmin","*","",""
"yekpww6002a0_ckdg1200_r","AtSpeedVmax","*","",""
"yekpww6002a0_ckdg1200_r","AtSpeedVmin","*","",""
"yekpww6003a0_ckdg1200_r","AtSpeedVmax","*","",""
"yekpww6003a0_ckdg1200_r","AtSpeedVmin","*","",""
"yekpws4000a0_ckdg1200_r","AtSpeedVmax","*","",""
"yekpws4000a0_ckdg1200_r","AtSpeedVmin","*","",""
"yekpws4001a0_ckdg1200_r","AtSpeedVmax","*","",""
"yekpws4001a0_ckdg1200_r","AtSpeedVmin","*","",""
"yekpws4002a0_ckdg1200_r","AtSpeedVmax","*","",""
"yekpws4002a0_ckdg1200_r","AtSpeedVmin","*","",""
"yekpws4003a0_ckdg1200_r","AtSpeedVmax","*","",""
"yekpws4003a0_ckdg1200_r","AtSpeedVmin","*","",""
"yekpws6000a0_ckdg1200_r","AtSpeedVmax","*","",""
"yekpws6000a0_ckdg1200_r","AtSpeedVmin","*","",""
"yekpws6001a0_ckdg1200_r","AtSpeedVmax","*","",""
"yekpws6001a0_ckdg1200_r","AtSpeedVmin","*","",""
"yekpws6002a0_ckdg1200_r","AtSpeedVmax","*","",""
"yekpws6002a0_ckdg1200_r","AtSpeedVmin","*","",""
"yekpws6003a0_ckdg1200_r","AtSpeedVmax","*","",""
"yekpws6003a0_ckdg1200_r","AtSpeedVmin","*","",""
"usb3_tx_ref","AtSpeedVmax","*","",""
"usb3_tx_ref","AtSpeedVmin","*","",""
"usb0_tx_ref_vreftune0","AtSpeedVmax","*","",""
"usb0_tx_ref_vreftune4","AtSpeedVmin","*","",""
"usb0_tx_ref","AtSpeedVmin","*","",""
"usb0_tx_ref","AtSpeedVmax","*","",""
"yekpwm1000a0_ckdg1200_r","AtSpeedVmax","*","",""
"yekpwm1000a0_ckdg1200_r","AtSpeedVmin","*","",""
"yekpwm1001a0_ckdg1200_r","AtSpeedVmax","*","",""
"yekpwm1001a0_ckdg1200_r","AtSpeedVmin","*","",""
"yekpwm1002a0_ckdg1200_r","AtSpeedVmax","*","",""
"yekpwm1002a0_ckdg1200_r","AtSpeedVmin","*","",""
"yekpwm1003a0_ckdg1200_r","AtSpeedVmax","*","",""
"yekpwm1003a0_ckdg1200_r","AtSpeedVmin","*","",""
"yekpwm1100a0_ckdg1200_r","AtSpeedVmax","*","",""
"yekpwm1100a0_ckdg1200_r","AtSpeedVmin","*","",""
"yekpwm1101a0_ckdg1200_r","AtSpeedVmax","*","",""
"yekpwm1101a0_ckdg1200_r","AtSpeedVmin","*","",""
"yekpwm1102a0_ckdg1200_r","AtSpeedVmax","*","",""
"yekpwm1102a0_ckdg1200_r","AtSpeedVmin","*","",""
"yekpwm1103a0_ckdg1200_r","AtSpeedVmax","*","",""
"yekpwm1103a0_ckdg1200_r","AtSpeedVmin","*","",""
"yekpwx1000a0_ckdg1200_r","AtSpeedVmax","*","",""
"yekpwx1000a0_ckdg1200_r","AtSpeedVmin","*","",""
"yekpwx1001a0_ckdg1200_r","AtSpeedVmax","*","",""
"yekpwx1001a0_ckdg1200_r","AtSpeedVmin","*","",""
"yekpwx1002a0_ckdg1200_r","AtSpeedVmax","*","",""
"yekpwx1002a0_ckdg1200_r","AtSpeedVmin","*","",""
"yekpwx1003a0_ckdg1200_r","AtSpeedVmax","*","",""
"yekpwx1003a0_ckdg1200_r","AtSpeedVmin","*","",""
"yekpwx6000a0_ckdg1200_r","AtSpeedVmax","*","",""
"yekpwx6000a0_ckdg1200_r","AtSpeedVmin","*","",""
"yekpwx6001a0_ckdg1200_r","AtSpeedVmax","*","",""
"yekpwx6001a0_ckdg1200_r","AtSpeedVmin","*","",""
"yekpwx6002a0_ckdg1200_r","AtSpeedVmax","*","",""
"yekpwx6002a0_ckdg1200_r","AtSpeedVmin","*","",""
"yekpwx6003a0_ckdg1200_r","AtSpeedVmax","*","",""
"yekpwx6003a0_ckdg1200_r","AtSpeedVmin","*","",""
"yekspf0060az_ckdg1000_r","AtSpeedVmax","*","",""
"yekspf0060az_ckdg1000_r","AtSpeedVmin","*","",""
"yekspf0161az_ckdg1000_r","AtSpeedVmax","*","",""
"yekspf0161az_ckdg1000_r","AtSpeedVmin","*","",""
"yekspf0061az_ckdg1000_r","AtSpeedVmax","*","",""
"yekspf0061az_ckdg1000_r","AtSpeedVmin","*","",""
"yemaqs9006b0_ckdg1000_r","AtSpeedVmax","*","",""
"yemaqs9006b0_ckdg1000_r","AtSpeedVmin","*","",""
"yekaqf4057a0_ckdg1000_r","AtSpeedVmax","*","",""
"yekaqf4057a0_ckdg1000_r","AtSpeedVmin","*","",""
"yemaqs9005a0_ckdg1000_r","AtSpeedVmax","*","",""
"yemaqs9005a0_ckdg1000_r","AtSpeedVmin","*","",""
"yemaqs9005b0_ckdg1000_r","AtSpeedVmax","*","",""
"yemaqs9005b0_ckdg1000_r","AtSpeedVmin","*","",""
"yekaqf4061az_ckda1000_r","AtSpeedVmax","*","",""
"yekaqf4061az_ckda1000_r","AtSpeedVmin","*","",""
"yekaqf4061az_ckdg1000_r","AtSpeedVmax","*","",""
"yekaqf4061az_ckdg1000_r","AtSpeedVmin","*","",""
"yekaqf4061bz_ckda1000_r","AtSpeedVmax","*","",""
"yekaqf4061bz_ckda1000_r","AtSpeedVmin","*","",""
"yekaqf4061bz_ckdg1000_r","AtSpeedVmax","*","",""
"yekaqf4061bz_ckdg1000_r","AtSpeedVmin","*","",""
"yemaqs9006a0_ckdg1000_r","AtSpeedVmax","*","",""
"yemaqs9006a0_ckdg1000_r","AtSpeedVmin","*","",""
"yekaqf4057b0_ckdg1000_r","AtSpeedVmax","*","",""
"yekaqf4057b0_ckdg1000_r","AtSpeedVmin","*","",""
"yemarf2100c0_ckdg1000_r","AtSpeedVmax","*","",""
"yemarf2100c0_ckdg1000_r","AtSpeedVmin","*","",""
"yemarf2101a0_ckdg1000_r","AtSpeedVmax","*","",""
"yemarf2101a0_ckdg1000_r","AtSpeedVmin","*","",""
"yemarf2101c0_ckdg1000_r","AtSpeedVmax","*","",""
"yemarf2101c0_ckdg1000_r","AtSpeedVmin","*","",""
"yemarf2100a0_ckdg1000_r","AtSpeedVmax","*","",""
"yemarf2100a0_ckdg1000_r","AtSpeedVmin","*","",""
"yemarf2100b0_ckdg1000_r","AtSpeedVmax","*","",""
"yemarf2100b0_ckdg1000_r","AtSpeedVmin","*","",""
"yemarf2100d0_ckdg1000_r","AtSpeedVmax","*","",""
"yemarf2100d0_ckdg1000_r","AtSpeedVmin","*","",""
"yemarf2101b0_ckdg1000_r","AtSpeedVmax","*","",""
"yemarf2101b0_ckdg1000_r","AtSpeedVmin","*","",""
"yemarf2101d0_ckdg1000_r","AtSpeedVmax","*","",""
"yemarf2101d0_ckdg1000_r","AtSpeedVmin","*","",""
"yemapf0129a0_ckdg1000_r","AtSpeedVmax","*","",""
"yemapf0129a0_ckdg1000_r","AtSpeedVmin","*","",""
"yemapf0138a0_ckdg1000_r","AtSpeedVmax","*","",""
"yemapf0138a0_ckdg1000_r","AtSpeedVmin","*","",""
"yekapf0141a0_ckdg1000_r","AtSpeedVmax","*","",""
"yekapf0141a0_ckdg1000_r","AtSpeedVmin","*","",""
"yemapf0139a0_ckda1000_r","AtSpeedVmax","*","",""
"yemapf0139a0_ckda1000_r","AtSpeedVmin","*","",""
"yekapf0106a0_ckdg1000_r","AtSpeedVmax","*","",""
"yekapf0106a0_ckdg1000_r","AtSpeedVmin","*","",""
"yekapf0108a0_ckdg1000_r","AtSpeedVmax","*","",""
"yekapf0108a0_ckdg1000_r","AtSpeedVmin","*","",""
"yekapf0140a0_ckdg1000_r","AtSpeedVmax","*","",""
"yekapf0140a0_ckdg1000_r","AtSpeedVmin","*","",""
"yekapf0142a0_ckdg1000_r","AtSpeedVmax","*","",""
"yekapf0142a0_ckdg1000_r","AtSpeedVmin","*","",""
"yemapf0131a0_ckdg1000_r","AtSpeedVmax","*","",""
"yemapf0131a0_ckdg1000_r","AtSpeedVmin","*","",""
"yemapf0136a0_ckdg1000_r","AtSpeedVmax","*","",""
"yemapf0136a0_ckdg1000_r","AtSpeedVmin","*","",""
"yemapf0142a0_ckdg1000_r","AtSpeedVmax","*","",""
"yemapf0142a0_ckdg1000_r","AtSpeedVmin","*","",""
"yekapf0107a0_ckdg1000_r","AtSpeedVmax","*","",""
"yekapf0107a0_ckdg1000_r","AtSpeedVmin","*","",""
"yekapf0143a0_ckdg1000_r","AtSpeedVmax","*","",""
"yekapf0143a0_ckdg1000_r","AtSpeedVmin","*","",""
"yekapf0145a0_ckdg1000_r","AtSpeedVmax","*","",""
"yekapf0145a0_ckdg1000_r","AtSpeedVmin","*","",""
"yemapf0135a0_ckdg1000_r","AtSpeedVmax","*","",""
"yemapf0135a0_ckdg1000_r","AtSpeedVmin","*","",""
"yekapf0144a0_ckdg1000_r","AtSpeedVmax","*","",""
"yekapf0144a0_ckdg1000_r","AtSpeedVmin","*","",""
"yemshr0000a4_ckdg1000_r","AtSpeedVmax","*","",""
"yemshr0000a4_ckdg1000_r","AtSpeedVmin","*","",""
"yempss5630a0_ckdg1000_r","AtSpeedVmax","*","",""
"yempss5630a0_ckdg1000_r","AtSpeedVmin","*","",""
"yempss0602b0_ckdg1000_r","AtSpeedVmax","*","",""
"yempss0602b0_ckdg1000_r","AtSpeedVmin","*","",""
"yempss3005b0_ckdg1000_r","AtSpeedVmax","*","",""
"yempss3005b0_ckdg1000_r","AtSpeedVmin","*","",""
"yempss5630b0_ckdg1000_r","AtSpeedVmax","*","",""
"yempss5630b0_ckdg1000_r","AtSpeedVmin","*","",""
"yempss5630c0_ckdg1000_r","AtSpeedVmax","*","",""
"yempss5630c0_ckdg1000_r","AtSpeedVmin","*","",""
"yempss0501a0_ckdg1000_r","AtSpeedVmax","*","",""
"yempss0501a0_ckdg1000_r","AtSpeedVmin","*","",""
"yempss0501b0_ckdg1000_r","AtSpeedVmax","*","",""
"yempss0501b0_ckdg1000_r","AtSpeedVmin","*","",""
"yempss0501c0_ckdg1000_r","AtSpeedVmax","*","",""
"yempss0501c0_ckdg1000_r","AtSpeedVmin","*","",""
"yempss0602a0_ckdg1000_r","AtSpeedVmax","*","",""
"yempss0602a0_ckdg1000_r","AtSpeedVmin","*","",""
"yempss0602c0_ckdg1000_r","AtSpeedVmax","*","",""
"yempss0602c0_ckdg1000_r","AtSpeedVmin","*","",""
"yempss0630a0_ckdg1000_r","AtSpeedVmax","*","",""
"yempss0630a0_ckdg1000_r","AtSpeedVmin","*","",""
"yempss0630b0_ckdg1000_r","AtSpeedVmax","*","",""
"yempss0630b0_ckdg1000_r","AtSpeedVmin","*","",""
"yempss0630c0_ckdg1000_r","AtSpeedVmax","*","",""
"yempss0630c0_ckdg1000_r","AtSpeedVmin","*","",""
"yempss3005a0_ckdg1000_r","AtSpeedVmax","*","",""
"yempss3005a0_ckdg1000_r","AtSpeedVmin","*","",""
"yempss3005c0_ckdg1000_r","AtSpeedVmax","*","",""
"yempss3005c0_ckdg1000_r","AtSpeedVmin","*","",""
"yemprf0021a4_ckdg1000_r","AtSpeedVmax","*","",""
"yemprf0021a4_ckdg1000_r","AtSpeedVmin","*","",""
"yemprf0021a6_ckdg1000_r","AtSpeedVmax","*","",""
"yemprf0021a6_ckdg1000_r","AtSpeedVmin","*","",""
"yemprf0025a0_ckdg1000_r","AtSpeedVmax","*","",""
"yemprf0025a0_ckdg1000_r","AtSpeedVmin","*","",""
"yemprf0045a0_ckdg1000_r","AtSpeedVmax","*","",""
"yemprf0045a0_ckdg1000_r","AtSpeedVmin","*","",""
"yemprf0221a0_ckdg1000_r","AtSpeedVmax","*","",""
"yemprf0221a0_ckdg1000_r","AtSpeedVmin","*","",""
"yemprf0223a0_ckdg1000_r","AtSpeedVmax","*","",""
"yemprf0223a0_ckdg1000_r","AtSpeedVmin","*","",""
"yemprf0740a0_ckdg1000_r","AtSpeedVmax","*","",""
"yemprf0740a0_ckdg1000_r","AtSpeedVmin","*","",""
"yemprr1000a0_ckdg1000_r","AtSpeedVmax","*","",""
"yemprr1000a0_ckdg1000_r","AtSpeedVmin","*","",""
"yemprr1002a0_ckdg1000_r","AtSpeedVmax","*","",""
"yemprr1002a0_ckdg1000_r","AtSpeedVmin","*","",""
"yemprs0084a0_ckdg1000_r","AtSpeedVmax","*","",""
"yemprs0084a0_ckdg1000_r","AtSpeedVmin","*","",""
"yemprs0101a0_ckdg1000_r","AtSpeedVmax","*","",""
"yemprs0101a0_ckdg1000_r","AtSpeedVmin","*","",""
"yemprs4101a0_ckda1000_r","AtSpeedVmax","*","",""
"yemprs4101a0_ckda1000_r","AtSpeedVmin","*","",""
"yeatprf0009a0_ckdg1000_r","AtSpeedVmax","*","",""
"yeatprf0009a0_ckdg1000_r","AtSpeedVmin","*","",""
"yeatprf0720a0_ckdg1000_r","AtSpeedVmax","*","",""
"yeatprf0720a0_ckdg1000_r","AtSpeedVmin","*","",""
"yeatprf0746a0_ckdg1000_r","AtSpeedVmax","*","",""
"yeatprf0746a0_ckdg1000_r","AtSpeedVmin","*","",""
"yeatprr0006a3_ckdg1000_r","AtSpeedVmax","*","",""
"yeatprr0006a3_ckdg1000_r","AtSpeedVmin","*","",""
"yeatprr0006a5_ckdg1000_r","AtSpeedVmax","*","",""
"yeatprr0006a5_ckdg1000_r","AtSpeedVmin","*","",""
"yeatprr0006a7_ckdg1000_r","AtSpeedVmax","*","",""
"yeatprr0006a7_ckdg1000_r","AtSpeedVmin","*","",""
"yeatprs0031a0_ckdg1000_r","AtSpeedVmax","*","",""
"yeatprs0031a0_ckdg1000_r","AtSpeedVmin","*","",""
"yeatprs0033a0_ckdg1000_r","AtSpeedVmax","*","",""
"yeatprs0033a0_ckdg1000_r","AtSpeedVmin","*","",""
"yeatprs0035a0_ckdg1000_r","AtSpeedVmax","*","",""
"yeatprs0035a0_ckdg1000_r","AtSpeedVmin","*","",""
"yeatprs0037a0_ckdg1000_r","AtSpeedVmax","*","",""
"yeatprs0037a0_ckdg1000_r","AtSpeedVmin","*","",""
"yeatprs0042a0_ckdg1000_r","AtSpeedVmax","*","",""
"yeatprs0042a0_ckdg1000_r","AtSpeedVmin","*","",""
"yeatprs0044a0_ckdg1000_r","AtSpeedVmax","*","",""
"yeatprs0044a0_ckdg1000_r","AtSpeedVmin","*","",""
"yeatprs0046a0_ckdg1000_r","AtSpeedVmax","*","",""
"yeatprs0046a0_ckdg1000_r","AtSpeedVmin","*","",""
"yeatprs0048a0_ckdg1000_r","AtSpeedVmax","*","",""
"yeatprs0048a0_ckdg1000_r","AtSpeedVmin","*","",""
"yeatprs0051a0_ckdg1000_r","AtSpeedVmax","*","",""
"yeatprs0051a0_ckdg1000_r","AtSpeedVmin","*","",""
"yeatprs0060a0_ckdg1000_r","AtSpeedVmax","*","",""
"yeatprs0060a0_ckdg1000_r","AtSpeedVmin","*","",""
"yeatprs0061a1_ckdg1000_r","AtSpeedVmax","*","",""
"yeatprs0061a1_ckdg1000_r","AtSpeedVmin","*","",""
"yeatprs0062a2_ckdg1000_r","AtSpeedVmax","*","",""
"yeatprs0062a2_ckdg1000_r","AtSpeedVmin","*","",""
"yeatprs0063a3_ckdg1000_r","AtSpeedVmax","*","",""
"yeatprs0063a3_ckdg1000_r","AtSpeedVmin","*","",""
"yemprf0401a0_ckda1000_r","AtSpeedVmax","*","",""
"yemprf0401a0_ckda1000_r","AtSpeedVmin","*","",""
"yemprf0601a0_ckda1000_r","AtSpeedVmax","*","",""
"yemprf0601a0_ckda1000_r","AtSpeedVmin","*","",""
"yemprf0021a0_ckdg1000_r","AtSpeedVmax","*","",""
"yemprf0021a0_ckdg1000_r","AtSpeedVmin","*","",""
"yemprf0021a1_ckdg1000_r","AtSpeedVmax","*","",""
"yemprf0021a1_ckdg1000_r","AtSpeedVmin","*","",""
"yemprf0021a2_ckdg1000_r","AtSpeedVmax","*","",""
"yemprf0021a2_ckdg1000_r","AtSpeedVmin","*","",""
"yemprf0021a3_ckdg1000_r","AtSpeedVmax","*","",""
"yemprf0021a3_ckdg1000_r","AtSpeedVmin","*","",""
"yemprf0021a5_ckdg1000_r","AtSpeedVmax","*","",""
"yemprf0021a5_ckdg1000_r","AtSpeedVmin","*","",""
"yemprf0021a7_ckdg1000_r","AtSpeedVmax","*","",""
"yemprf0021a7_ckdg1000_r","AtSpeedVmin","*","",""
"yemprf0043a0_ckdg1000_r","AtSpeedVmax","*","",""
"yemprf0043a0_ckdg1000_r","AtSpeedVmin","*","",""
"yemprf0050a0_ckdg1000_r","AtSpeedVmax","*","",""
"yemprf0050a0_ckdg1000_r","AtSpeedVmin","*","",""
"yemprf0708a0_ckdg1000_r","AtSpeedVmax","*","",""
"yemprf0708a0_ckdg1000_r","AtSpeedVmin","*","",""
"yemprf0766a0_ckdg1000_r","AtSpeedVmax","*","",""
"yemprf0766a0_ckdg1000_r","AtSpeedVmin","*","",""
"yemprf0768a0_ckdg1000_r","AtSpeedVmax","*","",""
"yemprf0768a0_ckdg1000_r","AtSpeedVmin","*","",""
"yemprr0100a0_ckdg1000_r","AtSpeedVmax","*","",""
"yemprr0100a0_ckdg1000_r","AtSpeedVmin","*","",""
"yemprs0002a0_ckdg0000_r","AtSpeedVmax","*","",""
"yemprs0002a0_ckdg0000_r","AtSpeedVmin","*","",""
"yemprs0064a4_ckdg1000_r","AtSpeedVmax","*","",""
"yemprs0064a4_ckdg1000_r","AtSpeedVmin","*","",""
"yemprs4000a0_ckda1000_r","AtSpeedVmax","*","",""
"yemprs4000a0_ckda1000_r","AtSpeedVmin","*","",""
"yeatprf0008a0_ckdg1000_r","AtSpeedVmax","*","",""
"yeatprf0008a0_ckdg1000_r","AtSpeedVmin","*","",""
"yeatprf0721a0_ckdg1000_r","AtSpeedVmax","*","",""
"yeatprf0721a0_ckdg1000_r","AtSpeedVmin","*","",""
"yeatprf0722a0_ckdg1000_r","AtSpeedVmax","*","",""
"yeatprf0722a0_ckdg1000_r","AtSpeedVmin","*","",""
"yeatprf0723a0_ckdg1000_r","AtSpeedVmax","*","",""
"yeatprf0723a0_ckdg1000_r","AtSpeedVmin","*","",""
"yeatprf0745a0_ckdg1000_r","AtSpeedVmax","*","",""
"yeatprf0745a0_ckdg1000_r","AtSpeedVmin","*","",""
"yeatprr0006a0_ckdg1000_r","AtSpeedVmax","*","",""
"yeatprr0006a0_ckdg1000_r","AtSpeedVmin","*","",""
"yeatprr0006a1_ckdg1000_r","AtSpeedVmax","*","",""
"yeatprr0006a1_ckdg1000_r","AtSpeedVmin","*","",""
"yeatprr0006a2_ckdg1000_r","AtSpeedVmax","*","",""
"yeatprr0006a2_ckdg1000_r","AtSpeedVmin","*","",""
"yeatprr0006a4_ckdg1000_r","AtSpeedVmax","*","",""
"yeatprr0006a4_ckdg1000_r","AtSpeedVmin","*","",""
"yeatprr0006a6_ckdg1000_r","AtSpeedVmax","*","",""
"yeatprr0006a6_ckdg1000_r","AtSpeedVmin","*","",""
"yeatprs0030a0_ckdg1000_r","AtSpeedVmax","*","",""
"yeatprs0030a0_ckdg1000_r","AtSpeedVmin","*","",""
"yeatprs0032a0_ckdg1000_r","AtSpeedVmax","*","",""
"yeatprs0032a0_ckdg1000_r","AtSpeedVmin","*","",""
"yeatprs0034a0_ckdg1000_r","AtSpeedVmax","*","",""
"yeatprs0034a0_ckdg1000_r","AtSpeedVmin","*","",""
"yeatprs0036a0_ckdg1000_r","AtSpeedVmax","*","",""
"yeatprs0036a0_ckdg1000_r","AtSpeedVmin","*","",""
"yeatprs0038a0_ckdg1000_r","AtSpeedVmax","*","",""
"yeatprs0038a0_ckdg1000_r","AtSpeedVmin","*","",""
"yeatprs0039a0_ckdg1000_r","AtSpeedVmax","*","",""
"yeatprs0039a0_ckdg1000_r","AtSpeedVmin","*","",""
"yeatprs0040a0_ckdg1000_r","AtSpeedVmax","*","",""
"yeatprs0040a0_ckdg1000_r","AtSpeedVmin","*","",""
"yeatprs0041a0_ckdg1000_r","AtSpeedVmax","*","",""
"yeatprs0041a0_ckdg1000_r","AtSpeedVmin","*","",""
"yeatprs0043a0_ckdg1000_r","AtSpeedVmax","*","",""
"yeatprs0043a0_ckdg1000_r","AtSpeedVmin","*","",""
"yeatprs0045a0_ckdg1000_r","AtSpeedVmax","*","",""
"yeatprs0045a0_ckdg1000_r","AtSpeedVmin","*","",""
"yeatprs0047a0_ckdg1000_r","AtSpeedVmax","*","",""
"yeatprs0047a0_ckdg1000_r","AtSpeedVmin","*","",""
"yeatprs0049a0_ckdg1000_r","AtSpeedVmax","*","",""
"yeatprs0049a0_ckdg1000_r","AtSpeedVmin","*","",""
"yeatprs0050a0_ckdg1000_r","AtSpeedVmax","*","",""
"yeatprs0050a0_ckdg1000_r","AtSpeedVmin","*","",""
"yeatprs0052a0_ckdg1000_r","AtSpeedVmax","*","",""
"yeatprs0052a0_ckdg1000_r","AtSpeedVmin","*","",""
"yemprf0042a0_ckdg1000_r","AtSpeedVmax","*","",""
"yemprf0042a0_ckdg1000_r","AtSpeedVmin","*","",""
"yemprf0044a0_ckdg1000_r","AtSpeedVmax","*","",""
"yemprf0044a0_ckdg1000_r","AtSpeedVmin","*","",""
"yemprf0046a0_ckdg1000_r","AtSpeedVmax","*","",""
"yemprf0046a0_ckdg1000_r","AtSpeedVmin","*","",""
"yemprf0053a0_ckdg1000_r","AtSpeedVmax","*","",""
"yemprf0053a0_ckdg1000_r","AtSpeedVmin","*","",""
"yemprf0220a0_ckdg1000_r","AtSpeedVmax","*","",""
"yemprf0220a0_ckdg1000_r","AtSpeedVmin","*","",""
"yemprf0222a0_ckdg1000_r","AtSpeedVmax","*","",""
"yemprf0222a0_ckdg1000_r","AtSpeedVmin","*","",""
"yemprf0402a0_ckdg1000_r","AtSpeedVmax","*","",""
"yemprf0402a0_ckdg1000_r","AtSpeedVmin","*","",""
"yemprf0422a0_ckdg1000_r","AtSpeedVmax","*","",""
"yemprf0422a0_ckdg1000_r","AtSpeedVmin","*","",""
"yemprf0503a0_ckdg1000_r","AtSpeedVmax","*","",""
"yemprf0503a0_ckdg1000_r","AtSpeedVmin","*","",""
"yemprf0523a0_ckdg1000_r","AtSpeedVmax","*","",""
"yemprf0523a0_ckdg1000_r","AtSpeedVmin","*","",""
"yemprf0604a0_ckdg1000_r","AtSpeedVmax","*","",""
"yemprf0604a0_ckdg1000_r","AtSpeedVmin","*","",""
"yemprf0624a0_ckdg1000_r","AtSpeedVmax","*","",""
"yemprf0624a0_ckdg1000_r","AtSpeedVmin","*","",""
"yemprf0707a0_ckdg1000_r","AtSpeedVmax","*","",""
"yemprf0707a0_ckdg1000_r","AtSpeedVmin","*","",""
"yemprf0709a0_ckdg1000_r","AtSpeedVmax","*","",""
"yemprf0709a0_ckdg1000_r","AtSpeedVmin","*","",""
"yemprf0710a0_ckdg1000_r","AtSpeedVmax","*","",""
"yemprf0710a0_ckdg1000_r","AtSpeedVmin","*","",""
"yemprf0741a0_ckdg1000_r","AtSpeedVmax","*","",""
"yemprf0741a0_ckdg1000_r","AtSpeedVmin","*","",""
"yemprf0765a0_ckdg1000_r","AtSpeedVmax","*","",""
"yemprf0765a0_ckdg1000_r","AtSpeedVmin","*","",""
"yemprf0767a0_ckdg1000_r","AtSpeedVmax","*","",""
"yemprf0767a0_ckdg1000_r","AtSpeedVmin","*","",""
"yemprr0101a0_ckdg1000_r","AtSpeedVmax","*","",""
"yemprr0101a0_ckdg1000_r","AtSpeedVmin","*","",""
"yemprr1001a0_ckdg1000_r","AtSpeedVmax","*","",""
"yemprr1001a0_ckdg1000_r","AtSpeedVmin","*","",""
"yemprs4010a0_ckda1000_r","AtSpeedVmax","*","",""
"yemprs4010a0_ckda1000_r","AtSpeedVmin","*","",""
"yemprs4111a0_ckda1000_r","AtSpeedVmax","*","",""
"yemprs4111a0_ckda1000_r","AtSpeedVmin","*","",""
"yemsar0003a0_ckdg1000_r","AtSpeedVmax","*","",""
"yemsar0003a0_ckdg1000_r","AtSpeedVmin","*","",""
"zimsar0003b0_ckdg1000_r","AtSpeedVmax","*","",""
"zimsar0003b0_ckdg1000_r","AtSpeedVmin","*","",""
"yemsar0043a0_ckdg1000_r","AtSpeedVmax","*","",""
"yemsar0043a0_ckdg1000_r","AtSpeedVmin","*","",""
"zimsar0043b0_ckdg1000_r","AtSpeedVmax","*","",""
"zimsar0043b0_ckdg1000_r","AtSpeedVmin","*","",""
"yeksaf4004a0_ckdg1200_r","AtSpeedVmax","*","",""
"yeksaf4004a0_ckdg1200_r","AtSpeedVmin","*","",""
"zinsaf4004b0_ckdg1200_r","AtSpeedVmax","*","",""
"zinsaf4004b0_ckdg1200_r","AtSpeedVmin","*","",""
"zinsaf4006a0_ckdg1200_r","AtSpeedVmax","*","",""
"zinsaf4006a0_ckdg1200_r","AtSpeedVmin","*","",""
"zinsaf4006b0_ckdg1200_r","AtSpeedVmax","*","",""
"zinsaf4006b0_ckdg1200_r","AtSpeedVmin","*","",""
"zinsaf4014a0_ckdg1200_r","AtSpeedVmax","*","",""
"zinsaf4014a0_ckdg1200_r","AtSpeedVmin","*","",""
"zinsaf4016b0_ckdg1200_r","AtSpeedVmax","*","",""
"zinsaf4016b0_ckdg1200_r","AtSpeedVmin","*","",""
"zinsaf4200a0_ckdg1200_r","AtSpeedVmax","*","",""
"zinsaf4200a0_ckdg1200_r","AtSpeedVmin","*","",""
"zinsaf4200b0_ckdg1200_r","AtSpeedVmax","*","",""
"zinsaf4200b0_ckdg1200_r","AtSpeedVmin","*","",""
"zinsaf4206a0_ckdg1200_r","AtSpeedVmax","*","",""
"zinsaf4206a0_ckdg1200_r","AtSpeedVmin","*","",""
"zinsaf4206b0_ckdg1200_r","AtSpeedVmax","*","",""
"zinsaf4206b0_ckdg1200_r","AtSpeedVmin","*","",""
"zinsaf4216a0_ckdg1200_r","AtSpeedVmax","*","",""
"zinsaf4216a0_ckdg1200_r","AtSpeedVmin","*","",""
"yekatf2611a0_ckdg1000_r","AtSpeedVmax","*","",""
"yekatf2611a0_ckdg1000_r","AtSpeedVmin","*","",""
"yekatf2601a0_ckdg1000_r","AtSpeedVmax","*","",""
"yekatf2601a0_ckdg1000_r","AtSpeedVmin","*","",""
"yekatf2603a0_ckdg1000_r","AtSpeedVmax","*","",""
"yekatf2603a0_ckdg1000_r","AtSpeedVmin","*","",""
"yekatf2605a0_ckdg1000_r","AtSpeedVmax","*","",""
"yekatf2605a0_ckdg1000_r","AtSpeedVmin","*","",""
"yekatf2613a0_ckdg1000_r","AtSpeedVmax","*","",""
"yekatf2613a0_ckdg1000_r","AtSpeedVmin","*","",""
"yekatf2615a0_ckdg1000_r","AtSpeedVmax","*","",""
"yekatf2615a0_ckdg1000_r","AtSpeedVmin","*","",""
"yemadf0111a0_ckdg1000_r","AtSpeedVmax","*","",""
"yemadf0111a0_ckdg1000_r","AtSpeedVmin","*","",""
"yemadf0111b1_ckdg1000_r","AtSpeedVmax","*","",""
"yemadf0111b1_ckdg1000_r","AtSpeedVmin","*","",""
"yemadf0111c2_ckdg1000_r","AtSpeedVmax","*","",""
"yemadf0111c2_ckdg1000_r","AtSpeedVmin","*","",""
"yemadf0111d3_ckdg1000_r","AtSpeedVmax","*","",""
"yemadf0111d3_ckdg1000_r","AtSpeedVmin","*","",""
"yempzs0022a0_ckdg1000_r","AtSpeedVmax","*","",""
"yempzs0022a0_ckdg1000_r","AtSpeedVmin","*","",""
"yempzs0022b0_ckdg1000_r","AtSpeedVmax","*","",""
"yempzs0022b0_ckdg1000_r","AtSpeedVmin","*","",""
"yempzs0022c0_ckdg1000_r","AtSpeedVmax","*","",""
"yempzs0022c0_ckdg1000_r","AtSpeedVmin","*","",""
"yempzs0022d0_ckdg1000_r","AtSpeedVmax","*","",""
"yempzs0022d0_ckdg1000_r","AtSpeedVmin","*","",""
"yempzs0022e0_ckdg1000_r","AtSpeedVmax","*","",""
"yempzs0022e0_ckdg1000_r","AtSpeedVmin","*","",""
"yempzs0022f0_ckdg1000_r","AtSpeedVmax","*","",""
"yempzs0022f0_ckdg1000_r","AtSpeedVmin","*","",""
"yempzs0022g0_ckdg1000_r","AtSpeedVmax","*","",""
"yempzs0022g0_ckdg1000_r","AtSpeedVmin","*","",""
"yempzs0022h0_ckdg1000_r","AtSpeedVmax","*","",""
"yempzs0022h0_ckdg1000_r","AtSpeedVmin","*","",""
"yempzs0022i0_ckdg1000_r","AtSpeedVmax","*","",""
"yempzs0022i0_ckdg1000_r","AtSpeedVmin","*","",""
"yempzs0022j0_ckdg1000_r","AtSpeedVmax","*","",""
"yempzs0022j0_ckdg1000_r","AtSpeedVmin","*","",""
"yempzs0022k0_ckdg1000_r","AtSpeedVmax","*","",""
"yempzs0022k0_ckdg1000_r","AtSpeedVmin","*","",""
"yempzs0022l0_ckdg1000_r","AtSpeedVmax","*","",""
"yempzs0022l0_ckdg1000_r","AtSpeedVmin","*","",""
"yempzs0022m0_ckdg1000_r","AtSpeedVmax","*","",""
"yempzs0022m0_ckdg1000_r","AtSpeedVmin","*","",""
"yempzs0022n0_ckdg1000_r","AtSpeedVmax","*","",""
"yempzs0022n0_ckdg1000_r","AtSpeedVmin","*","",""
"yempzs0022o0_ckdg1000_r","AtSpeedVmax","*","",""
"yempzs0022o0_ckdg1000_r","AtSpeedVmin","*","",""
"yempzs0022p0_ckdg1000_r","AtSpeedVmax","*","",""
"yempzs0022p0_ckdg1000_r","AtSpeedVmin","*","",""
"yimtsr0000a0_ckdg1000_r","AtSpeedVmax","*","",""
"yimtsr0000a0_ckdg1000_r","AtSpeedVmin","*","",""
"yektcf0026a0_ckdg1000_r","AtSpeedVmax","*","",""
"yektcf0026a0_ckdg1000_r","AtSpeedVmin","*","",""
"zimtcf0002a7_ckdg1000_r","AtSpeedVmax","*","",""
"zimtcf0002a7_ckdg1000_r","AtSpeedVmin","*","",""
"zimtcf0003a7_ckdg1000_r","AtSpeedVmax","*","",""
"zimtcf0003a7_ckdg1000_r","AtSpeedVmin","*","",""
"yektcf0029a0_ckdg1000_r","AtSpeedVmax","*","",""
"yektcf0029a0_ckdg1000_r","AtSpeedVmin","*","",""
"yempmf0510a0_ckdg1000_r","AtSpeedVmax","*","",""
"yempmf0510a0_ckdg1000_r","AtSpeedVmin","*","",""
"yempmf1010a0_ckdg1000_r","AtSpeedVmax","*","",""
"yempmf1010a0_ckdg1000_r","AtSpeedVmin","*","",""
"yempmr0040a0_ckdg6000_r","AtSpeedVmax","*","",""
"yempmr0040a0_ckdg6000_r","AtSpeedVmin","*","",""
"yempmr0040a1_ckdg6000_r","AtSpeedVmax","*","",""
"yempmr0040a1_ckdg6000_r","AtSpeedVmin","*","",""
"yempmr0040a2_ckdg6000_r","AtSpeedVmax","*","",""
"yempmr0040a2_ckdg6000_r","AtSpeedVmin","*","",""
"yempmr0040a3_ckdg6000_r","AtSpeedVmax","*","",""
"yempmr0040a3_ckdg6000_r","AtSpeedVmin","*","",""
"yempmr0040a4_ckdg6000_r","AtSpeedVmax","*","",""
"yempmr0040a4_ckdg6000_r","AtSpeedVmin","*","",""
"yempmr0040a6_ckdg6000_r","AtSpeedVmax","*","",""
"yempmr0040a6_ckdg6000_r","AtSpeedVmin","*","",""
"yempmr0040a7_ckdg6000_r","AtSpeedVmax","*","",""
"yempmr0040a7_ckdg6000_r","AtSpeedVmin","*","",""
"yempmr0040b2_ckdg6000_r","AtSpeedVmax","*","",""
"yempmr0040b2_ckdg6000_r","AtSpeedVmin","*","",""
"yempmr0040b4_ckdg6000_r","AtSpeedVmax","*","",""
"yempmr0040b4_ckdg6000_r","AtSpeedVmin","*","",""
"yempmr0040b6_ckdg6000_r","AtSpeedVmax","*","",""
"yempmr0040b6_ckdg6000_r","AtSpeedVmin","*","",""
"yempmf0120a0_ckdg1000_r","AtSpeedVmax","*","",""
"yempmf0120a0_ckdg1000_r","AtSpeedVmin","*","",""
"yempmf0340b0_ckdg1000_r","AtSpeedVmax","*","",""
"yempmf0340b0_ckdg1000_r","AtSpeedVmin","*","",""
"yempmf0510b0_ckdg1000_r","AtSpeedVmax","*","",""
"yempmf0510b0_ckdg1000_r","AtSpeedVmin","*","",""
"yempmf1000b0_ckdg1000_r","AtSpeedVmax","*","",""
"yempmf1000b0_ckdg1000_r","AtSpeedVmin","*","",""
"yempmf1010b0_ckdg1000_r","AtSpeedVmax","*","",""
"yempmf1010b0_ckdg1000_r","AtSpeedVmin","*","",""
"yempmf2300b0_ckdg1000_r","AtSpeedVmax","*","",""
"yempmf2300b0_ckdg1000_r","AtSpeedVmin","*","",""
"yempmr0040a5_ckdg6000_r","AtSpeedVmax","*","",""
"yempmr0040a5_ckdg6000_r","AtSpeedVmin","*","",""
"yempmr0040b0_ckdg6000_r","AtSpeedVmax","*","",""
"yempmr0040b0_ckdg6000_r","AtSpeedVmin","*","",""
"yempmr0040b1_ckdg6000_r","AtSpeedVmax","*","",""
"yempmr0040b1_ckdg6000_r","AtSpeedVmin","*","",""
"yempmr0040b3_ckdg6000_r","AtSpeedVmax","*","",""
"yempmr0040b3_ckdg6000_r","AtSpeedVmin","*","",""
"yempmr0040b5_ckdg6000_r","AtSpeedVmax","*","",""
"yempmr0040b5_ckdg6000_r","AtSpeedVmin","*","",""
"yempmr0040b7_ckdg6000_r","AtSpeedVmax","*","",""
"yempmr0040b7_ckdg6000_r","AtSpeedVmin","*","",""
"yempmf0120b0_ckdg1000_r","AtSpeedVmax","*","",""
"yempmf0120b0_ckdg1000_r","AtSpeedVmin","*","",""
"yempmf0340a0_ckdg1000_r","AtSpeedVmax","*","",""
"yempmf0340a0_ckdg1000_r","AtSpeedVmin","*","",""
"yempmf1000a0_ckdg1000_r","AtSpeedVmax","*","",""
"yempmf1000a0_ckdg1000_r","AtSpeedVmin","*","",""
"yempmf2300a0_ckdg1000_r","AtSpeedVmax","*","",""
"yempmf2300a0_ckdg1000_r","AtSpeedVmin","*","",""
"yempmr0005a0_ckdg1000_r","AtSpeedVmax","*","",""
"yempmr0005a0_ckdg1000_r","AtSpeedVmin","*","",""
"yempmr0005b0_ckdg1000_r","AtSpeedVmax","*","",""
"yempmr0005b0_ckdg1000_r","AtSpeedVmin","*","",""
"yempms5100a0_ckdg0000_r","AtSpeedVmax","*","",""
"yempms5100a0_ckdg0000_r","AtSpeedVmin","*","",""
"yempms5100b0_ckdg0000_r","AtSpeedVmax","*","",""
"yempms5100b0_ckdg0000_r","AtSpeedVmin","*","",""
"yempmr0010a0_ckdg1000_r","AtSpeedVmax","*","",""
"yempmr0010a0_ckdg1000_r","AtSpeedVmin","*","",""
"yempmr0010b0_ckdg1000_r","AtSpeedVmax","*","",""
"yempmr0010b0_ckdg1000_r","AtSpeedVmin","*","",""
"yekpxf1053b0_ckdg1000_r","AtSpeedVmax","*","",""
"yekpxf1053b0_ckdg1000_r","AtSpeedVmin","*","",""
"yekpxf1062a0_ckdg1000_r","AtSpeedVmax","*","",""
"yekpxf1062a0_ckdg1000_r","AtSpeedVmin","*","",""
"yekpxf1062b0_ckdg1000_r","AtSpeedVmax","*","",""
"yekpxf1062b0_ckdg1000_r","AtSpeedVmin","*","",""
"yekpxf1271a0_ckdg1000_r","AtSpeedVmax","*","",""
"yekpxf1271a0_ckdg1000_r","AtSpeedVmin","*","",""
"yekpxr0030a0_ckdg1000_r","AtSpeedVmax","*","",""
"yekpxr0030a0_ckdg1000_r","AtSpeedVmin","*","",""
"yekpxs0200a0_ckdg1000_r","AtSpeedVmax","*","",""
"yekpxs0200a0_ckdg1000_r","AtSpeedVmin","*","",""
"yekpxf0040a0_ckdg1000_r","AtSpeedVmax","*","",""
"yekpxf0040a0_ckdg1000_r","AtSpeedVmin","*","",""
"yekpxf1032a0_ckdg1000_r","AtSpeedVmax","*","",""
"yekpxf1032a0_ckdg1000_r","AtSpeedVmin","*","",""
"yekpxf1052a0_ckdg1000_r","AtSpeedVmax","*","",""
"yekpxf1052a0_ckdg1000_r","AtSpeedVmin","*","",""
"yekpxf1410a0_ckdg1000_r","AtSpeedVmax","*","",""
"yekpxf1410a0_ckdg1000_r","AtSpeedVmin","*","",""
"yekpxf3210a0_ckdg1000_r","AtSpeedVmax","*","",""
"yekpxf3210a0_ckdg1000_r","AtSpeedVmin","*","",""
"yekpxr0001a0_ckda1000_r","AtSpeedVmax","*","",""
"yekpxr0001a0_ckda1000_r","AtSpeedVmin","*","",""
"yekpxr0001a0_ckdg1000_r","AtSpeedVmax","*","",""
"yekpxr0001a0_ckdg1000_r","AtSpeedVmin","*","",""
"yekpxr0003a0_ckda1000_r","AtSpeedVmax","*","",""
"yekpxr0003a0_ckda1000_r","AtSpeedVmin","*","",""
"yekpxr0003a0_ckdg1000_r","AtSpeedVmax","*","",""
"yekpxr0003a0_ckdg1000_r","AtSpeedVmin","*","",""
"yekpxr1111a0_ckdg1000_r","AtSpeedVmax","*","",""
"yekpxr1111a0_ckdg1000_r","AtSpeedVmin","*","",""
"yekpxs0201a4_ckdg1000_r","AtSpeedVmax","*","",""
"yekpxs0201a4_ckdg1000_r","AtSpeedVmin","*","",""
"yekpxs0220a0_ckda1000_r","AtSpeedVmax","*","",""
"yekpxs0220a0_ckda1000_r","AtSpeedVmin","*","",""
"yekpxs0221a0_ckda1000_r","AtSpeedVmax","*","",""
"yekpxs0221a0_ckda1000_r","AtSpeedVmin","*","",""
"yekpxs0222a0_ckda1000_r","AtSpeedVmax","*","",""
"yekpxs0222a0_ckda1000_r","AtSpeedVmin","*","",""
"yekpxs0223a0_ckda1000_r","AtSpeedVmax","*","",""
"yekpxs0223a0_ckda1000_r","AtSpeedVmin","*","",""
"yekpxs0224a0_ckda1000_r","AtSpeedVmax","*","",""
"yekpxs0224a0_ckda1000_r","AtSpeedVmin","*","",""
"yekpxs0225a0_ckda1000_r","AtSpeedVmax","*","",""
"yekpxs0225a0_ckda1000_r","AtSpeedVmin","*","",""
"yekpxf0160a0_ckdg1000_r","AtSpeedVmax","*","",""
"yekpxf0160a0_ckdg1000_r","AtSpeedVmin","*","",""
"yekpxf0171a0_ckdg1000_r","AtSpeedVmax","*","",""
"yekpxf0171a0_ckdg1000_r","AtSpeedVmin","*","",""
"yekpxf1053a0_ckdg1000_r","AtSpeedVmax","*","",""
"yekpxf1053a0_ckdg1000_r","AtSpeedVmin","*","",""
"yekpxf1330a0_ckdg1000_r","AtSpeedVmax","*","",""
"yekpxf1330a0_ckdg1000_r","AtSpeedVmin","*","",""
"yekpxf1330b0_ckdg1000_r","AtSpeedVmax","*","",""
"yekpxf1330b0_ckdg1000_r","AtSpeedVmin","*","",""
"yekpxf1390a0_ckdg1000_r","AtSpeedVmax","*","",""
"yekpxf1390a0_ckdg1000_r","AtSpeedVmin","*","",""
"yekpxf1390b0_ckdg1000_r","AtSpeedVmax","*","",""
"yekpxf1390b0_ckdg1000_r","AtSpeedVmin","*","",""
"yekpxf3200a0_ckdg1000_r","AtSpeedVmax","*","",""
"yekpxf3200a0_ckdg1000_r","AtSpeedVmin","*","",""
"yekpxr0007a0_ckda1000_r","AtSpeedVmax","*","",""
"yekpxr0007a0_ckda1000_r","AtSpeedVmin","*","",""
"yekpxr0007a0_ckdg1000_r","AtSpeedVmax","*","",""
"yekpxr0007a0_ckdg1000_r","AtSpeedVmin","*","",""
"yekpxr0050a0_ckdg1000_r","AtSpeedVmax","*","",""
"yekpxr0050a0_ckdg1000_r","AtSpeedVmin","*","",""
"yekpxr1112a0_ckdg1000_r","AtSpeedVmax","*","",""
"yekpxr1112a0_ckdg1000_r","AtSpeedVmin","*","",""
"yekpxs0200a4_ckdg1000_r","AtSpeedVmax","*","",""
"yekpxs0200a4_ckdg1000_r","AtSpeedVmin","*","",""
"yekpxs0202a0_ckdg1000_r","AtSpeedVmax","*","",""
"yekpxs0202a0_ckdg1000_r","AtSpeedVmin","*","",""
"yekpxs0202a4_ckdg1000_r","AtSpeedVmax","*","",""
"yekpxs0202a4_ckdg1000_r","AtSpeedVmin","*","",""
"yekpxs0204a0_ckdg1000_r","AtSpeedVmax","*","",""
"yekpxs0204a0_ckdg1000_r","AtSpeedVmin","*","",""
"yekpxs0204a4_ckdg1000_r","AtSpeedVmax","*","",""
"yekpxs0204a4_ckdg1000_r","AtSpeedVmin","*","",""
"yekpxs0211a0_ckdg1000_r","AtSpeedVmax","*","",""
"yekpxs0211a0_ckdg1000_r","AtSpeedVmin","*","",""
"yekpxs0213a0_ckdg1000_r","AtSpeedVmax","*","",""
"yekpxs0213a0_ckdg1000_r","AtSpeedVmin","*","",""
"yekpxs0215a0_ckdg1000_r","AtSpeedVmax","*","",""
"yekpxs0215a0_ckdg1000_r","AtSpeedVmin","*","",""
"yekpxf0080a0_ckdg1000_r","AtSpeedVmax","*","",""
"yekpxf0080a0_ckdg1000_r","AtSpeedVmin","*","",""
"yekpxf0170a0_ckdg1000_r","AtSpeedVmax","*","",""
"yekpxf0170a0_ckdg1000_r","AtSpeedVmin","*","",""
"yekpxf1031a0_ckdg1000_r","AtSpeedVmax","*","",""
"yekpxf1031a0_ckdg1000_r","AtSpeedVmin","*","",""
"yekpxf1031b0_ckdg1000_r","AtSpeedVmax","*","",""
"yekpxf1031b0_ckdg1000_r","AtSpeedVmin","*","",""
"yekpxf1032b0_ckdg1000_r","AtSpeedVmax","*","",""
"yekpxf1032b0_ckdg1000_r","AtSpeedVmin","*","",""
"yekpxf1041a0_ckdg1000_r","AtSpeedVmax","*","",""
"yekpxf1041a0_ckdg1000_r","AtSpeedVmin","*","",""
"yekpxf1041b0_ckdg1000_r","AtSpeedVmax","*","",""
"yekpxf1041b0_ckdg1000_r","AtSpeedVmin","*","",""
"yekpxf1042a0_ckdg1000_r","AtSpeedVmax","*","",""
"yekpxf1042a0_ckdg1000_r","AtSpeedVmin","*","",""
"yekpxf1042b0_ckdg1000_r","AtSpeedVmax","*","",""
"yekpxf1042b0_ckdg1000_r","AtSpeedVmin","*","",""
"yekpxf1052b0_ckdg1000_r","AtSpeedVmax","*","",""
"yekpxf1052b0_ckdg1000_r","AtSpeedVmin","*","",""
"yekpxf1063a0_ckdg1000_r","AtSpeedVmax","*","",""
"yekpxf1063a0_ckdg1000_r","AtSpeedVmin","*","",""
"yekpxf1063b0_ckdg1000_r","AtSpeedVmax","*","",""
"yekpxf1063b0_ckdg1000_r","AtSpeedVmin","*","",""
"yekpxf1270a0_ckdg1000_r","AtSpeedVmax","*","",""
"yekpxf1270a0_ckdg1000_r","AtSpeedVmin","*","",""
"yekpxf1270b0_ckdg1000_r","AtSpeedVmax","*","",""
"yekpxf1270b0_ckdg1000_r","AtSpeedVmin","*","",""
"yekpxf1275a0_ckdg1000_r","AtSpeedVmax","*","",""
"yekpxf1275a0_ckdg1000_r","AtSpeedVmin","*","",""
"yekpxf1275b0_ckdg1000_r","AtSpeedVmax","*","",""
"yekpxf1275b0_ckdg1000_r","AtSpeedVmin","*","",""
"yekpxf1335a0_ckdg1000_r","AtSpeedVmax","*","",""
"yekpxf1335a0_ckdg1000_r","AtSpeedVmin","*","",""
"yekpxf1335b0_ckdg1000_r","AtSpeedVmax","*","",""
"yekpxf1335b0_ckdg1000_r","AtSpeedVmin","*","",""
"yekpxs0201a0_ckdg1000_r","AtSpeedVmax","*","",""
"yekpxs0201a0_ckdg1000_r","AtSpeedVmin","*","",""
"yekpxs0203a0_ckdg1000_r","AtSpeedVmax","*","",""
"yekpxs0203a0_ckdg1000_r","AtSpeedVmin","*","",""
"yekpxs0203a4_ckdg1000_r","AtSpeedVmax","*","",""
"yekpxs0203a4_ckdg1000_r","AtSpeedVmin","*","",""
"yekpxs0205a0_ckdg1000_r","AtSpeedVmax","*","",""
"yekpxs0205a0_ckdg1000_r","AtSpeedVmin","*","",""
"yekpxs0205a4_ckdg1000_r","AtSpeedVmax","*","",""
"yekpxs0205a4_ckdg1000_r","AtSpeedVmin","*","",""
"yekpxs0210a0_ckdg1000_r","AtSpeedVmax","*","",""
"yekpxs0210a0_ckdg1000_r","AtSpeedVmin","*","",""
"yekpxs0212a0_ckdg1000_r","AtSpeedVmax","*","",""
"yekpxs0212a0_ckdg1000_r","AtSpeedVmin","*","",""
"yekpxs0214a0_ckdg1000_r","AtSpeedVmax","*","",""
"yekpxs0214a0_ckdg1000_r","AtSpeedVmin","*","",""
"yekcatf2524az_ckda9000_r","AtSpeedVmin","*","",""
"yekcatf2524az_ckda9000_r","AtSpeedVmax","*","",""
"yemsbr0001a0_ckda1000_r","AtSpeedVmax","*","",""
"yemsbr0001a0_ckda1000_r","AtSpeedVmin","*","",""
"yemsbr0001a1_ckda1000_r","AtSpeedVmax","*","",""
"yemsbr0001a1_ckda1000_r","AtSpeedVmin","*","",""
"yemsbr0001a2_ckda1000_r","AtSpeedVmax","*","",""
"yemsbr0001a2_ckda1000_r","AtSpeedVmin","*","",""
"yemsbr0001a3_ckda1000_r","AtSpeedVmax","*","",""
"yemsbr0001a3_ckda1000_r","AtSpeedVmin","*","",""
"yempmr0010a0_ckdg1000_r","AtSpeedVmax","*","",""
"yempmr0010a0_ckdg1000_r","AtSpeedVmin","*","",""
"yempmr0010b0_ckdg1000_r","AtSpeedVmax","*","",""
"yempmr0010b0_ckdg1000_r","AtSpeedVmin","*","",""
"yempas0411az_ckdg1000_r","AtSpeedVmax","*","",""
"yempas0411az_ckdg1000_r","AtSpeedVmin","*","",""
"yekpdfp0000a0_ckdg1000_r","AtSpeedVmin","*","",""
"yekpdfp0000b0_ckdg1000_r","AtSpeedVmin","*","",""
"yekpdfp0001a0_ckdg1000_r","AtSpeedVmin","*","",""
"yekpdfp0001b0_ckdg1000_r","AtSpeedVmin","*","",""
"yekpdfp0002a0_ckdg1000_r","AtSpeedVmin","*","",""
"yekpdfp0002b0_ckdg1000_r","AtSpeedVmin","*","",""
"yekpdfp0003a0_ckdg1000_r","AtSpeedVmin","*","",""
"yekpdfp0003b0_ckdg1000_r","AtSpeedVmin","*","",""
"yekpdfp0004a0_ckdg1000_r","AtSpeedVmin","*","",""
"yekpdfp0004b0_ckdg1000_r","AtSpeedVmin","*","",""
"yekpdfp0005a0_ckdg1000_r","AtSpeedVmin","*","",""
"yekpdfp0005b0_ckdg1000_r","AtSpeedVmin","*","",""
"yekpdfp0006a0_ckdg1000_r","AtSpeedVmin","*","",""
"yekpdfp0006b0_ckdg1000_r","AtSpeedVmin","*","",""
"yekpdfp0007a0_ckdg1000_r","AtSpeedVmin","*","",""
"yekpdfp0007b0_ckdg1000_r","AtSpeedVmin","*","",""
"yekpdfp0008a0_ckdg1000_r","AtSpeedVmin","*","",""
"yekpdfp0008b0_ckdg1000_r","AtSpeedVmin","*","",""
"yekpdfp0020a0_ckdg1000_r","AtSpeedVmin","*","",""
"yekpdfp0020b0_ckdg1000_r","AtSpeedVmin","*","",""
"yekpdfp0021a0_ckdg1000_r","AtSpeedVmin","*","",""
"yekpdfp0021b0_ckdg1000_r","AtSpeedVmin","*","",""
"yekpdfp0022a0_ckdg1000_r","AtSpeedVmin","*","",""
"yekpdfp0022b0_ckdg1000_r","AtSpeedVmin","*","",""
"yekpdfp0023a0_ckdg1000_r","AtSpeedVmin","*","",""
"yekpdfp0023b0_ckdg1000_r","AtSpeedVmin","*","",""
"yekpdfp0024a0_ckdg1000_r","AtSpeedVmin","*","",""
"yekpdfp0024b0_ckdg1000_r","AtSpeedVmin","*","",""
"yekpdfp0025a0_ckdg1000_r","AtSpeedVmin","*","",""
"yekpdfp0025b0_ckdg1000_r","AtSpeedVmin","*","",""
"yekpdfp0026a0_ckdg1000_r","AtSpeedVmin","*","",""
"yekpdfp0026b0_ckdg1000_r","AtSpeedVmin","*","",""
"yekpdfp0027a0_ckdg1000_r","AtSpeedVmin","*","",""
"yekpdfp0027b0_ckdg1000_r","AtSpeedVmin","*","",""
"yekpdfp0028a0_ckdg1000_r","AtSpeedVmin","*","",""
"yekpdfp0028b0_ckdg1000_r","AtSpeedVmin","*","",""
"yekpdfp0000a0_ckdg1000_r","AtSpeedVminDDR3L","*","",""
"yekpdfp0000b0_ckdg1000_r","AtSpeedVminDDR3L","*","",""
"yekpdfp0001a0_ckdg1000_r","AtSpeedVminDDR3L","*","",""
"yekpdfp0001b0_ckdg1000_r","AtSpeedVminDDR3L","*","",""
"yekpdfp0002a0_ckdg1000_r","AtSpeedVminDDR3L","*","",""
"yekpdfp0002b0_ckdg1000_r","AtSpeedVminDDR3L","*","",""
"yekpdfp0003a0_ckdg1000_r","AtSpeedVminDDR3L","*","",""
"yekpdfp0003b0_ckdg1000_r","AtSpeedVminDDR3L","*","",""
"yekpdfp0004a0_ckdg1000_r","AtSpeedVminDDR3L","*","",""
"yekpdfp0004b0_ckdg1000_r","AtSpeedVminDDR3L","*","",""
"yekpdfp0005a0_ckdg1000_r","AtSpeedVminDDR3L","*","",""
"yekpdfp0005b0_ckdg1000_r","AtSpeedVminDDR3L","*","",""
"yekpdfp0006a0_ckdg1000_r","AtSpeedVminDDR3L","*","",""
"yekpdfp0006b0_ckdg1000_r","AtSpeedVminDDR3L","*","",""
"yekpdfp0007a0_ckdg1000_r","AtSpeedVminDDR3L","*","",""
"yekpdfp0007b0_ckdg1000_r","AtSpeedVminDDR3L","*","",""
"yekpdfp0008a0_ckdg1000_r","AtSpeedVminDDR3L","*","",""
"yekpdfp0008b0_ckdg1000_r","AtSpeedVminDDR3L","*","",""
"yekpdfp0020a0_ckdg1000_r","AtSpeedVminDDR3L","*","",""
"yekpdfp0020b0_ckdg1000_r","AtSpeedVminDDR3L","*","",""
"yekpdfp0021a0_ckdg1000_r","AtSpeedVminDDR3L","*","",""
"yekpdfp0021b0_ckdg1000_r","AtSpeedVminDDR3L","*","",""
"yekpdfp0022a0_ckdg1000_r","AtSpeedVminDDR3L","*","",""
"yekpdfp0022b0_ckdg1000_r","AtSpeedVminDDR3L","*","",""
"yekpdfp0023a0_ckdg1000_r","AtSpeedVminDDR3L","*","",""
"yekpdfp0023b0_ckdg1000_r","AtSpeedVminDDR3L","*","",""
"yekpdfp0024a0_ckdg1000_r","AtSpeedVminDDR3L","*","",""
"yekpdfp0024b0_ckdg1000_r","AtSpeedVminDDR3L","*","",""
"yekpdfp0025a0_ckdg1000_r","AtSpeedVminDDR3L","*","",""
"yekpdfp0025b0_ckdg1000_r","AtSpeedVminDDR3L","*","",""
"yekpdfp0026a0_ckdg1000_r","AtSpeedVminDDR3L","*","",""
"yekpdfp0026b0_ckdg1000_r","AtSpeedVminDDR3L","*","",""
"yekpdfp0027a0_ckdg1000_r","AtSpeedVminDDR3L","*","",""
"yekpdfp0027b0_ckdg1000_r","AtSpeedVminDDR3L","*","",""
"yekpdfp0028a0_ckdg1000_r","AtSpeedVminDDR3L","*","",""
"yekpdfp0028b0_ckdg1000_r","AtSpeedVminDDR3L","*","",""
"yekpdfp0000a0_ckdg1000_r","AtSpeedVmax","*","",""
"yekpdfp0000b0_ckdg1000_r","AtSpeedVmax","*","",""
"yekpdfp0001a0_ckdg1000_r","AtSpeedVmax","*","",""
"yekpdfp0001b0_ckdg1000_r","AtSpeedVmax","*","",""
"yekpdfp0002a0_ckdg1000_r","AtSpeedVmax","*","",""
"yekpdfp0002b0_ckdg1000_r","AtSpeedVmax","*","",""
"yekpdfp0003a0_ckdg1000_r","AtSpeedVmax","*","",""
"yekpdfp0003b0_ckdg1000_r","AtSpeedVmax","*","",""
"yekpdfp0004a0_ckdg1000_r","AtSpeedVmax","*","",""
"yekpdfp0004b0_ckdg1000_r","AtSpeedVmax","*","",""
"yekpdfp0005a0_ckdg1000_r","AtSpeedVmax","*","",""
"yekpdfp0005b0_ckdg1000_r","AtSpeedVmax","*","",""
"yekpdfp0006a0_ckdg1000_r","AtSpeedVmax","*","",""
"yekpdfp0006b0_ckdg1000_r","AtSpeedVmax","*","",""
"yekpdfp0007a0_ckdg1000_r","AtSpeedVmax","*","",""
"yekpdfp0007b0_ckdg1000_r","AtSpeedVmax","*","",""
"yekpdfp0008a0_ckdg1000_r","AtSpeedVmax","*","",""
"yekpdfp0008b0_ckdg1000_r","AtSpeedVmax","*","",""
"yekpdfp0020a0_ckdg1000_r","AtSpeedVmax","*","",""
"yekpdfp0020b0_ckdg1000_r","AtSpeedVmax","*","",""
"yekpdfp0021a0_ckdg1000_r","AtSpeedVmax","*","",""
"yekpdfp0021b0_ckdg1000_r","AtSpeedVmax","*","",""
"yekpdfp0022a0_ckdg1000_r","AtSpeedVmax","*","",""
"yekpdfp0022b0_ckdg1000_r","AtSpeedVmax","*","",""
"yekpdfp0023a0_ckdg1000_r","AtSpeedVmax","*","",""
"yekpdfp0023b0_ckdg1000_r","AtSpeedVmax","*","",""
"yekpdfp0024a0_ckdg1000_r","AtSpeedVmax","*","",""
"yekpdfp0024b0_ckdg1000_r","AtSpeedVmax","*","",""
"yekpdfp0025a0_ckdg1000_r","AtSpeedVmax","*","",""
"yekpdfp0025b0_ckdg1000_r","AtSpeedVmax","*","",""
"yekpdfp0026a0_ckdg1000_r","AtSpeedVmax","*","",""
"yekpdfp0026b0_ckdg1000_r","AtSpeedVmax","*","",""
"yekpdfp0027a0_ckdg1000_r","AtSpeedVmax","*","",""
"yekpdfp0027b0_ckdg1000_r","AtSpeedVmax","*","",""
"yekpdfp0028a0_ckdg1000_r","AtSpeedVmax","*","",""
"yekpdfp0028b0_ckdg1000_r","AtSpeedVmax","*","",""
"yekpwf9006a0_ckdg1200_r_pNOLOAD","AtSpeedVmin","*","",""
"yekpwf9006a0_ckdg1200_r_pLOAD","AtSpeedVmin","*","",""
"yekpws9006a0_ckdg1200_r_pLOAD","AtSpeedVmin","*","",""
"yekpwp9006a0_ckdg1200_r_pNOLOAD","AtSpeedVmin","*","",""
"yekpwp9006a0_ckdg1200_r_pLOAD","AtSpeedVmin","*","",""
"yekpwm9006a0_ckdg1200_r_pNOLOAD","AtSpeedVmin","*","",""
"yekpwm9006a0_ckdg1200_r_pLOAD","AtSpeedVmin","*","",""
"yekpwx9006a0_ckdg1200_r_pLOAD","AtSpeedVmin","*","",""
"yekpww9006a0_ckdg1200_r_pNOLOAD","AtSpeedVmin","*","",""
"yekpww9006a0_ckdg1200_r_pLOAD","AtSpeedVmin","*","",""
"yekpwt9006a0_ckdg1200_r_pNOLOAD","AtSpeedVmin","*","",""
"yekpwt9006a0_ckdg1200_r_pLOAD","AtSpeedVmin","*","",""
"yekpws9006a0_ckdg1200_r_pNOLOAD","AtSpeedVmin","*","",""
"yekpwx9006a0_ckdg1200_r_pNOLOAD","AtSpeedVmin","*","",""
"yekpwm9106a0_ckdg1200_r_pNOLOAD","AtSpeedVmin","*","",""
"yekpwm9106a0_ckdg1200_r_pLOAD","AtSpeedVmin","*","",""
"yekpwf9006a0_ckdg1200_r_pNOLOAD","AtSpeedVmax","*","",""
"yekpwf9006a0_ckdg1200_r_pLOAD","AtSpeedVmax","*","",""
"yekpws9006a0_ckdg1200_r_pLOAD","AtSpeedVmax","*","",""
"yekpwp9006a0_ckdg1200_r_pNOLOAD","AtSpeedVmax","*","",""
"yekpwp9006a0_ckdg1200_r_pLOAD","AtSpeedVmax","*","",""
"yekpwm9006a0_ckdg1200_r_pNOLOAD","AtSpeedVmax","*","",""
"yekpwm9006a0_ckdg1200_r_pLOAD","AtSpeedVmax","*","",""
"yekpwx9006a0_ckdg1200_r_pLOAD","AtSpeedVmax","*","",""
"yekpww9006a0_ckdg1200_r_pNOLOAD","AtSpeedVmax","*","",""
"yekpww9006a0_ckdg1200_r_pLOAD","AtSpeedVmax","*","",""
"yekpwt9006a0_ckdg1200_r_pNOLOAD","AtSpeedVmax","*","",""
"yekpwt9006a0_ckdg1200_r_pLOAD","AtSpeedVmax","*","",""
"yekpws9006a0_ckdg1200_r_pNOLOAD","AtSpeedVmax","*","",""
"yekpwx9006a0_ckdg1200_r_pNOLOAD","AtSpeedVmax","*","",""
"yekpwm9106a0_ckdg1200_r_pNOLOAD","AtSpeedVmax","*","",""
"yekpwm9106a0_ckdg1200_r_pLOAD","AtSpeedVmax","*","",""
"yekcatf6158a0_ckda1000_r_pLOAD","AtSpeedVmax","*","",""
"yekcatf6158a0_ckda1000_r_pNOLOAD","AtSpeedVmax","*","",""
"yekcatf6158a0_ckda1000_r_pLOAD","AtSpeedVmin","*","",""
"yekcatf6158a0_ckda1000_r_pNOLOAD","AtSpeedVmin","*","",""
"TcC16P06c0P33__KP20_000","AtSpeedVmin","*","",""
"TcC16P06c0P33__KP20_000","AtSpeedVmax","*","",""
"zincatf8002az_ckda1000_r","AtSpeedVmin","*","",""
"yekcatf8003az_ckda1000_r","AtSpeedVmin","*","",""
"zincatf8004az_ckda1000_r","AtSpeedVmin","*","",""
"zincatf8005az_ckda1000_r","AtSpeedVmin","*","",""
