FlakyPatternLabel,FlakyPatternCorner,FlakyInsertion,Suite name,Test name
SaC16P01c0_____LM10_002,VmaxOK,*,,
SaC16P01c0_____LM10_002,VminNSp,*,,
usb3_tx_ref_vreftune0,VmaxOK,*,,
usb3_tx_ref_vreftune4,SRVminOD,*,,
wimcatf3121a0_cmda1000_a,VmaxOK,*,,
wimcatf6158a0_cmda1000_a,VmaxOK,*,,
wimcatf7019az_cmda1000_a,VmaxOK,*,,
wimcatf7021az_cmda1000_a,VmaxOK,*,,
wimcatf7023az_cmda1000_a,VmaxOK,*,,
wimcatf7024az_cmda1000_a,VmaxOK,*,,
wimcatf7025az_cmda1000_a,VmaxOK,*,,
wimcatf7029az_cmda1000_a,VmaxOK,*,,
wimcatf7030az_cmda1000_a,VmaxOK,*,,
wimcatf7031az_cmda1000_a,VmaxOK,*,,
wimcatf7067a0_cmda1000_a,VmaxOK,*,,
wimcatf3121a0_cmda1000_a,SRVminOD,*,,
wimcatf6158a0_cmda1000_a,SRVminOD,*,,
wimcatf7019az_cmda1000_a,SRVminOD,*,,
wimcatf7021az_cmda1000_a,SRVminOD,*,,
wimcatf7023az_cmda1000_a,SRVminOD,*,,
wimcatf7024az_cmda1000_a,SRVminOD,*,,
wimcatf7025az_cmda1000_a,SRVminOD,*,,
wimcatf7029az_cmda1000_a,SRVminOD,*,,
wimcatf7030az_cmda1000_a,SRVminOD,*,,
wimcatf7031az_cmda1000_a,SRVminOD,*,,
wimcatf7067a0_cmda1000_a,SRVminOD,*,,
wenagse6431yz_cmmg0004_r,VmaxOK,*,,
wenagse6432yz_cmmg0004_r,VmaxOK,*,,
wenagse6433yz_cmmg0004_r,VmaxOK,*,,
wenagse6434yz_cmmg0004_r,VmaxOK,*,,
wenagse6435yz_cmmg0004_r,VmaxOK,*,,
wenagse6431yz_cmmg0004_r,SRVminOD,*,,
wenagse6432yz_cmmg0004_r,SRVminOD,*,,
wenagse6433yz_cmmg0004_r,SRVminOD,*,,
wenagse6434yz_cmmg0004_r,SRVminOD,*,,
wenagse6435yz_cmmg0004_r,SRVminOD,*,,
wekpis0101a0_cmda1000_r,VmaxOK,*,,
wekpis0101b0_cmda1000_r,VmaxOK,*,,
wempis1001a0_cmdg1000_r,VmaxOK,*,,
wempis1001b0_cmdg1000_r,VmaxOK,*,,
wempis1001c0_cmdg1000_r,VmaxOK,*,,
wekpis0101a0_cmda1000_r,SRVminOD,*,,
wekpis0101b0_cmda1000_r,SRVminOD,*,,
wempis1001a0_cmdg1000_r,SRVminOD,*,,
wempis1001b0_cmdg1000_r,SRVminOD,*,,
wempis1001c0_cmdg1000_r,SRVminOD,*,,
winpjf0135a0_cmdg1000_r,VmaxOK,*,,
winpjf0136a0_cmdg1000_r,VmaxOK,*,,
winpjf0139a0_cmdg1000_r,VmaxOK,*,,
winpjf0141a0_cmdg1000_r,VmaxOK,*,,
winpjf0142a0_cmdg1000_r,VmaxOK,*,,
winpjf0143a0_cmdg1000_r,VmaxOK,*,,
winpjf0144a0_cmdg1000_r,VmaxOK,*,,
winpjf0145a0_cmdg1000_r,VmaxOK,*,,
winpjf3200a0_cmdg1000_r,VmaxOK,*,,
winpjf3220a0_cmdg1000_r,VmaxOK,*,,
winpjf3221a0_cmdg1000_r,VmaxOK,*,,
winpjf3222a0_cmdg1000_r,VmaxOK,*,,
winpjf4320a0_cmdg1000_r,VmaxOK,*,,
winpjr4000a0_cmdg1000_r,VmaxOK,*,,
winpjr4004a0_cmdg1000_r,VmaxOK,*,,
winpjr4005a0_cmda1000_r,VmaxOK,*,,
winpjr4005a0_cmdg1000_r,VmaxOK,*,,
winpjs0001a0_cmdg1000_r,VmaxOK,*,,
winpjs0200a0_cmdg1000_r,VmaxOK,*,,
winpjs0201a0_cmdg1000_r,VmaxOK,*,,
winpjs0203a0_cmdg1000_r,VmaxOK,*,,
winpjs0204a0_cmdg1000_r,VmaxOK,*,,
winpjs0210a0_cmdg1000_r,VmaxOK,*,,
winpjs0211a0_cmdg1000_r,VmaxOK,*,,
winpjs0212a0_cmdg1000_r,VmaxOK,*,,
winpjs0213a0_cmdg1000_r,VmaxOK,*,,
winpjs0214a0_cmdg1000_r,VmaxOK,*,,
winpjs0300a0_cmda1000_r,VmaxOK,*,,
winpjs0301a0_cmda1000_r,VmaxOK,*,,
winpjs0302a0_cmda1000_r,VmaxOK,*,,
winpjs0303a0_cmda1000_r,VmaxOK,*,,
winpjs0304a0_cmda1000_r,VmaxOK,*,,
winpjs0310a0_cmda1000_r,VmaxOK,*,,
winpjs0311a0_cmda1000_r,VmaxOK,*,,
winpjs0312a0_cmda1000_r,VmaxOK,*,,
winpjs0313a0_cmda1000_r,VmaxOK,*,,
winpjs0314a0_cmda1000_r,VmaxOK,*,,
winpjs4002a0_cmda1000_r,VmaxOK,*,,
winpjs4003a0_cmda1000_r,VmaxOK,*,,
winpjs4004a0_cmda1000_r,VmaxOK,*,,
winpjs4005a0_cmda1000_r,VmaxOK,*,,
winpjs4006a0_cmda1000_r,VmaxOK,*,,
winpjs4012a0_cmda1000_r,VmaxOK,*,,
winpjs4015a0_cmdg1000_r,VmaxOK,*,,
winpjs4016a0_cmdg1000_r,VmaxOK,*,,
winpjs4017a0_cmdg1000_r,VmaxOK,*,,
winpjs4018a0_cmdg1000_r,VmaxOK,*,,
winpjs4019a0_cmdg1000_r,VmaxOK,*,,
winpjs4025a0_cmdg1000_r,VmaxOK,*,,
winpjf0135a0_cmdg1000_r,SRVminOD,*,,
winpjf0136a0_cmdg1000_r,SRVminOD,*,,
winpjf0139a0_cmdg1000_r,SRVminOD,*,,
winpjf0141a0_cmdg1000_r,SRVminOD,*,,
winpjf0142a0_cmdg1000_r,SRVminOD,*,,
winpjf0143a0_cmdg1000_r,SRVminOD,*,,
winpjf0144a0_cmdg1000_r,SRVminOD,*,,
winpjf0145a0_cmdg1000_r,SRVminOD,*,,
winpjf3200a0_cmdg1000_r,SRVminOD,*,,
winpjf3220a0_cmdg1000_r,SRVminOD,*,,
winpjf3221a0_cmdg1000_r,SRVminOD,*,,
winpjf3222a0_cmdg1000_r,SRVminOD,*,,
winpjf4320a0_cmdg1000_r,SRVminOD,*,,
winpjr4000a0_cmdg1000_r,SRVminOD,*,,
winpjr4004a0_cmdg1000_r,SRVminOD,*,,
winpjr4005a0_cmda1000_r,SRVminOD,*,,
winpjr4005a0_cmdg1000_r,SRVminOD,*,,
winpjs0001a0_cmdg1000_r,SRVminOD,*,,
winpjs0200a0_cmdg1000_r,SRVminOD,*,,
winpjs0201a0_cmdg1000_r,SRVminOD,*,,
winpjs0203a0_cmdg1000_r,SRVminOD,*,,
winpjs0204a0_cmdg1000_r,SRVminOD,*,,
winpjs0210a0_cmdg1000_r,SRVminOD,*,,
winpjs0211a0_cmdg1000_r,SRVminOD,*,,
winpjs0212a0_cmdg1000_r,SRVminOD,*,,
winpjs0213a0_cmdg1000_r,SRVminOD,*,,
winpjs0214a0_cmdg1000_r,SRVminOD,*,,
winpjs0300a0_cmda1000_r,SRVminOD,*,,
winpjs0301a0_cmda1000_r,SRVminOD,*,,
winpjs0302a0_cmda1000_r,SRVminOD,*,,
winpjs0303a0_cmda1000_r,SRVminOD,*,,
winpjs0304a0_cmda1000_r,SRVminOD,*,,
winpjs0310a0_cmda1000_r,SRVminOD,*,,
winpjs0311a0_cmda1000_r,SRVminOD,*,,
winpjs0312a0_cmda1000_r,SRVminOD,*,,
winpjs0313a0_cmda1000_r,SRVminOD,*,,
winpjs0314a0_cmda1000_r,SRVminOD,*,,
winpjs4002a0_cmda1000_r,SRVminOD,*,,
winpjs4003a0_cmda1000_r,SRVminOD,*,,
winpjs4004a0_cmda1000_r,SRVminOD,*,,
winpjs4005a0_cmda1000_r,SRVminOD,*,,
winpjs4006a0_cmda1000_r,SRVminOD,*,,
winpjs4012a0_cmda1000_r,SRVminOD,*,,
winpjs4015a0_cmdg1000_r,SRVminOD,*,,
winpjs4016a0_cmdg1000_r,SRVminOD,*,,
winpjs4017a0_cmdg1000_r,SRVminOD,*,,
winpjs4018a0_cmdg1000_r,SRVminOD,*,,
winpjs4019a0_cmdg1000_r,SRVminOD,*,,
winpjs4025a0_cmdg1000_r,SRVminOD,*,,
wimppf2002a0_cmdg1000_r,VmaxOK,*,,
wimppf2002b0_cmdg1000_r,VmaxOK,*,,
wimppf2007a0_cmda1000_r,VmaxOK,*,,
wimppf2007a0_cmdg1000_r,VmaxOK,*,,
wimppf2007b0_cmda1000_r,VmaxOK,*,,
wimppf2007b0_cmdg1000_r,VmaxOK,*,,
wimppm1015a0_cmdg1000_r,VmaxOK,*,,
wimppf2002a0_cmdg1000_r,SRVminOD,*,,
wimppf2002b0_cmdg1000_r,SRVminOD,*,,
wimppf2007a0_cmda1000_r,SRVminOD,*,,
wimppf2007a0_cmdg1000_r,SRVminOD,*,,
wimppf2007b0_cmda1000_r,SRVminOD,*,,
wimppf2007b0_cmdg1000_r,SRVminOD,*,,
wimppm1015a0_cmdg1000_r,SRVminOD,*,,
wimspf0017az_cmdg1000_r,VmaxOK,*,,
wimspf0017az_cmdg1000_r,SRVminOD,*,,
weksam1300a0_cmdg1000_r,VmaxOK,*,,
wemsam2000a0_cmdg1000_r,VmaxOK,*,,
wemsam3000a0_cmdg1000_r,VmaxOK,*,,
weksam1300a0_cmdg1000_r,SRVminOD,*,,
wemsam2000a0_cmdg1000_r,SRVminOD,*,,
wemsam3000a0_cmdg1000_r,SRVminOD,*,,
winats0210a0_cmdg1000_r,VmaxOK,*,,
winats0210a0_cmdg1000_r,SRVminOD,*,,
wekpnr0006a0_cmdg1000_r,VmaxOK,*,,
wekpnr0006a0_cmdg1000_r,SRVminOD,*,,
winpwr1000a0_cmdg1200_r,VmaxOK,*,,
winpwr1001a0_cmdg1200_r,VmaxOK,*,,
winpwr1002a0_cmdg1200_r,VmaxOK,*,,
winpwr1003a0_cmdg1200_r,VmaxOK,*,,
winpwr1020a0_cmdg1200_r,VmaxOK,*,,
winpwr1021a0_cmdg1200_r,VmaxOK,*,,
winpwr1022a0_cmdg1200_r,VmaxOK,*,,
winpwr1023a0_cmdg1200_r,VmaxOK,*,,
winpwr1000a0_cmdg1200_r,SRVminOD,*,,
winpwr1001a0_cmdg1200_r,SRVminOD,*,,
winpwr1002a0_cmdg1200_r,SRVminOD,*,,
winpwr1003a0_cmdg1200_r,SRVminOD,*,,
winpwr1020a0_cmdg1200_r,SRVminOD,*,,
winpwr1021a0_cmdg1200_r,SRVminOD,*,,
winpwr1022a0_cmdg1200_r,SRVminOD,*,,
winpwr1023a0_cmdg1200_r,SRVminOD,*,,
